{"label":"Discrimination Complaint","status":"draft","count_stat_view":"0","count_stat_save":"0","count_stat_submit":"0","count_submit":0,"count_submit_unread":"0","id":"516","groups":[{"label":"Tab","sort_index":"1","id":"1007","sections":[{"label":"Complainant","child_count":"0","sort_index":"1","id":"1982","meta":{"label_render":"on","hidden_section":"","section_repeatable":"","section_repeat_label":"","section_repeat_default":"","class_single_vertical_align":"","class_section_wrapper":"","disabled_section":"","section_repeat_min":"","section_repeat_max":"","section_repeatable_delimiter_section":",","section_repeatable_delimiter_row":";","breakpoint_sizes":"","breakpoint_size_75":"6"},"fields":[{"label":"First Name","type":"text","date_updated":"2021-01-27 16:12:49","sort_index":"1","id":"10669","meta":{"label_render":"on","required":"on","hidden":"","default_value":"","placeholder":"","help":"","autocomplete":"","prepend":"","append":"","aria_label":"","exclude_email":"","wc_exclude_cart":"","hidden_bypass":"","label_position":"default","label_column_width":"default","class_single_vertical_align":"","class_field_wrapper":"","class_field":"","disabled":"","readonly":"","min_length":"","max_length":"","min_length_words":"","max_length_words":"","input_mask":"","pattern":"","field_user_status":"","field_user_roles":[],"field_user_capabilities":[],"dedupe":"","dedupe_period":"","dedupe_message":"","invalid_feedback_render":"on","invalid_feedback":"","custom_attributes":[],"data_grid_datalist":{"rows_per_page":10,"group_index":0,"default":[],"columns":[{"id":0,"label":"Value"},{"id":1,"label":"Label"}],"groups":[{"label":"Values","page":0,"disabled":"","mask_group":"","rows":[]}]},"datalist_field_text":"1","datalist_field_value":"0","breakpoint_size_25":"6","breakpoint_sizes":"","data_source_id":"","wsf-data-grid-auto-group":"0"}},{"label":"Last Name","type":"text","date_updated":"2021-01-27 16:12:49","sort_index":"2","id":"10670","meta":{"label_render":"on","required":"on","hidden":"","default_value":"","placeholder":"","help":"","autocomplete":"","prepend":"","append":"","aria_label":"","exclude_email":"","wc_exclude_cart":"","hidden_bypass":"","label_position":"default","label_column_width":"default","class_single_vertical_align":"","class_field_wrapper":"","class_field":"","disabled":"","readonly":"","min_length":"","max_length":"","min_length_words":"","max_length_words":"","input_mask":"","pattern":"","field_user_status":"","field_user_roles":[],"field_user_capabilities":[],"dedupe":"","dedupe_period":"","dedupe_message":"","invalid_feedback_render":"on","invalid_feedback":"","custom_attributes":[],"data_grid_datalist":{"rows_per_page":10,"group_index":0,"default":[],"columns":[{"id":0,"label":"Value"},{"id":1,"label":"Label"}],"groups":[{"label":"Values","page":0,"disabled":"","mask_group":"","rows":[]}]},"datalist_field_text":"1","datalist_field_value":"0","breakpoint_size_25":"6","breakpoint_sizes":"","data_source_id":"","wsf-data-grid-auto-group":"0"}},{"label":"Phone","type":"tel","date_updated":"2021-01-27 16:12:49","sort_index":"3","id":"10676","meta":{"label_render":"on","required":"on","hidden":"","default_value":"","placeholder":"","help":"","autocomplete":"","prepend":"","append":"","aria_label":"","exclude_email":"","wc_exclude_cart":"","hidden_bypass":"","label_position":"default","label_column_width":"default","class_single_vertical_align":"","class_field_wrapper":"","class_field":"","disabled":"","readonly":"","min_length":"","max_length":"","input_mask":"","pattern_tel":"","field_user_status":"","field_user_roles":[],"field_user_capabilities":[],"dedupe":"","dedupe_period":"","dedupe_message":"","invalid_feedback_render":"on","invalid_feedback":"","custom_attributes":[],"data_grid_datalist":{"rows_per_page":10,"group_index":0,"default":[],"columns":[{"id":0,"label":"Value"},{"id":1,"label":"Label"}],"groups":[{"label":"Values","page":0,"disabled":"","mask_group":"","rows":[]}]},"datalist_field_text":"1","datalist_field_value":"0","breakpoint_sizes":"","data_source_id":"","wsf-data-grid-auto-group":"0"}},{"label":"Address Line 1","type":"text","date_updated":"2021-01-27 16:12:49","sort_index":"4","id":"10671","meta":{"label_render":"on","required":"on","hidden":"","default_value":"","placeholder":"","help":"","autocomplete":"","prepend":"","append":"","aria_label":"","exclude_email":"","wc_exclude_cart":"","hidden_bypass":"","label_position":"default","label_column_width":"default","class_single_vertical_align":"","class_field_wrapper":"","class_field":"","disabled":"","readonly":"","min_length":"","max_length":"","min_length_words":"","max_length_words":"","input_mask":"","pattern":"","field_user_status":"","field_user_roles":[],"field_user_capabilities":[],"dedupe":"","dedupe_period":"","dedupe_message":"","invalid_feedback_render":"on","invalid_feedback":"","custom_attributes":[],"data_grid_datalist":{"rows_per_page":10,"group_index":0,"default":[],"columns":[{"id":0,"label":"Value"},{"id":1,"label":"Label"}],"groups":[{"label":"Values","page":0,"disabled":"","mask_group":"","rows":[]}]},"datalist_field_text":"1","datalist_field_value":"0","breakpoint_sizes":"","data_source_id":"","wsf-data-grid-auto-group":"0","breakpoint_size_50":"6"}},{"label":"Address Line 1","type":"text","date_updated":"2021-01-27 16:12:49","sort_index":"5","id":"10672","meta":{"label_render":"on","required":"","hidden":"","default_value":"","placeholder":"","help":"","autocomplete":"","prepend":"","append":"","aria_label":"","exclude_email":"","wc_exclude_cart":"","hidden_bypass":"","label_position":"default","label_column_width":"default","class_single_vertical_align":"","class_field_wrapper":"","class_field":"","disabled":"","readonly":"","min_length":"","max_length":"","min_length_words":"","max_length_words":"","input_mask":"","pattern":"","field_user_status":"","field_user_roles":"","field_user_capabilities":"","dedupe":"","dedupe_period":"","dedupe_message":"","invalid_feedback_render":"on","invalid_feedback":"","custom_attributes":"","data_grid_datalist":{"rows_per_page":10,"group_index":0,"default":[],"columns":[{"id":0,"label":"Value"},{"id":1,"label":"Label"}],"groups":[{"label":"Values","page":0,"disabled":"","mask_group":"","rows":[]}]},"datalist_field_text":"1","datalist_field_value":"0","breakpoint_size_50":"6"}},{"label":"City","type":"text","date_updated":"2021-01-27 16:12:49","sort_index":"6","id":"10673","meta":{"label_render":"on","required":"on","hidden":"","default_value":"","placeholder":"","help":"","autocomplete":"","prepend":"","append":"","aria_label":"","exclude_email":"","wc_exclude_cart":"","hidden_bypass":"","label_position":"default","label_column_width":"default","class_single_vertical_align":"","class_field_wrapper":"","class_field":"","disabled":"","readonly":"","min_length":"","max_length":"","min_length_words":"","max_length_words":"","input_mask":"","pattern":"","field_user_status":"","field_user_roles":[],"field_user_capabilities":[],"dedupe":"","dedupe_period":"","dedupe_message":"","invalid_feedback_render":"on","invalid_feedback":"","custom_attributes":[],"data_grid_datalist":{"rows_per_page":10,"group_index":0,"default":[],"columns":[{"id":0,"label":"Value"},{"id":1,"label":"Label"}],"groups":[{"label":"Values","page":0,"disabled":"","mask_group":"","rows":[]}]},"datalist_field_text":"1","datalist_field_value":"0","breakpoint_sizes":"","data_source_id":"","wsf-data-grid-auto-group":"0","breakpoint_size_50":"4"}},{"label":"State","type":"select","date_updated":"2021-01-27 16:12:49","sort_index":"7","id":"10674","meta":{"label_render":"on","required":"","hidden":"","multiple":"","size":"","placeholder_row":"Select...","help":"","autocomplete":"","select2_intro":"","select2":"","select2_ajax":"","prepend":"","append":"","aria_label":"","exclude_email":"","wc_exclude_cart":"","hidden_bypass":"","label_position":"default","label_column_width":"default","class_single_vertical_align":"","class_field_wrapper":"","class_field":"","disabled":"","select_min":"","select_max":"","field_user_status":"","field_user_roles":[],"field_user_capabilities":[],"dedupe_value_scope":"","invalid_feedback_render":"on","invalid_feedback":"","custom_attributes":[],"data_grid_select":{"rows_per_page":10,"group_index":0,"default":[],"columns":[{"id":0,"label":"State"},{"id":1,"label":"Abbreviation"}],"groups":[{"label":"States (US)","page":0,"disabled":"","mask_group":"","rows":[{"id":1,"default":"","disabled":"","required":"","hidden":"","data":["Alabama","AL"]},{"id":2,"default":"","disabled":"","required":"","hidden":"","data":["Alaska","AK"]},{"id":3,"default":"","disabled":"","required":"","hidden":"","data":["Arizona","AZ"]},{"id":4,"default":"","disabled":"","required":"","hidden":"","data":["Arkansas","AR"]},{"id":5,"default":"","disabled":"","required":"","hidden":"","data":["California","CA"]},{"id":6,"default":"","disabled":"","required":"","hidden":"","data":["Colorado","CO"]},{"id":7,"default":"","disabled":"","required":"","hidden":"","data":["Connecticut","CT"]},{"id":8,"default":"","disabled":"","required":"","hidden":"","data":["Delaware","DE"]},{"id":9,"default":"","disabled":"","required":"","hidden":"","data":["District of Columbia","DC"]},{"id":10,"default":"","disabled":"","required":"","hidden":"","data":["Florida","FL"]},{"id":11,"default":"","disabled":"","required":"","hidden":"","data":["Georgia","GA"]},{"id":12,"default":"","disabled":"","required":"","hidden":"","data":["Hawaii","HI"]},{"id":13,"default":"","disabled":"","required":"","hidden":"","data":["Idaho","ID"]},{"id":14,"default":"","disabled":"","required":"","hidden":"","data":["Illinois","IL"]},{"id":15,"default":"","disabled":"","required":"","hidden":"","data":["Indiana","IN"]},{"id":16,"default":"","disabled":"","required":"","hidden":"","data":["Iowa","IA"]},{"id":17,"default":"","disabled":"","required":"","hidden":"","data":["Kansas","KS"]},{"id":18,"default":"","disabled":"","required":"","hidden":"","data":["Kentucky","KY"]},{"id":19,"default":"","disabled":"","required":"","hidden":"","data":["Louisiana","LA"]},{"id":20,"default":"","disabled":"","required":"","hidden":"","data":["Maine","ME"]},{"id":21,"default":"","disabled":"","required":"","hidden":"","data":["Maryland","MD"]},{"id":22,"default":"","disabled":"","required":"","hidden":"","data":["Massachusetts","MA"]},{"id":23,"default":"","disabled":"","required":"","hidden":"","data":["Michigan","MI"]},{"id":24,"default":"","disabled":"","required":"","hidden":"","data":["Minnesota","MN"]},{"id":25,"default":"","disabled":"","required":"","hidden":"","data":["Mississippi","MS"]},{"id":26,"default":"","disabled":"","required":"","hidden":"","data":["Missouri","MO"]},{"id":27,"default":"","disabled":"","required":"","hidden":"","data":["Montana","MT"]},{"id":28,"default":"","disabled":"","required":"","hidden":"","data":["Nebraska","NE"]},{"id":29,"default":"","disabled":"","required":"","hidden":"","data":["Nevada","NV"]},{"id":30,"default":"","disabled":"","required":"","hidden":"","data":["New Hampshire","NH"]},{"id":31,"default":"","disabled":"","required":"","hidden":"","data":["New Jersey","NJ"]},{"id":32,"default":"","disabled":"","required":"","hidden":"","data":["New Mexico","NM"]},{"id":33,"default":"","disabled":"","required":"","hidden":"","data":["New York","NY"]},{"id":34,"default":"","disabled":"","required":"","hidden":"","data":["North Carolina","NC"]},{"id":35,"default":"","disabled":"","required":"","hidden":"","data":["North Dakota","ND"]},{"id":36,"default":"","disabled":"","required":"","hidden":"","data":["Ohio","OH"]},{"id":37,"default":"","disabled":"","required":"","hidden":"","data":["Oklahoma","OK"]},{"id":38,"default":"","disabled":"","required":"","hidden":"","data":["Oregon","OR"]},{"id":39,"default":"","disabled":"","required":"","hidden":"","data":["Pennsylvania","PA"]},{"id":40,"default":"","disabled":"","required":"","hidden":"","data":["Rhode Island","RI"]},{"id":41,"default":"","disabled":"","required":"","hidden":"","data":["South Carolina","SC"]},{"id":42,"default":"","disabled":"","required":"","hidden":"","data":["South Dakota","SD"]},{"id":43,"default":"","disabled":"","required":"","hidden":"","data":["Tennessee","TN"]},{"id":44,"default":"","disabled":"","required":"","hidden":"","data":["Texas","TX"]},{"id":45,"default":"","disabled":"","required":"","hidden":"","data":["Utah","UT"]},{"id":46,"default":"","disabled":"","required":"","hidden":"","data":["Vermont","VT"]},{"id":47,"default":"","disabled":"","required":"","hidden":"","data":["Virginia","VA"]},{"id":48,"default":"","disabled":"","required":"","hidden":"","data":["Washington","WA"]},{"id":49,"default":"","disabled":"","required":"","hidden":"","data":["West Virginia","WV"]},{"id":50,"default":"","disabled":"","required":"","hidden":"","data":["Wisconsin","WI"]},{"id":51,"default":"","disabled":"","required":"","hidden":"","data":["Wyoming","WY"]}]}]},"data_grid_rows_randomize":"","select_field_label":"0","select_field_value":"1","select_field_parse_variable":"1","select_field_wc":"0","select_cascade":"","select_cascade_field_filter":"0","select_cascade_field_id":"","select_cascade_no_match":"","select_cascade_option_text_no_rows":"","select_cascade_ajax":"","select_cascade_ajax_option_text_loading":"","breakpoint_size_25":"8","breakpoint_sizes":"","data_source_id":"","wsf-data-grid-auto-group":"0","data_source_preset_preset_id":"10615","data_source_preset_get":"","data_source_get":"","breakpoint_size_50":"4"}},{"label":"Postal Code","type":"text","date_updated":"2021-01-27 16:12:49","sort_index":"8","id":"10675","meta":{"label_render":"on","required":"on","hidden":"","default_value":"","placeholder":"","help":"","autocomplete":"","prepend":"","append":"","aria_label":"","exclude_email":"","wc_exclude_cart":"","hidden_bypass":"","label_position":"default","label_column_width":"default","class_single_vertical_align":"","class_field_wrapper":"","class_field":"","disabled":"","readonly":"","min_length":"","max_length":"","min_length_words":"","max_length_words":"","input_mask":"","pattern":"","field_user_status":"","field_user_roles":[],"field_user_capabilities":[],"dedupe":"","dedupe_period":"","dedupe_message":"","invalid_feedback_render":"on","invalid_feedback":"","custom_attributes":[],"data_grid_datalist":{"rows_per_page":10,"group_index":0,"default":[],"columns":[{"id":0,"label":"Value"},{"id":1,"label":"Label"}],"groups":[{"label":"Values","page":0,"disabled":"","mask_group":"","rows":[]}]},"datalist_field_text":"1","datalist_field_value":"0","breakpoint_size_25":"4","breakpoint_sizes":"","data_source_id":"","wsf-data-grid-auto-group":"0"}}]},{"label":"Person Discriminated (if other than complainant)","child_count":"0","sort_index":"2","id":"1985","meta":{"label_render":"on","hidden_section":"","section_repeatable":"","section_repeat_label":"","section_repeat_default":"","class_single_vertical_align":"","class_section_wrapper":"","disabled_section":"","section_repeat_min":"","section_repeat_max":"","section_repeatable_delimiter_section":",","section_repeatable_delimiter_row":";","breakpoint_sizes":"","breakpoint_size_75":"6"},"fields":[{"label":"First Name","type":"text","date_updated":"2021-01-27 16:12:49","sort_index":"1","id":"10677","meta":{"label_render":"on","required":"on","hidden":"","default_value":"","placeholder":"","help":"","autocomplete":"","prepend":"","append":"","aria_label":"","exclude_email":"","wc_exclude_cart":"","hidden_bypass":"","label_position":"default","label_column_width":"default","class_single_vertical_align":"","class_field_wrapper":"","class_field":"","disabled":"","readonly":"","min_length":"","max_length":"","min_length_words":"","max_length_words":"","input_mask":"","pattern":"","field_user_status":"","field_user_roles":[],"field_user_capabilities":[],"dedupe":"","dedupe_period":"","dedupe_message":"","invalid_feedback_render":"on","invalid_feedback":"","custom_attributes":[],"data_grid_datalist":{"rows_per_page":10,"group_index":0,"default":[],"columns":[{"id":0,"label":"Value"},{"id":1,"label":"Label"}],"groups":[{"label":"Values","page":0,"disabled":"","mask_group":"","rows":[]}]},"datalist_field_text":"1","datalist_field_value":"0","breakpoint_size_25":"6","breakpoint_sizes":"","data_source_id":"","wsf-data-grid-auto-group":"0"}},{"label":"Last Name","type":"text","date_updated":"2021-01-27 16:12:49","sort_index":"2","id":"10678","meta":{"label_render":"on","required":"on","hidden":"","default_value":"","placeholder":"","help":"","autocomplete":"","prepend":"","append":"","aria_label":"","exclude_email":"","wc_exclude_cart":"","hidden_bypass":"","label_position":"default","label_column_width":"default","class_single_vertical_align":"","class_field_wrapper":"","class_field":"","disabled":"","readonly":"","min_length":"","max_length":"","min_length_words":"","max_length_words":"","input_mask":"","pattern":"","field_user_status":"","field_user_roles":[],"field_user_capabilities":[],"dedupe":"","dedupe_period":"","dedupe_message":"","invalid_feedback_render":"on","invalid_feedback":"","custom_attributes":[],"data_grid_datalist":{"rows_per_page":10,"group_index":0,"default":[],"columns":[{"id":0,"label":"Value"},{"id":1,"label":"Label"}],"groups":[{"label":"Values","page":0,"disabled":"","mask_group":"","rows":[]}]},"datalist_field_text":"1","datalist_field_value":"0","breakpoint_size_25":"6","breakpoint_sizes":"","data_source_id":"","wsf-data-grid-auto-group":"0"}},{"label":"Phone","type":"tel","date_updated":"2021-01-27 16:12:49","sort_index":"3","id":"10679","meta":{"label_render":"on","required":"on","hidden":"","default_value":"","placeholder":"","help":"","autocomplete":"","prepend":"","append":"","aria_label":"","exclude_email":"","wc_exclude_cart":"","hidden_bypass":"","label_position":"default","label_column_width":"default","class_single_vertical_align":"","class_field_wrapper":"","class_field":"","disabled":"","readonly":"","min_length":"","max_length":"","input_mask":"","pattern_tel":"","field_user_status":"","field_user_roles":[],"field_user_capabilities":[],"dedupe":"","dedupe_period":"","dedupe_message":"","invalid_feedback_render":"on","invalid_feedback":"","custom_attributes":[],"data_grid_datalist":{"rows_per_page":10,"group_index":0,"default":[],"columns":[{"id":0,"label":"Value"},{"id":1,"label":"Label"}],"groups":[{"label":"Values","page":0,"disabled":"","mask_group":"","rows":[]}]},"datalist_field_text":"1","datalist_field_value":"0","breakpoint_sizes":"","data_source_id":"","wsf-data-grid-auto-group":"0"}},{"label":"Address Line 1","type":"text","date_updated":"2021-01-27 16:12:50","sort_index":"4","id":"10681","meta":{"label_render":"on","required":"","hidden":"","default_value":"","placeholder":"","help":"","autocomplete":"","prepend":"","append":"","aria_label":"","exclude_email":"","wc_exclude_cart":"","hidden_bypass":"","label_position":"default","label_column_width":"default","class_single_vertical_align":"","class_field_wrapper":"","class_field":"","disabled":"","readonly":"","min_length":"","max_length":"","min_length_words":"","max_length_words":"","input_mask":"","pattern":"","field_user_status":"","field_user_roles":"","field_user_capabilities":"","dedupe":"","dedupe_period":"","dedupe_message":"","invalid_feedback_render":"on","invalid_feedback":"","custom_attributes":"","data_grid_datalist":{"rows_per_page":10,"group_index":0,"default":[],"columns":[{"id":0,"label":"Value"},{"id":1,"label":"Label"}],"groups":[{"label":"Values","page":0,"disabled":"","mask_group":"","rows":[]}]},"datalist_field_text":"1","datalist_field_value":"0","breakpoint_size_50":"6"}},{"label":"Address Line 1","type":"text","date_updated":"2021-01-27 16:12:50","sort_index":"5","id":"10680","meta":{"label_render":"on","required":"on","hidden":"","default_value":"","placeholder":"","help":"","autocomplete":"","prepend":"","append":"","aria_label":"","exclude_email":"","wc_exclude_cart":"","hidden_bypass":"","label_position":"default","label_column_width":"default","class_single_vertical_align":"","class_field_wrapper":"","class_field":"","disabled":"","readonly":"","min_length":"","max_length":"","min_length_words":"","max_length_words":"","input_mask":"","pattern":"","field_user_status":"","field_user_roles":[],"field_user_capabilities":[],"dedupe":"","dedupe_period":"","dedupe_message":"","invalid_feedback_render":"on","invalid_feedback":"","custom_attributes":[],"data_grid_datalist":{"rows_per_page":10,"group_index":0,"default":[],"columns":[{"id":0,"label":"Value"},{"id":1,"label":"Label"}],"groups":[{"label":"Values","page":0,"disabled":"","mask_group":"","rows":[]}]},"datalist_field_text":"1","datalist_field_value":"0","breakpoint_sizes":"","data_source_id":"","wsf-data-grid-auto-group":"0","breakpoint_size_50":"6"}},{"label":"City","type":"text","date_updated":"2021-01-27 16:12:50","sort_index":"6","id":"10682","meta":{"label_render":"on","required":"on","hidden":"","default_value":"","placeholder":"","help":"","autocomplete":"","prepend":"","append":"","aria_label":"","exclude_email":"","wc_exclude_cart":"","hidden_bypass":"","label_position":"default","label_column_width":"default","class_single_vertical_align":"","class_field_wrapper":"","class_field":"","disabled":"","readonly":"","min_length":"","max_length":"","min_length_words":"","max_length_words":"","input_mask":"","pattern":"","field_user_status":"","field_user_roles":[],"field_user_capabilities":[],"dedupe":"","dedupe_period":"","dedupe_message":"","invalid_feedback_render":"on","invalid_feedback":"","custom_attributes":[],"data_grid_datalist":{"rows_per_page":10,"group_index":0,"default":[],"columns":[{"id":0,"label":"Value"},{"id":1,"label":"Label"}],"groups":[{"label":"Values","page":0,"disabled":"","mask_group":"","rows":[]}]},"datalist_field_text":"1","datalist_field_value":"0","breakpoint_sizes":"","data_source_id":"","wsf-data-grid-auto-group":"0","breakpoint_size_50":"4"}},{"label":"State","type":"select","date_updated":"2021-01-27 16:12:50","sort_index":"7","id":"10683","meta":{"label_render":"on","required":"","hidden":"","multiple":"","size":"","placeholder_row":"Select...","help":"","autocomplete":"","select2_intro":"","select2":"","select2_ajax":"","prepend":"","append":"","aria_label":"","exclude_email":"","wc_exclude_cart":"","hidden_bypass":"","label_position":"default","label_column_width":"default","class_single_vertical_align":"","class_field_wrapper":"","class_field":"","disabled":"","select_min":"","select_max":"","field_user_status":"","field_user_roles":[],"field_user_capabilities":[],"dedupe_value_scope":"","invalid_feedback_render":"on","invalid_feedback":"","custom_attributes":[],"data_grid_select":{"rows_per_page":10,"group_index":0,"default":[],"columns":[{"id":0,"label":"State"},{"id":1,"label":"Abbreviation"}],"groups":[{"label":"States (US)","page":0,"disabled":"","mask_group":"","rows":[{"id":1,"default":"","disabled":"","required":"","hidden":"","data":["Alabama","AL"]},{"id":2,"default":"","disabled":"","required":"","hidden":"","data":["Alaska","AK"]},{"id":3,"default":"","disabled":"","required":"","hidden":"","data":["Arizona","AZ"]},{"id":4,"default":"","disabled":"","required":"","hidden":"","data":["Arkansas","AR"]},{"id":5,"default":"","disabled":"","required":"","hidden":"","data":["California","CA"]},{"id":6,"default":"","disabled":"","required":"","hidden":"","data":["Colorado","CO"]},{"id":7,"default":"","disabled":"","required":"","hidden":"","data":["Connecticut","CT"]},{"id":8,"default":"","disabled":"","required":"","hidden":"","data":["Delaware","DE"]},{"id":9,"default":"","disabled":"","required":"","hidden":"","data":["District of Columbia","DC"]},{"id":10,"default":"","disabled":"","required":"","hidden":"","data":["Florida","FL"]},{"id":11,"default":"","disabled":"","required":"","hidden":"","data":["Georgia","GA"]},{"id":12,"default":"","disabled":"","required":"","hidden":"","data":["Hawaii","HI"]},{"id":13,"default":"","disabled":"","required":"","hidden":"","data":["Idaho","ID"]},{"id":14,"default":"","disabled":"","required":"","hidden":"","data":["Illinois","IL"]},{"id":15,"default":"","disabled":"","required":"","hidden":"","data":["Indiana","IN"]},{"id":16,"default":"","disabled":"","required":"","hidden":"","data":["Iowa","IA"]},{"id":17,"default":"","disabled":"","required":"","hidden":"","data":["Kansas","KS"]},{"id":18,"default":"","disabled":"","required":"","hidden":"","data":["Kentucky","KY"]},{"id":19,"default":"","disabled":"","required":"","hidden":"","data":["Louisiana","LA"]},{"id":20,"default":"","disabled":"","required":"","hidden":"","data":["Maine","ME"]},{"id":21,"default":"","disabled":"","required":"","hidden":"","data":["Maryland","MD"]},{"id":22,"default":"","disabled":"","required":"","hidden":"","data":["Massachusetts","MA"]},{"id":23,"default":"","disabled":"","required":"","hidden":"","data":["Michigan","MI"]},{"id":24,"default":"","disabled":"","required":"","hidden":"","data":["Minnesota","MN"]},{"id":25,"default":"","disabled":"","required":"","hidden":"","data":["Mississippi","MS"]},{"id":26,"default":"","disabled":"","required":"","hidden":"","data":["Missouri","MO"]},{"id":27,"default":"","disabled":"","required":"","hidden":"","data":["Montana","MT"]},{"id":28,"default":"","disabled":"","required":"","hidden":"","data":["Nebraska","NE"]},{"id":29,"default":"","disabled":"","required":"","hidden":"","data":["Nevada","NV"]},{"id":30,"default":"","disabled":"","required":"","hidden":"","data":["New Hampshire","NH"]},{"id":31,"default":"","disabled":"","required":"","hidden":"","data":["New Jersey","NJ"]},{"id":32,"default":"","disabled":"","required":"","hidden":"","data":["New Mexico","NM"]},{"id":33,"default":"","disabled":"","required":"","hidden":"","data":["New York","NY"]},{"id":34,"default":"","disabled":"","required":"","hidden":"","data":["North Carolina","NC"]},{"id":35,"default":"","disabled":"","required":"","hidden":"","data":["North Dakota","ND"]},{"id":36,"default":"","disabled":"","required":"","hidden":"","data":["Ohio","OH"]},{"id":37,"default":"","disabled":"","required":"","hidden":"","data":["Oklahoma","OK"]},{"id":38,"default":"","disabled":"","required":"","hidden":"","data":["Oregon","OR"]},{"id":39,"default":"","disabled":"","required":"","hidden":"","data":["Pennsylvania","PA"]},{"id":40,"default":"","disabled":"","required":"","hidden":"","data":["Rhode Island","RI"]},{"id":41,"default":"","disabled":"","required":"","hidden":"","data":["South Carolina","SC"]},{"id":42,"default":"","disabled":"","required":"","hidden":"","data":["South Dakota","SD"]},{"id":43,"default":"","disabled":"","required":"","hidden":"","data":["Tennessee","TN"]},{"id":44,"default":"","disabled":"","required":"","hidden":"","data":["Texas","TX"]},{"id":45,"default":"","disabled":"","required":"","hidden":"","data":["Utah","UT"]},{"id":46,"default":"","disabled":"","required":"","hidden":"","data":["Vermont","VT"]},{"id":47,"default":"","disabled":"","required":"","hidden":"","data":["Virginia","VA"]},{"id":48,"default":"","disabled":"","required":"","hidden":"","data":["Washington","WA"]},{"id":49,"default":"","disabled":"","required":"","hidden":"","data":["West Virginia","WV"]},{"id":50,"default":"","disabled":"","required":"","hidden":"","data":["Wisconsin","WI"]},{"id":51,"default":"","disabled":"","required":"","hidden":"","data":["Wyoming","WY"]}]}]},"data_grid_rows_randomize":"","select_field_label":"0","select_field_value":"1","select_field_parse_variable":"1","select_field_wc":"0","select_cascade":"","select_cascade_field_filter":"0","select_cascade_field_id":"","select_cascade_no_match":"","select_cascade_option_text_no_rows":"","select_cascade_ajax":"","select_cascade_ajax_option_text_loading":"","breakpoint_size_25":"8","breakpoint_sizes":"","data_source_id":"","wsf-data-grid-auto-group":"0","data_source_preset_preset_id":"10615","data_source_preset_get":"","data_source_get":"","breakpoint_size_50":"4"}},{"label":"Postal Code","type":"text","date_updated":"2021-01-27 16:12:50","sort_index":"8","id":"10684","meta":{"label_render":"on","required":"on","hidden":"","default_value":"","placeholder":"","help":"","autocomplete":"","prepend":"","append":"","aria_label":"","exclude_email":"","wc_exclude_cart":"","hidden_bypass":"","label_position":"default","label_column_width":"default","class_single_vertical_align":"","class_field_wrapper":"","class_field":"","disabled":"","readonly":"","min_length":"","max_length":"","min_length_words":"","max_length_words":"","input_mask":"","pattern":"","field_user_status":"","field_user_roles":[],"field_user_capabilities":[],"dedupe":"","dedupe_period":"","dedupe_message":"","invalid_feedback_render":"on","invalid_feedback":"","custom_attributes":[],"data_grid_datalist":{"rows_per_page":10,"group_index":0,"default":[],"columns":[{"id":0,"label":"Value"},{"id":1,"label":"Label"}],"groups":[{"label":"Values","page":0,"disabled":"","mask_group":"","rows":[]}]},"datalist_field_text":"1","datalist_field_value":"0","breakpoint_size_25":"4","breakpoint_sizes":"","data_source_id":"","wsf-data-grid-auto-group":"0"}}]},{"label":"Section","child_count":"0","sort_index":"3","id":"1986","meta":{"label_render":"","hidden_section":"","section_repeatable":"","section_repeat_label":"","section_repeat_default":"","class_single_vertical_align":"","class_section_wrapper":"","disabled_section":"","section_repeat_min":"","section_repeat_max":"","section_repeatable_delimiter_section":",","section_repeatable_delimiter_row":";","breakpoint_size_25":"","breakpoint_size_50":"","breakpoint_size_75":"","breakpoint_size_100":"","breakpoint_size_150":""},"fields":[{"label":"Divider","type":"divider","date_updated":"2021-01-27 16:12:50","sort_index":"1","id":"10685","meta":{"hidden":"","exclude_email":"on","wc_exclude_cart":"on","class_single_vertical_align":"","class_field_wrapper":"","class_field":"","field_user_status":"","field_user_roles":"","field_user_capabilities":""}},{"label":"What is the discrimination based on?","type":"checkbox","date_updated":"2021-01-27 16:12:50","sort_index":"2","id":"10686","meta":{"label_render":"on","hidden":"","select_all":"","select_all_label":"","help":"","orientation":"","aria_label":"","exclude_email":"","wc_exclude_cart":"","hidden_bypass":"","label_position":"default","label_column_width":"default","class_single_vertical_align":"","class_field_wrapper":"","class_field":"","checkbox_min":"1","checkbox_max":"","field_user_status":"","field_user_roles":[],"field_user_capabilities":[],"dedupe_value_scope":"","invalid_feedback_render":"on","invalid_feedback":"Please provide at least 1 answer.","data_grid_checkbox":{"rows_per_page":10,"group_index":0,"default":[],"columns":[{"id":0,"label":"Label"}],"groups":[{"label":"Checkboxes","page":0,"disabled":"","mask_group":"","label_render":"on","rows":[{"id":1,"default":"","required":"","disabled":"","hidden":"","data":["Race\/Color"]},{"id":2,"default":"","required":"","disabled":"","hidden":"","data":["National Origin"]},{"id":3,"default":"","required":"","disabled":"","hidden":"","data":["Sex"]},{"id":4,"default":"","disabled":"","required":"","hidden":"","data":["Disability"]},{"id":5,"default":"","disabled":"","required":"","hidden":"","data":["Income Status"]},{"id":6,"default":"","disabled":"","required":"","hidden":"","data":["Limited English Proficiency"]},{"id":7,"default":"","disabled":"","required":"","hidden":"","data":["Age"]},{"id":8,"default":"","disabled":"","required":"","hidden":"","data":["Religion"]}]}]},"data_grid_rows_randomize":"","checkbox_field_label":"0","checkbox_field_value":"0","checkbox_field_parse_variable":"0","checkbox_field_wc":"0","checkbox_cascade":"","checkbox_cascade_field_filter":"0","checkbox_cascade_field_id":"","checkbox_cascade_no_match":"","orientation_breakpoint_sizes":"","breakpoint_sizes":"","data_source_id":"","wsf-data-grid-auto-group":"0"}},{"label":"Date of Alleged Discrimination","type":"datetime","date_updated":"2021-01-27 16:12:50","sort_index":"3","id":"10687","meta":{"label_render":"on","required":"on","hidden":"","inline":"","input_type_datetime":"date","format_date":"","format_time":"","default_value":"","help":"","autocomplete":"off","prepend":"","append":"","aria_label":"","exclude_email":"","wc_exclude_cart":"","hidden_bypass":"","label_position":"default","label_column_width":"default","class_single_vertical_align":"","dow_start":"1","class_field_wrapper":"","class_field":"","disabled":"","readonly":"","min_date":"","max_date":"","year_start":"","year_end":"","step":"","input_mask":"","pattern_date":"","field_user_status":"","field_user_roles":[],"field_user_capabilities":[],"dedupe":"","dedupe_period":"","dedupe_message":"","invalid_feedback_render":"on","invalid_feedback":"","custom_attributes":[],"data_grid_datalist":{"rows_per_page":10,"group_index":0,"default":[],"columns":[{"id":0,"label":"Value"},{"id":1,"label":"Label"}],"groups":[{"label":"Values","page":0,"disabled":"","mask_group":"","rows":[]}]},"datalist_field_text":"1","datalist_field_value":"0","breakpoint_size_50":"6","breakpoint_sizes":"","data_source_id":"","wsf-data-grid-auto-group":"0"}},{"label":"Location","type":"text","date_updated":"2021-01-27 16:12:50","sort_index":"4","id":"10688","meta":{"label_render":"on","required":"on","hidden":"","default_value":"","placeholder":"","help":"","autocomplete":"","prepend":"","append":"","aria_label":"","exclude_email":"","wc_exclude_cart":"","hidden_bypass":"","label_position":"default","label_column_width":"default","class_single_vertical_align":"","class_field_wrapper":"","class_field":"","disabled":"","readonly":"","min_length":"","max_length":"","min_length_words":"","max_length_words":"","input_mask":"","pattern":"","field_user_status":"","field_user_roles":[],"field_user_capabilities":[],"dedupe":"","dedupe_period":"","dedupe_message":"","invalid_feedback_render":"on","invalid_feedback":"","custom_attributes":[],"data_grid_datalist":{"rows_per_page":10,"group_index":0,"default":[],"columns":[{"id":0,"label":"Value"},{"id":1,"label":"Label"}],"groups":[{"label":"Values","page":0,"disabled":"","mask_group":"","rows":[]}]},"datalist_field_text":"1","datalist_field_value":"0","breakpoint_size_50":"6","breakpoint_sizes":"","data_source_id":"","wsf-data-grid-auto-group":"0"}},{"label":"Agency or person that was responsible for the alleged discrimination","type":"textarea","date_updated":"2021-01-27 16:12:50","sort_index":"5","id":"10689","meta":{"label_render":"on","input_type_textarea":"","input_type_textarea_toolbar":"full","required":"","hidden":"","default_value":"","placeholder":"","help":"#character_count #character_count_label \/ #word_count #word_count_label","autocomplete":"","prepend":"","append":"","aria_label":"","exclude_email":"","wc_exclude_cart":"","hidden_bypass":"","label_position":"default","label_column_width":"default","class_single_vertical_align":"","class_field_wrapper":"","class_field":"","disabled":"","readonly":"","min_length":"","max_length":"","min_length_words":"","max_length_words":"","input_mask":"","cols":"","rows":"4","field_user_status":"","field_user_roles":[],"field_user_capabilities":[],"dedupe":"","dedupe_period":"","dedupe_message":"","invalid_feedback_render":"on","invalid_feedback":"","custom_attributes":[],"breakpoint_sizes":"","breakpoint_size_100":"6"}},{"label":"Have you filed this complaint with any other Federal, State, or local agency? If so, whom?","type":"textarea","date_updated":"2021-01-27 16:12:50","sort_index":"6","id":"10690","meta":{"label_render":"on","input_type_textarea":"","input_type_textarea_toolbar":"full","required":"","hidden":"","default_value":"","placeholder":"","help":"#character_count #character_count_label \/ #word_count #word_count_label","autocomplete":"","prepend":"","append":"","aria_label":"","exclude_email":"","wc_exclude_cart":"","hidden_bypass":"","label_position":"default","label_column_width":"default","class_single_vertical_align":"","class_field_wrapper":"","class_field":"","disabled":"","readonly":"","min_length":"","max_length":"","min_length_words":"","max_length_words":"","input_mask":"","cols":"","rows":"4","field_user_status":"","field_user_roles":[],"field_user_capabilities":[],"dedupe":"","dedupe_period":"","dedupe_message":"","invalid_feedback_render":"on","invalid_feedback":"","custom_attributes":[],"breakpoint_sizes":"","breakpoint_size_100":"6"}},{"label":"What remedy are you seeking?","type":"textarea","date_updated":"2021-01-27 16:12:50","sort_index":"7","id":"10691","meta":{"label_render":"on","input_type_textarea":"","input_type_textarea_toolbar":"full","required":"","hidden":"","default_value":"","placeholder":"","help":"#character_count #character_count_label \/ #word_count #word_count_label","autocomplete":"","prepend":"","append":"","aria_label":"","exclude_email":"","wc_exclude_cart":"","hidden_bypass":"","label_position":"default","label_column_width":"default","class_single_vertical_align":"","class_field_wrapper":"","class_field":"","disabled":"","readonly":"","min_length":"","max_length":"","min_length_words":"","max_length_words":"","input_mask":"","cols":"","rows":"4","field_user_status":"","field_user_roles":[],"field_user_capabilities":[],"dedupe":"","dedupe_period":"","dedupe_message":"","invalid_feedback_render":"on","invalid_feedback":"","custom_attributes":[],"breakpoint_sizes":"","breakpoint_size_100":"6"}},{"label":"List names and contact information of persons who may have knowledge of the alleged discrimination","type":"textarea","date_updated":"2021-01-27 16:12:50","sort_index":"8","id":"10692","meta":{"label_render":"on","input_type_textarea":"","input_type_textarea_toolbar":"full","required":"","hidden":"","default_value":"","placeholder":"","help":"#character_count #character_count_label \/ #word_count #word_count_label","autocomplete":"","prepend":"","append":"","aria_label":"","exclude_email":"","wc_exclude_cart":"","hidden_bypass":"","label_position":"default","label_column_width":"default","class_single_vertical_align":"","class_field_wrapper":"","class_field":"","disabled":"","readonly":"","min_length":"","max_length":"","min_length_words":"","max_length_words":"","input_mask":"","cols":"","rows":"4","field_user_status":"","field_user_roles":[],"field_user_capabilities":[],"dedupe":"","dedupe_period":"","dedupe_message":"","invalid_feedback_render":"on","invalid_feedback":"","custom_attributes":[],"breakpoint_sizes":"","breakpoint_size_100":"6"}},{"label":"Describe the alleged discrimination. Explain what happened and whom you believe as responsible","type":"textarea","date_updated":"2021-01-27 16:18:44","sort_index":"9","id":"10693","meta":{"label_render":"on","input_type_textarea":"","input_type_textarea_toolbar":"full","required":"on","hidden":"","default_value":"","placeholder":"","help":"#character_count #character_count_label \/ #word_count #word_count_label","autocomplete":"","prepend":"","append":"","aria_label":"","exclude_email":"","wc_exclude_cart":"","hidden_bypass":"","label_position":"default","label_column_width":"default","class_single_vertical_align":"","class_field_wrapper":"","class_field":"","disabled":"","readonly":"","min_length":"","max_length":"","min_length_words":"","max_length_words":"","input_mask":"","cols":"","rows":"8","field_user_status":"","field_user_roles":[],"field_user_capabilities":[],"dedupe":"","dedupe_period":"","dedupe_message":"","invalid_feedback_render":"on","invalid_feedback":"Please provide a valid description of the alleged discrimination.","custom_attributes":[],"breakpoint_sizes":"","breakpoint_size_100":""}},{"label":"Signature","type":"signature","date_updated":"2021-01-27 16:12:50","sort_index":"10","id":"10694","meta":{"label_render":"on","required":"on","hidden":"","help":"","file_handler":"wsform","aria_label":"","exclude_email":"","wc_exclude_cart":"","hidden_bypass":"","label_position":"default","label_column_width":"default","class_single_vertical_align":"","signature_mime":"","signature_pen_color":"#000000","signature_background_color":"#ffffff","signature_dot_size":"2","signature_height":"76px","signature_crop":"on","class_field_wrapper":"","class_field":"","disabled":"","field_user_status":"","field_user_roles":"","field_user_capabilities":"","invalid_feedback_render":"on","invalid_feedback":"","custom_attributes":""}},{"label":"Submit","type":"submit","date_updated":"2021-01-27 16:12:50","sort_index":"11","id":"10695","meta":{"hidden":"","help":"","aria_label":"","class_single_vertical_align":"bottom","class_field_button_type":"primary","class_field_full_button_remove":"","class_field_wrapper":"","class_field":"","disabled":"","field_user_status":"","field_user_roles":"","field_user_capabilities":"","custom_attributes":""}}]}],"meta":{"label_render":"","hidden":"","class_group_wrapper":""}}],"meta":{"label_render":"","submit_on_enter":"","submit_lock":"on","submit_unlock":"on","submit_reload":"on","form_action":"","cookie_tab_index":"on","tab_validation":"","submit_show_errors":"on","invalid_field_focus":"on","error_type":"danger","error_method":"after","error_clear":"on","error_scroll_top":"","error_scroll_top_offset":"0","error_scroll_top_duration":"400","error_form_hide":"","error_duration":"","error_message_hide":"on","error_form_show":"","label_position_form":"top","label_column_width_form":"3","label_required":"on","label_mask_required":"","class_form_wrapper":"","class_group_wrapper":"","class_section_wrapper":"","class_field_wrapper":"","class_field":"","label_mask_form":"","label_mask_group":"","label_mask_section":"","action_humanpresence_intro":"","action_humanpresence_not_enabled":"","action_akismetv1_intro":"","action_akismetv1_not_enabled":"","honeypot":"","spam_threshold":"50","submit_limit":"","submit_limit_count":"","submit_limit_period":"","submit_limit_message":"","submit_limit_message_type":"information","schedule_start":"","schedule_start_datetime":"","schedule_start_message":"","schedule_start_message_type":"information","schedule_end":"","schedule_end_datetime":"","schedule_end_message":"","schedule_end_message_type":"information","user_limit_logged_in":"","form_user_roles":"","form_user_capabilities":"","user_limit_logged_in_message_type":"danger","user_limit_logged_in_message":"","analytics_google":"","analytics_google_event_tab":"on","analytics_google_event_field":"on","tracking_remote_ip":"","tracking_agent":"","tracking_referrer":"","tracking_os":"","tracking_host":"","tracking_pathname":"","tracking_query_string":"","tracking_geo_location":"","tracking_ip_lookup_latlon":"","tracking_ip_lookup_city":"","tracking_ip_lookup_region":"","tracking_ip_lookup_country":"","tracking_ip_lookup_time_zone":"","tracking_duration":"","tracking_utm_source":"","tracking_utm_medium":"","tracking_utm_campaign":"","tracking_utm_term":"","tracking_utm_content":"","form_populate_enabled":"","form_populate_action_id":"","form_populate_list_id":"","action_post_form_populate_post_id":"","action_post_form_populate_author_restrict":"","action_user_form_populate_field_mapping":"","form_populate_field_mapping":"","action_post_form_populate_field_mapping_acf":"","action_post_form_populate_meta_mapping":"","action_user_form_populate_field_mapping_acf":"","action_user_form_populate_meta_mapping":"","form_populate_tag_mapping":"","wc_form_assign_intro":"","wc_form_assign":"","wc_form_assign_product_cat_include_mapping":"","wc_form_assign_product_tag_include_mapping":"","wc_form_assign_product_include_mapping":"","wc_form_assign_product_cat_exclude_mapping":"","wc_form_assign_product_tag_exclude_mapping":"","wc_form_assign_product_exclude_mapping":"","wc_catalog_add_to_cart_text":"Select options","wc_price_disable":"","wc_price_prefix":"","wc_price_suffix":"","wc_product_price_variation_hide":"","wc_product_add_to_cart_hide":"","wc_product_quantity_hide":"","wc_product_form_validate":"","wc_product_clear_hidden_meta_values":"on","wc_cart_edit":"","wc_cart_price_plugin_allow_negative":"","wc_actions_fire":"on","breakpoint":"25","tab_index":"0","action":{"rows_per_page":10,"group_index":0,"default":[],"columns":[{"id":0,"label":"Action"},{"id":1,"label":"Data"}],"groups":[{"label":"Actions","page":0,"disabled":"","mask_group":"","rows":[{"id":1,"default":"","required":"","disabled":"","hidden":"","data":["Save Submission","{\"id\":\"database\",\"meta\":{\"action_database_field_filter\":\"\",\"action_database_field_filter_mapping\":\"\",\"action_database_expire\":\"\",\"action_database_expire_duration\":\"90\"},\"events\":[\"save\",\"submit\"]}"]},{"id":2,"default":"","required":"","disabled":"","hidden":"","data":["Show Message","{\"id\":\"message\",\"meta\":{\"action_message_type\":\"success\",\"action_message_message\":\"Thank you for your submission.\",\"action_message_method\":\"before\",\"action_message_form_hide\":\"on\",\"action_message_clear\":\"on\",\"action_message_scroll_top\":\"\",\"action_message_scroll_top_offset\":\"0\",\"action_message_scroll_top_duration\":\"400\",\"action_message_duration\":\"\",\"action_message_message_hide\":\"\",\"action_message_form_show\":\"\"},\"events\":[\"submit\"]}"]},{"id":3,"default":"","required":"","disabled":"","hidden":"","data":["Send Email","{\"id\":\"email\",\"meta\":{\"action_email_from_email\":\"#blog_admin_email\",\"action_email_from_name\":\"#blog_name\",\"action_email_to\":[{\"action_email_email\":\"#blog_admin_email\",\"action_email_name\":\"#blog_name\"}],\"action_email_cc\":\"\",\"action_email_bcc\":\"\",\"action_email_reply_to_email\":\"\",\"action_email_subject\":\"#form_label\",\"action_email_message_textarea\":\"#email_submission\",\"action_email_message_text_editor\":\"<h3>#email_subject<\\\/h3>\\n\\n#email_submission\",\"action_email_message_html_editor\":\"<h1>#email_subject<\\\/h1>\\n\\n#email_submission\",\"action_email_message_editor\":\"text_editor\",\"action_email_attachments\":\"\",\"action_email_attachments_media\":\"\",\"action_email_message_wrapper\":\"on\",\"action_email_clear_hidden_meta_values\":\"on\",\"action_email_content_type\":\"text\\\/html\",\"action_email_headers\":\"\",\"action_email_charset\":\"#blog_charset\",\"action_email_pdf_attach\":\"\",\"action_email_pdf_filename\":\"\"},\"events\":[\"submit\"]}"]}]}]},"field_select":"","form_history":"","knowledgebase":"","contact_first_name":"","contact_last_name":"","contact_email":"","contact_inquiry":"","contact_push_form":"","contact_push_system":"","contact_gdpr":"","contact_submit":""},"identifier":"ws_form","version":"1.7.150","time":1611764328,"checksum":"2c3b4e65e5b2a5dcd9bb4c2b0c7d7eac"}