<?xml version="1.0" encoding="UTF-8" ?>
<!-- This is a WordPress eXtended RSS file generated by WordPress as an export of your site. -->
<!-- It contains information about your site's posts, pages, comments, categories, and other content. -->
<!-- You may use this file to transfer that content from one site to another. -->
<!-- This file is not intended to serve as a complete backup of your site. -->

<!-- To import this information into a WordPress site follow these steps: -->
<!-- 1. Log in to that site as an administrator. -->
<!-- 2. Go to Tools: Import in the WordPress admin panel. -->
<!-- 3. Install the "WordPress" importer from the list. -->
<!-- 4. Activate & Run Importer. -->
<!-- 5. Upload this file using the form provided on that page. -->
<!-- 6. You will first be asked to map the authors in this export file to users -->
<!--    on the site. For each author, you may choose to map to an -->
<!--    existing user on the site or to create a new user. -->
<!-- 7. WordPress will then import each of the posts, pages, comments, categories, etc. -->
<!--    contained in this file into your site. -->

	<!-- generator="WordPress/6.2.2" created="2023-06-05 23:35" -->
<rss version="2.0"
	xmlns:excerpt="http://wordpress.org/export/1.2/excerpt/"
	xmlns:content="http://purl.org/rss/1.0/modules/content/"
	xmlns:wfw="http://wellformedweb.org/CommentAPI/"
	xmlns:dc="http://purl.org/dc/elements/1.1/"
	xmlns:wp="http://wordpress.org/export/1.2/"
>

<channel>
	<title>Advanced Themer</title>
	<link>https://bricks-advanced-themer.local</link>
	<description></description>
	<pubDate>Mon, 05 Jun 2023 23:35:56 +0000</pubDate>
	<language>en-AU</language>
	<wp:wxr_version>1.2</wp:wxr_version>
	<wp:base_site_url>https://bricks-advanced-themer.local</wp:base_site_url>
	<wp:base_blog_url>https://bricks-advanced-themer.local</wp:base_blog_url>

		<wp:author><wp:author_id>1</wp:author_id><wp:author_login><![CDATA[admin]]></wp:author_login><wp:author_email><![CDATA[alan@wpeasy.au]]></wp:author_email><wp:author_display_name><![CDATA[admin]]></wp:author_display_name><wp:author_first_name><![CDATA[]]></wp:author_first_name><wp:author_last_name><![CDATA[]]></wp:author_last_name></wp:author>

				
	<generator>https://wordpress.org/?v=6.2.2</generator>

		<item>
		<title><![CDATA[Main]]></title>
		<link>https://bricks-advanced-themer.local/?post_type=brxc_color_palette&#038;p=250</link>
		<pubDate>Thu, 13 Apr 2023 23:32:31 +0000</pubDate>
		<dc:creator><![CDATA[admin]]></dc:creator>
		<guid isPermaLink="false">http://bricks-advanced-themer.local/?post_type=brxc_color_palette&#038;p=250</guid>
		<description></description>
		<content:encoded><![CDATA[]]></content:encoded>
		<excerpt:encoded><![CDATA[]]></excerpt:encoded>
		<wp:post_id>250</wp:post_id>
		<wp:post_date><![CDATA[2023-04-14 09:32:31]]></wp:post_date>
		<wp:post_date_gmt><![CDATA[2023-04-13 23:32:31]]></wp:post_date_gmt>
		<wp:post_modified><![CDATA[2023-06-04 13:55:35]]></wp:post_modified>
		<wp:post_modified_gmt><![CDATA[2023-06-04 03:55:35]]></wp:post_modified_gmt>
		<wp:comment_status><![CDATA[closed]]></wp:comment_status>
		<wp:ping_status><![CDATA[closed]]></wp:ping_status>
		<wp:post_name><![CDATA[main__trashed]]></wp:post_name>
		<wp:status><![CDATA[trash]]></wp:status>
		<wp:post_parent>0</wp:post_parent>
		<wp:menu_order>0</wp:menu_order>
		<wp:post_type><![CDATA[brxc_color_palette]]></wp:post_type>
		<wp:post_password><![CDATA[]]></wp:post_password>
		<wp:is_sticky>0</wp:is_sticky>
														<wp:postmeta>
		<wp:meta_key><![CDATA[brxc_color_palette_key]]></wp:meta_key>
		<wp:meta_value><![CDATA[brxc_color_vddgtt]]></wp:meta_value>
		</wp:postmeta>
							<wp:postmeta>
		<wp:meta_key><![CDATA[_brxc_color_palette_key]]></wp:meta_key>
		<wp:meta_value><![CDATA[field_6395702f26ebe]]></wp:meta_value>
		</wp:postmeta>
							<wp:postmeta>
		<wp:meta_key><![CDATA[_edit_last]]></wp:meta_key>
		<wp:meta_value><![CDATA[1]]></wp:meta_value>
		</wp:postmeta>
							<wp:postmeta>
		<wp:meta_key><![CDATA[brxc_colors_repeater_0_brxc_color_label]]></wp:meta_key>
		<wp:meta_value><![CDATA[Primary]]></wp:meta_value>
		</wp:postmeta>
							<wp:postmeta>
		<wp:meta_key><![CDATA[_brxc_colors_repeater_0_brxc_color_label]]></wp:meta_key>
		<wp:meta_value><![CDATA[field_638728339e15f]]></wp:meta_value>
		</wp:postmeta>
							<wp:postmeta>
		<wp:meta_key><![CDATA[brxc_colors_repeater_0_brxc_color_hex]]></wp:meta_key>
		<wp:meta_value><![CDATA[#98d33f]]></wp:meta_value>
		</wp:postmeta>
							<wp:postmeta>
		<wp:meta_key><![CDATA[_brxc_colors_repeater_0_brxc_color_hex]]></wp:meta_key>
		<wp:meta_value><![CDATA[field_638344c95efcf]]></wp:meta_value>
		</wp:postmeta>
							<wp:postmeta>
		<wp:meta_key><![CDATA[brxc_colors_repeater_0_brxc_color_id]]></wp:meta_key>
		<wp:meta_value><![CDATA[brxc_color_d6hels]]></wp:meta_value>
		</wp:postmeta>
							<wp:postmeta>
		<wp:meta_key><![CDATA[_brxc_colors_repeater_0_brxc_color_id]]></wp:meta_key>
		<wp:meta_value><![CDATA[field_63958c871e42e]]></wp:meta_value>
		</wp:postmeta>
							<wp:postmeta>
		<wp:meta_key><![CDATA[brxc_colors_repeater_1_brxc_color_label]]></wp:meta_key>
		<wp:meta_value><![CDATA[Action]]></wp:meta_value>
		</wp:postmeta>
							<wp:postmeta>
		<wp:meta_key><![CDATA[_brxc_colors_repeater_1_brxc_color_label]]></wp:meta_key>
		<wp:meta_value><![CDATA[field_638728339e15f]]></wp:meta_value>
		</wp:postmeta>
							<wp:postmeta>
		<wp:meta_key><![CDATA[brxc_colors_repeater_1_brxc_color_hex]]></wp:meta_key>
		<wp:meta_value><![CDATA[#497cf4]]></wp:meta_value>
		</wp:postmeta>
							<wp:postmeta>
		<wp:meta_key><![CDATA[_brxc_colors_repeater_1_brxc_color_hex]]></wp:meta_key>
		<wp:meta_value><![CDATA[field_638344c95efcf]]></wp:meta_value>
		</wp:postmeta>
							<wp:postmeta>
		<wp:meta_key><![CDATA[brxc_colors_repeater_1_brxc_color_id]]></wp:meta_key>
		<wp:meta_value><![CDATA[brxc_color_cm3ssk]]></wp:meta_value>
		</wp:postmeta>
							<wp:postmeta>
		<wp:meta_key><![CDATA[_brxc_colors_repeater_1_brxc_color_id]]></wp:meta_key>
		<wp:meta_value><![CDATA[field_63958c871e42e]]></wp:meta_value>
		</wp:postmeta>
							<wp:postmeta>
		<wp:meta_key><![CDATA[brxc_colors_repeater_2_brxc_color_label]]></wp:meta_key>
		<wp:meta_value><![CDATA[Secondary]]></wp:meta_value>
		</wp:postmeta>
							<wp:postmeta>
		<wp:meta_key><![CDATA[_brxc_colors_repeater_2_brxc_color_label]]></wp:meta_key>
		<wp:meta_value><![CDATA[field_638728339e15f]]></wp:meta_value>
		</wp:postmeta>
							<wp:postmeta>
		<wp:meta_key><![CDATA[brxc_colors_repeater_2_brxc_color_hex]]></wp:meta_key>
		<wp:meta_value><![CDATA[#dd9933]]></wp:meta_value>
		</wp:postmeta>
							<wp:postmeta>
		<wp:meta_key><![CDATA[_brxc_colors_repeater_2_brxc_color_hex]]></wp:meta_key>
		<wp:meta_value><![CDATA[field_638344c95efcf]]></wp:meta_value>
		</wp:postmeta>
							<wp:postmeta>
		<wp:meta_key><![CDATA[brxc_colors_repeater_2_brxc_color_id]]></wp:meta_key>
		<wp:meta_value><![CDATA[brxc_color_o841le]]></wp:meta_value>
		</wp:postmeta>
							<wp:postmeta>
		<wp:meta_key><![CDATA[_brxc_colors_repeater_2_brxc_color_id]]></wp:meta_key>
		<wp:meta_value><![CDATA[field_63958c871e42e]]></wp:meta_value>
		</wp:postmeta>
							<wp:postmeta>
		<wp:meta_key><![CDATA[brxc_colors_repeater_3_brxc_color_label]]></wp:meta_key>
		<wp:meta_value><![CDATA[Accent]]></wp:meta_value>
		</wp:postmeta>
							<wp:postmeta>
		<wp:meta_key><![CDATA[_brxc_colors_repeater_3_brxc_color_label]]></wp:meta_key>
		<wp:meta_value><![CDATA[field_638728339e15f]]></wp:meta_value>
		</wp:postmeta>
							<wp:postmeta>
		<wp:meta_key><![CDATA[brxc_colors_repeater_3_brxc_color_hex]]></wp:meta_key>
		<wp:meta_value><![CDATA[#1edbdb]]></wp:meta_value>
		</wp:postmeta>
							<wp:postmeta>
		<wp:meta_key><![CDATA[_brxc_colors_repeater_3_brxc_color_hex]]></wp:meta_key>
		<wp:meta_value><![CDATA[field_638344c95efcf]]></wp:meta_value>
		</wp:postmeta>
							<wp:postmeta>
		<wp:meta_key><![CDATA[brxc_colors_repeater_3_brxc_color_id]]></wp:meta_key>
		<wp:meta_value><![CDATA[brxc_color_h8aodh]]></wp:meta_value>
		</wp:postmeta>
							<wp:postmeta>
		<wp:meta_key><![CDATA[_brxc_colors_repeater_3_brxc_color_id]]></wp:meta_key>
		<wp:meta_value><![CDATA[field_63958c871e42e]]></wp:meta_value>
		</wp:postmeta>
							<wp:postmeta>
		<wp:meta_key><![CDATA[brxc_colors_repeater_4_brxc_color_label]]></wp:meta_key>
		<wp:meta_value><![CDATA[Shade]]></wp:meta_value>
		</wp:postmeta>
							<wp:postmeta>
		<wp:meta_key><![CDATA[_brxc_colors_repeater_4_brxc_color_label]]></wp:meta_key>
		<wp:meta_value><![CDATA[field_638728339e15f]]></wp:meta_value>
		</wp:postmeta>
							<wp:postmeta>
		<wp:meta_key><![CDATA[brxc_colors_repeater_4_brxc_color_hex]]></wp:meta_key>
		<wp:meta_value><![CDATA[#c4c4c4]]></wp:meta_value>
		</wp:postmeta>
							<wp:postmeta>
		<wp:meta_key><![CDATA[_brxc_colors_repeater_4_brxc_color_hex]]></wp:meta_key>
		<wp:meta_value><![CDATA[field_638344c95efcf]]></wp:meta_value>
		</wp:postmeta>
							<wp:postmeta>
		<wp:meta_key><![CDATA[brxc_colors_repeater_4_brxc_color_id]]></wp:meta_key>
		<wp:meta_value><![CDATA[brxc_color_jbhai7]]></wp:meta_value>
		</wp:postmeta>
							<wp:postmeta>
		<wp:meta_key><![CDATA[_brxc_colors_repeater_4_brxc_color_id]]></wp:meta_key>
		<wp:meta_value><![CDATA[field_63958c871e42e]]></wp:meta_value>
		</wp:postmeta>
							<wp:postmeta>
		<wp:meta_key><![CDATA[brxc_colors_repeater]]></wp:meta_key>
		<wp:meta_value><![CDATA[5]]></wp:meta_value>
		</wp:postmeta>
							<wp:postmeta>
		<wp:meta_key><![CDATA[_brxc_colors_repeater]]></wp:meta_key>
		<wp:meta_value><![CDATA[field_6383d6f67641b]]></wp:meta_value>
		</wp:postmeta>
							<wp:postmeta>
		<wp:meta_key><![CDATA[brxc_variable_prefix]]></wp:meta_key>
		<wp:meta_value><![CDATA[]]></wp:meta_value>
		</wp:postmeta>
							<wp:postmeta>
		<wp:meta_key><![CDATA[_brxc_variable_prefix]]></wp:meta_key>
		<wp:meta_value><![CDATA[field_639570d626ec1]]></wp:meta_value>
		</wp:postmeta>
							<wp:postmeta>
		<wp:meta_key><![CDATA[brxc_enable_shapes]]></wp:meta_key>
		<wp:meta_value><![CDATA[1]]></wp:meta_value>
		</wp:postmeta>
							<wp:postmeta>
		<wp:meta_key><![CDATA[_brxc_enable_shapes]]></wp:meta_key>
		<wp:meta_value><![CDATA[field_6395700626ebd]]></wp:meta_value>
		</wp:postmeta>
							<wp:postmeta>
		<wp:meta_key><![CDATA[brxc_enable_dark_mode]]></wp:meta_key>
		<wp:meta_value><![CDATA[0]]></wp:meta_value>
		</wp:postmeta>
							<wp:postmeta>
		<wp:meta_key><![CDATA[_brxc_enable_dark_mode]]></wp:meta_key>
		<wp:meta_value><![CDATA[field_6395707d26ec0]]></wp:meta_value>
		</wp:postmeta>
							<wp:postmeta>
		<wp:meta_key><![CDATA[_wp_trash_meta_status]]></wp:meta_key>
		<wp:meta_value><![CDATA[publish]]></wp:meta_value>
		</wp:postmeta>
							<wp:postmeta>
		<wp:meta_key><![CDATA[_wp_trash_meta_time]]></wp:meta_key>
		<wp:meta_value><![CDATA[1685850935]]></wp:meta_value>
		</wp:postmeta>
							<wp:postmeta>
		<wp:meta_key><![CDATA[_wp_desired_post_slug]]></wp:meta_key>
		<wp:meta_value><![CDATA[main]]></wp:meta_value>
		</wp:postmeta>
							</item>
					<item>
		<title><![CDATA[Main]]></title>
		<link>https://bricks-advanced-themer.local/brxc_color_palette/main/</link>
		<pubDate>Mon, 05 Jun 2023 21:27:51 +0000</pubDate>
		<dc:creator><![CDATA[admin]]></dc:creator>
		<guid isPermaLink="false">https://bricks-advanced-themer.local/?post_type=brxc_color_palette&#038;p=606</guid>
		<description></description>
		<content:encoded><![CDATA[]]></content:encoded>
		<excerpt:encoded><![CDATA[]]></excerpt:encoded>
		<wp:post_id>606</wp:post_id>
		<wp:post_date><![CDATA[2023-06-06 07:27:51]]></wp:post_date>
		<wp:post_date_gmt><![CDATA[2023-06-05 21:27:51]]></wp:post_date_gmt>
		<wp:post_modified><![CDATA[2023-06-06 07:27:51]]></wp:post_modified>
		<wp:post_modified_gmt><![CDATA[2023-06-05 21:27:51]]></wp:post_modified_gmt>
		<wp:comment_status><![CDATA[closed]]></wp:comment_status>
		<wp:ping_status><![CDATA[closed]]></wp:ping_status>
		<wp:post_name><![CDATA[main]]></wp:post_name>
		<wp:status><![CDATA[publish]]></wp:status>
		<wp:post_parent>0</wp:post_parent>
		<wp:menu_order>0</wp:menu_order>
		<wp:post_type><![CDATA[brxc_color_palette]]></wp:post_type>
		<wp:post_password><![CDATA[]]></wp:post_password>
		<wp:is_sticky>0</wp:is_sticky>
														<wp:postmeta>
		<wp:meta_key><![CDATA[brxc_color_palette_key]]></wp:meta_key>
		<wp:meta_value><![CDATA[brxc_color_4u6jke]]></wp:meta_value>
		</wp:postmeta>
							<wp:postmeta>
		<wp:meta_key><![CDATA[_brxc_color_palette_key]]></wp:meta_key>
		<wp:meta_value><![CDATA[field_6395702f26ebe]]></wp:meta_value>
		</wp:postmeta>
							<wp:postmeta>
		<wp:meta_key><![CDATA[_edit_last]]></wp:meta_key>
		<wp:meta_value><![CDATA[1]]></wp:meta_value>
		</wp:postmeta>
							<wp:postmeta>
		<wp:meta_key><![CDATA[brxc_colors_repeater_0_brxc_color_label]]></wp:meta_key>
		<wp:meta_value><![CDATA[Primary]]></wp:meta_value>
		</wp:postmeta>
							<wp:postmeta>
		<wp:meta_key><![CDATA[_brxc_colors_repeater_0_brxc_color_label]]></wp:meta_key>
		<wp:meta_value><![CDATA[field_638728339e15f]]></wp:meta_value>
		</wp:postmeta>
							<wp:postmeta>
		<wp:meta_key><![CDATA[brxc_colors_repeater_0_brxc_color_hex]]></wp:meta_key>
		<wp:meta_value><![CDATA[#dd3333]]></wp:meta_value>
		</wp:postmeta>
							<wp:postmeta>
		<wp:meta_key><![CDATA[_brxc_colors_repeater_0_brxc_color_hex]]></wp:meta_key>
		<wp:meta_value><![CDATA[field_638344c95efcf]]></wp:meta_value>
		</wp:postmeta>
							<wp:postmeta>
		<wp:meta_key><![CDATA[brxc_colors_repeater_0_brxc_color_id]]></wp:meta_key>
		<wp:meta_value><![CDATA[brxc_color_z0plcq]]></wp:meta_value>
		</wp:postmeta>
							<wp:postmeta>
		<wp:meta_key><![CDATA[_brxc_colors_repeater_0_brxc_color_id]]></wp:meta_key>
		<wp:meta_value><![CDATA[field_63958c871e42e]]></wp:meta_value>
		</wp:postmeta>
							<wp:postmeta>
		<wp:meta_key><![CDATA[brxc_colors_repeater_1_brxc_color_label]]></wp:meta_key>
		<wp:meta_value><![CDATA[Secondary]]></wp:meta_value>
		</wp:postmeta>
							<wp:postmeta>
		<wp:meta_key><![CDATA[_brxc_colors_repeater_1_brxc_color_label]]></wp:meta_key>
		<wp:meta_value><![CDATA[field_638728339e15f]]></wp:meta_value>
		</wp:postmeta>
							<wp:postmeta>
		<wp:meta_key><![CDATA[brxc_colors_repeater_1_brxc_color_hex]]></wp:meta_key>
		<wp:meta_value><![CDATA[#dd9933]]></wp:meta_value>
		</wp:postmeta>
							<wp:postmeta>
		<wp:meta_key><![CDATA[_brxc_colors_repeater_1_brxc_color_hex]]></wp:meta_key>
		<wp:meta_value><![CDATA[field_638344c95efcf]]></wp:meta_value>
		</wp:postmeta>
							<wp:postmeta>
		<wp:meta_key><![CDATA[brxc_colors_repeater_1_brxc_color_id]]></wp:meta_key>
		<wp:meta_value><![CDATA[brxc_color_nbnvxq]]></wp:meta_value>
		</wp:postmeta>
							<wp:postmeta>
		<wp:meta_key><![CDATA[_brxc_colors_repeater_1_brxc_color_id]]></wp:meta_key>
		<wp:meta_value><![CDATA[field_63958c871e42e]]></wp:meta_value>
		</wp:postmeta>
							<wp:postmeta>
		<wp:meta_key><![CDATA[brxc_colors_repeater_2_brxc_color_label]]></wp:meta_key>
		<wp:meta_value><![CDATA[Accent]]></wp:meta_value>
		</wp:postmeta>
							<wp:postmeta>
		<wp:meta_key><![CDATA[_brxc_colors_repeater_2_brxc_color_label]]></wp:meta_key>
		<wp:meta_value><![CDATA[field_638728339e15f]]></wp:meta_value>
		</wp:postmeta>
							<wp:postmeta>
		<wp:meta_key><![CDATA[brxc_colors_repeater_2_brxc_color_hex]]></wp:meta_key>
		<wp:meta_value><![CDATA[#81d742]]></wp:meta_value>
		</wp:postmeta>
							<wp:postmeta>
		<wp:meta_key><![CDATA[_brxc_colors_repeater_2_brxc_color_hex]]></wp:meta_key>
		<wp:meta_value><![CDATA[field_638344c95efcf]]></wp:meta_value>
		</wp:postmeta>
							<wp:postmeta>
		<wp:meta_key><![CDATA[brxc_colors_repeater_2_brxc_color_id]]></wp:meta_key>
		<wp:meta_value><![CDATA[brxc_color_ppnf8p]]></wp:meta_value>
		</wp:postmeta>
							<wp:postmeta>
		<wp:meta_key><![CDATA[_brxc_colors_repeater_2_brxc_color_id]]></wp:meta_key>
		<wp:meta_value><![CDATA[field_63958c871e42e]]></wp:meta_value>
		</wp:postmeta>
							<wp:postmeta>
		<wp:meta_key><![CDATA[brxc_colors_repeater_3_brxc_color_label]]></wp:meta_key>
		<wp:meta_value><![CDATA[Action]]></wp:meta_value>
		</wp:postmeta>
							<wp:postmeta>
		<wp:meta_key><![CDATA[_brxc_colors_repeater_3_brxc_color_label]]></wp:meta_key>
		<wp:meta_value><![CDATA[field_638728339e15f]]></wp:meta_value>
		</wp:postmeta>
							<wp:postmeta>
		<wp:meta_key><![CDATA[brxc_colors_repeater_3_brxc_color_hex]]></wp:meta_key>
		<wp:meta_value><![CDATA[#dd3333]]></wp:meta_value>
		</wp:postmeta>
							<wp:postmeta>
		<wp:meta_key><![CDATA[_brxc_colors_repeater_3_brxc_color_hex]]></wp:meta_key>
		<wp:meta_value><![CDATA[field_638344c95efcf]]></wp:meta_value>
		</wp:postmeta>
							<wp:postmeta>
		<wp:meta_key><![CDATA[brxc_colors_repeater_3_brxc_color_id]]></wp:meta_key>
		<wp:meta_value><![CDATA[brxc_color_c2j2vo]]></wp:meta_value>
		</wp:postmeta>
							<wp:postmeta>
		<wp:meta_key><![CDATA[_brxc_colors_repeater_3_brxc_color_id]]></wp:meta_key>
		<wp:meta_value><![CDATA[field_63958c871e42e]]></wp:meta_value>
		</wp:postmeta>
							<wp:postmeta>
		<wp:meta_key><![CDATA[brxc_colors_repeater_4_brxc_color_label]]></wp:meta_key>
		<wp:meta_value><![CDATA[Shade]]></wp:meta_value>
		</wp:postmeta>
							<wp:postmeta>
		<wp:meta_key><![CDATA[_brxc_colors_repeater_4_brxc_color_label]]></wp:meta_key>
		<wp:meta_value><![CDATA[field_638728339e15f]]></wp:meta_value>
		</wp:postmeta>
							<wp:postmeta>
		<wp:meta_key><![CDATA[brxc_colors_repeater_4_brxc_color_hex]]></wp:meta_key>
		<wp:meta_value><![CDATA[#e5e5e5]]></wp:meta_value>
		</wp:postmeta>
							<wp:postmeta>
		<wp:meta_key><![CDATA[_brxc_colors_repeater_4_brxc_color_hex]]></wp:meta_key>
		<wp:meta_value><![CDATA[field_638344c95efcf]]></wp:meta_value>
		</wp:postmeta>
							<wp:postmeta>
		<wp:meta_key><![CDATA[brxc_colors_repeater_4_brxc_color_id]]></wp:meta_key>
		<wp:meta_value><![CDATA[brxc_color_op9z3h]]></wp:meta_value>
		</wp:postmeta>
							<wp:postmeta>
		<wp:meta_key><![CDATA[_brxc_colors_repeater_4_brxc_color_id]]></wp:meta_key>
		<wp:meta_value><![CDATA[field_63958c871e42e]]></wp:meta_value>
		</wp:postmeta>
							<wp:postmeta>
		<wp:meta_key><![CDATA[brxc_colors_repeater]]></wp:meta_key>
		<wp:meta_value><![CDATA[5]]></wp:meta_value>
		</wp:postmeta>
							<wp:postmeta>
		<wp:meta_key><![CDATA[_brxc_colors_repeater]]></wp:meta_key>
		<wp:meta_value><![CDATA[field_6383d6f67641b]]></wp:meta_value>
		</wp:postmeta>
							<wp:postmeta>
		<wp:meta_key><![CDATA[brxc_variable_prefix]]></wp:meta_key>
		<wp:meta_value><![CDATA[at]]></wp:meta_value>
		</wp:postmeta>
							<wp:postmeta>
		<wp:meta_key><![CDATA[_brxc_variable_prefix]]></wp:meta_key>
		<wp:meta_value><![CDATA[field_639570d626ec1]]></wp:meta_value>
		</wp:postmeta>
							<wp:postmeta>
		<wp:meta_key><![CDATA[brxc_enable_shapes]]></wp:meta_key>
		<wp:meta_value><![CDATA[1]]></wp:meta_value>
		</wp:postmeta>
							<wp:postmeta>
		<wp:meta_key><![CDATA[_brxc_enable_shapes]]></wp:meta_key>
		<wp:meta_value><![CDATA[field_6395700626ebd]]></wp:meta_value>
		</wp:postmeta>
							<wp:postmeta>
		<wp:meta_key><![CDATA[brxc_enable_dark_mode]]></wp:meta_key>
		<wp:meta_value><![CDATA[0]]></wp:meta_value>
		</wp:postmeta>
							<wp:postmeta>
		<wp:meta_key><![CDATA[_brxc_enable_dark_mode]]></wp:meta_key>
		<wp:meta_value><![CDATA[field_6395707d26ec0]]></wp:meta_value>
		</wp:postmeta>
							<wp:postmeta>
		<wp:meta_key><![CDATA[brxc_import_from_json]]></wp:meta_key>
		<wp:meta_value><![CDATA[]]></wp:meta_value>
		</wp:postmeta>
							<wp:postmeta>
		<wp:meta_key><![CDATA[_brxc_import_from_json]]></wp:meta_key>
		<wp:meta_value><![CDATA[field_63882c3f1215b]]></wp:meta_value>
		</wp:postmeta>
							</item>
				</channel>
</rss>
	