{"bricks-advanced-themer_frontend_styles":":root{--at-primary:#1e73be;--at-primary-l-1: #3581c5;--at-primary-l-2: #4b8fcb;--at-primary-l-3: #78abd8;--at-primary-l-4: #a5c7e5;--at-primary-l-5: #d2e3f2;--at-primary-l-6: #e9f1f9;--at-primary-d-1: #1b68ab;--at-primary-d-2: #185c98;--at-primary-d-3: #124572;--at-primary-d-4: #0c2e4c;--at-primary-d-5: #061726;--at-primary-d-6: #030c13;--at-action:#2342dd;--at-action-l-1: #3955e1;--at-action-l-2: #4f68e4;--at-action-l-3: #7b8eeb;--at-action-l-4: #a7b4f2;--at-action-l-5: #d3daf9;--at-action-l-6: #e9edfc;--at-action-d-1: #203cc7;--at-action-d-2: #1c35b1;--at-action-d-3: #152885;--at-action-d-4: #0e1b59;--at-action-d-5: #070e2d;--at-action-d-6: #040717;--at-secondary:#dd9933;--at-secondary-l-1: #e1a448;--at-secondary-l-2: #e4ae5c;--at-secondary-l-3: #ebc285;--at-secondary-l-4: #f2d7ae;--at-secondary-l-5: #f9ebd7;--at-secondary-l-6: #fcf5eb;--at-secondary-d-1: #c78a2e;--at-secondary-d-2: #b17b29;--at-secondary-d-3: #855c1f;--at-secondary-d-4: #593e15;--at-secondary-d-5: #2d1f0b;--at-secondary-d-6: #171006;--at-accent:#81d742;--at-accent-l-1: #8edb55;--at-accent-l-2: #9bdf68;--at-accent-l-3: #b4e78e;--at-accent-l-4: #cdefb4;--at-accent-l-5: #e6f7da;--at-accent-l-6: #f3fbed;--at-accent-d-1: #75c23c;--at-accent-d-2: #68ac35;--at-accent-d-3: #4e8128;--at-accent-d-4: #34561b;--at-accent-d-5: #1a2b0e;--at-accent-d-6: #0d1607;--at-shade:#e5e5e5;--at-shade-l-1: #e8e8e8;--at-shade-l-2: #ebebeb;--at-shade-l-3: #f0f0f0;--at-shade-l-4: #f5f5f5;--at-shade-l-5: #fafafa;--at-shade-l-6: #fdfdfd;--at-shade-d-1: #cfcfcf;--at-shade-d-2: #b8b8b8;--at-shade-d-3: #8a8a8a;--at-shade-d-4: #5c5c5c;--at-shade-d-5: #2e2e2e;--at-shade-d-6: #171717;--at-size-clamp--2xs: clamp(0.5rem, 0.3548rem + 0.4032vw, 1rem);--at-size-clamp--xs: clamp(1rem, 0.8548rem + 0.4032vw, 1.5rem);--at-size-clamp--s: clamp(1.5rem, 1.3548rem + 0.4032vw, 2rem);--at-size-clamp--m: clamp(2rem, 1.7097rem + 0.8065vw, 3rem);--at-size-clamp--l: clamp(3rem, 2.7097rem + 0.8065vw, 4rem);--at-size-clamp--xl: clamp(4rem, 3.4194rem + 1.6129vw, 6rem);--at-size-clamp--2xl: clamp(6rem, 5.4194rem + 1.6129vw, 8rem);--at-size-clamp--3xl: clamp(8rem, 6.8387rem + 3.2258vw, 12rem);--at-size-clamp--4xl: clamp(12rem, 10.8387rem + 3.2258vw, 16rem);--at-font-clamp--3xl: clamp(5.375rem, 4.7206rem + 1.8177vw, 7.629rem);--at-font-clamp--2xl: clamp(4.479rem, 4.0072rem + 1.3105vw, 6.104rem);--at-font-clamp--xl: clamp(3.732rem, 3.3978rem + 0.9282vw, 4.883rem);--at-font-clamp--l: clamp(3.11rem, 2.8789rem + 0.6419vw, 3.906rem);--at-font-clamp--m: clamp(2.592rem, 2.4373rem + 0.4298vw, 3.125rem);--at-font-clamp--s: clamp(2.16rem, 2.0613rem + 0.2742vw, 2.5rem);--at-font-body: clamp(1.4rem, 1.2839rem + 0.3226vw, 1.8rem);}body.brxc-dark{}","bricks-advanced-themer__brxc_theme_settings_tabs":["css-variables","classes-and-styles","builder-tweaks","color-palettes","admin-bar"],"_bricks-advanced-themer__brxc_theme_settings_tabs":"field_645s9g7tddfj2","bricks-advanced-themer__brxc_enable_elements":["darkmode-toggle"],"_bricks-advanced-themer__brxc_enable_elements":"field_63aabb0ccebeb","bricks-advanced-themer__brxc_user_role_permissions":"","_bricks-advanced-themer__brxc_user_role_permissions":"field_6388e73289b6a","bricks-advanced-themer__brxc_file_upload_format_permissions":"","_bricks-advanced-themer__brxc_file_upload_format_permissions":"field_638tt5f119b6a","bricks-advanced-themer__brxc_enable_gutenberg_sync":"0","_bricks-advanced-themer__brxc_enable_gutenberg_sync":"field_63b3dc8b9484d","bricks-advanced-themer__brxc_remove_default_gutenberg_presets":"0","_bricks-advanced-themer__brxc_remove_default_gutenberg_presets":"field_63b3ddc49484f","bricks-advanced-themer__brxc_disable_acf_menu_item":"1","_bricks-advanced-themer__brxc_disable_acf_menu_item":"field_63a8765e6ceed","bricks-advanced-themer__brxc_remove_data_uninstall":"0","_bricks-advanced-themer__brxc_remove_data_uninstall":"field_63ab55f50e545","bricks-advanced-themer_":"","_bricks-advanced-themer_":"field_63dd51rddtr57","bricks-advanced-themer__brxc_enable_css_variables_features":["typography","spacing","import-framework"],"_bricks-advanced-themer__brxc_enable_css_variables_features":"field_641aferwtt57v","bricks-advanced-themer__brxc_global_prefix":"at","_bricks-advanced-themer__brxc_global_prefix":"field_63ab121136eb9","bricks-advanced-themer__brxc_base_font_size":"10","_bricks-advanced-themer__brxc_base_font_size":"field_63a843db56979","bricks-advanced-themer__brxc_min_vw":"360","_bricks-advanced-themer__brxc_min_vw":"field_63a843f85697a","bricks-advanced-themer__brxc_max_vw":"1600","_bricks-advanced-themer__brxc_max_vw":"field_63a8440d5697b","bricks-advanced-themer__brxc_clamp_unit":"vw","_bricks-advanced-themer__brxc_clamp_unit":"field_6399a28ddt82e","bricks-advanced-themer__brxc_typography_variables_repeater_0_brxc_typography_label":"font-clamp--3xl","_bricks-advanced-themer__brxc_typography_variables_repeater_0_brxc_typography_label":"field_63a6a58831bbf","bricks-advanced-themer__brxc_typography_variables_repeater_0_brxc_typography_min_value":"53.75","_bricks-advanced-themer__brxc_typography_variables_repeater_0_brxc_typography_min_value":"field_63a6a58831bc0","bricks-advanced-themer__brxc_typography_variables_repeater_0_brxc_typography_max_value":"76.29","_bricks-advanced-themer__brxc_typography_variables_repeater_0_brxc_typography_max_value":"field_63a844885697c","bricks-advanced-themer__brxc_typography_variables_repeater_1_brxc_typography_label":"font-clamp--2xl","_bricks-advanced-themer__brxc_typography_variables_repeater_1_brxc_typography_label":"field_63a6a58831bbf","bricks-advanced-themer__brxc_typography_variables_repeater_1_brxc_typography_min_value":"44.79","_bricks-advanced-themer__brxc_typography_variables_repeater_1_brxc_typography_min_value":"field_63a6a58831bc0","bricks-advanced-themer__brxc_typography_variables_repeater_1_brxc_typography_max_value":"61.04","_bricks-advanced-themer__brxc_typography_variables_repeater_1_brxc_typography_max_value":"field_63a844885697c","bricks-advanced-themer__brxc_typography_variables_repeater_2_brxc_typography_label":"font-clamp--xl","_bricks-advanced-themer__brxc_typography_variables_repeater_2_brxc_typography_label":"field_63a6a58831bbf","bricks-advanced-themer__brxc_typography_variables_repeater_2_brxc_typography_min_value":"37.32","_bricks-advanced-themer__brxc_typography_variables_repeater_2_brxc_typography_min_value":"field_63a6a58831bc0","bricks-advanced-themer__brxc_typography_variables_repeater_2_brxc_typography_max_value":"48.83","_bricks-advanced-themer__brxc_typography_variables_repeater_2_brxc_typography_max_value":"field_63a844885697c","bricks-advanced-themer__brxc_typography_variables_repeater_3_brxc_typography_label":"font-clamp--l","_bricks-advanced-themer__brxc_typography_variables_repeater_3_brxc_typography_label":"field_63a6a58831bbf","bricks-advanced-themer__brxc_typography_variables_repeater_3_brxc_typography_min_value":"31.10","_bricks-advanced-themer__brxc_typography_variables_repeater_3_brxc_typography_min_value":"field_63a6a58831bc0","bricks-advanced-themer__brxc_typography_variables_repeater_3_brxc_typography_max_value":"39.06","_bricks-advanced-themer__brxc_typography_variables_repeater_3_brxc_typography_max_value":"field_63a844885697c","bricks-advanced-themer__brxc_typography_variables_repeater_4_brxc_typography_label":"font-clamp--m","_bricks-advanced-themer__brxc_typography_variables_repeater_4_brxc_typography_label":"field_63a6a58831bbf","bricks-advanced-themer__brxc_typography_variables_repeater_4_brxc_typography_min_value":"25.92","_bricks-advanced-themer__brxc_typography_variables_repeater_4_brxc_typography_min_value":"field_63a6a58831bc0","bricks-advanced-themer__brxc_typography_variables_repeater_4_brxc_typography_max_value":"31.25","_bricks-advanced-themer__brxc_typography_variables_repeater_4_brxc_typography_max_value":"field_63a844885697c","bricks-advanced-themer__brxc_typography_variables_repeater_5_brxc_typography_label":"font-clamp--s","_bricks-advanced-themer__brxc_typography_variables_repeater_5_brxc_typography_label":"field_63a6a58831bbf","bricks-advanced-themer__brxc_typography_variables_repeater_5_brxc_typography_min_value":"21.60","_bricks-advanced-themer__brxc_typography_variables_repeater_5_brxc_typography_min_value":"field_63a6a58831bc0","bricks-advanced-themer__brxc_typography_variables_repeater_5_brxc_typography_max_value":"25","_bricks-advanced-themer__brxc_typography_variables_repeater_5_brxc_typography_max_value":"field_63a844885697c","bricks-advanced-themer__brxc_typography_variables_repeater_6_brxc_typography_label":"font-body","_bricks-advanced-themer__brxc_typography_variables_repeater_6_brxc_typography_label":"field_63a6a58831bbf","bricks-advanced-themer__brxc_typography_variables_repeater_6_brxc_typography_min_value":"14","_bricks-advanced-themer__brxc_typography_variables_repeater_6_brxc_typography_min_value":"field_63a6a58831bc0","bricks-advanced-themer__brxc_typography_variables_repeater_6_brxc_typography_max_value":"18","_bricks-advanced-themer__brxc_typography_variables_repeater_6_brxc_typography_max_value":"field_63a844885697c","bricks-advanced-themer__brxc_typography_variables_repeater":"7","_bricks-advanced-themer__brxc_typography_variables_repeater":"field_63a6a58831bbe","bricks-advanced-themer__brxc_spacing_variables_repeater_0_brxc_spacing_label":"size-clamp--2xs","_bricks-advanced-themer__brxc_spacing_variables_repeater_0_brxc_spacing_label":"field_63a6a53f31bbc","bricks-advanced-themer__brxc_spacing_variables_repeater_0_brxc_spacing_min_value":"5","_bricks-advanced-themer__brxc_spacing_variables_repeater_0_brxc_spacing_min_value":"field_63a6a55c31bbd","bricks-advanced-themer__brxc_spacing_variables_repeater_0_brxc_spacing_max_value":"10","_bricks-advanced-themer__brxc_spacing_variables_repeater_0_brxc_spacing_max_value":"field_63a82e7791041","bricks-advanced-themer__brxc_spacing_variables_repeater_1_brxc_spacing_label":"size-clamp--xs","_bricks-advanced-themer__brxc_spacing_variables_repeater_1_brxc_spacing_label":"field_63a6a53f31bbc","bricks-advanced-themer__brxc_spacing_variables_repeater_1_brxc_spacing_min_value":"10","_bricks-advanced-themer__brxc_spacing_variables_repeater_1_brxc_spacing_min_value":"field_63a6a55c31bbd","bricks-advanced-themer__brxc_spacing_variables_repeater_1_brxc_spacing_max_value":"15","_bricks-advanced-themer__brxc_spacing_variables_repeater_1_brxc_spacing_max_value":"field_63a82e7791041","bricks-advanced-themer__brxc_spacing_variables_repeater_2_brxc_spacing_label":"size-clamp--s","_bricks-advanced-themer__brxc_spacing_variables_repeater_2_brxc_spacing_label":"field_63a6a53f31bbc","bricks-advanced-themer__brxc_spacing_variables_repeater_2_brxc_spacing_min_value":"15","_bricks-advanced-themer__brxc_spacing_variables_repeater_2_brxc_spacing_min_value":"field_63a6a55c31bbd","bricks-advanced-themer__brxc_spacing_variables_repeater_2_brxc_spacing_max_value":"20","_bricks-advanced-themer__brxc_spacing_variables_repeater_2_brxc_spacing_max_value":"field_63a82e7791041","bricks-advanced-themer__brxc_spacing_variables_repeater_3_brxc_spacing_label":"size-clamp--m","_bricks-advanced-themer__brxc_spacing_variables_repeater_3_brxc_spacing_label":"field_63a6a53f31bbc","bricks-advanced-themer__brxc_spacing_variables_repeater_3_brxc_spacing_min_value":"20","_bricks-advanced-themer__brxc_spacing_variables_repeater_3_brxc_spacing_min_value":"field_63a6a55c31bbd","bricks-advanced-themer__brxc_spacing_variables_repeater_3_brxc_spacing_max_value":"30","_bricks-advanced-themer__brxc_spacing_variables_repeater_3_brxc_spacing_max_value":"field_63a82e7791041","bricks-advanced-themer__brxc_spacing_variables_repeater_4_brxc_spacing_label":"size-clamp--l","_bricks-advanced-themer__brxc_spacing_variables_repeater_4_brxc_spacing_label":"field_63a6a53f31bbc","bricks-advanced-themer__brxc_spacing_variables_repeater_4_brxc_spacing_min_value":"30","_bricks-advanced-themer__brxc_spacing_variables_repeater_4_brxc_spacing_min_value":"field_63a6a55c31bbd","bricks-advanced-themer__brxc_spacing_variables_repeater_4_brxc_spacing_max_value":"40","_bricks-advanced-themer__brxc_spacing_variables_repeater_4_brxc_spacing_max_value":"field_63a82e7791041","bricks-advanced-themer__brxc_spacing_variables_repeater_5_brxc_spacing_label":"size-clamp--xl","_bricks-advanced-themer__brxc_spacing_variables_repeater_5_brxc_spacing_label":"field_63a6a53f31bbc","bricks-advanced-themer__brxc_spacing_variables_repeater_5_brxc_spacing_min_value":"40","_bricks-advanced-themer__brxc_spacing_variables_repeater_5_brxc_spacing_min_value":"field_63a6a55c31bbd","bricks-advanced-themer__brxc_spacing_variables_repeater_5_brxc_spacing_max_value":"60","_bricks-advanced-themer__brxc_spacing_variables_repeater_5_brxc_spacing_max_value":"field_63a82e7791041","bricks-advanced-themer__brxc_spacing_variables_repeater_6_brxc_spacing_label":"size-clamp--2xl","_bricks-advanced-themer__brxc_spacing_variables_repeater_6_brxc_spacing_label":"field_63a6a53f31bbc","bricks-advanced-themer__brxc_spacing_variables_repeater_6_brxc_spacing_min_value":"60","_bricks-advanced-themer__brxc_spacing_variables_repeater_6_brxc_spacing_min_value":"field_63a6a55c31bbd","bricks-advanced-themer__brxc_spacing_variables_repeater_6_brxc_spacing_max_value":"80","_bricks-advanced-themer__brxc_spacing_variables_repeater_6_brxc_spacing_max_value":"field_63a82e7791041","bricks-advanced-themer__brxc_spacing_variables_repeater_7_brxc_spacing_label":"size-clamp--3xl","_bricks-advanced-themer__brxc_spacing_variables_repeater_7_brxc_spacing_label":"field_63a6a53f31bbc","bricks-advanced-themer__brxc_spacing_variables_repeater_7_brxc_spacing_min_value":"80","_bricks-advanced-themer__brxc_spacing_variables_repeater_7_brxc_spacing_min_value":"field_63a6a55c31bbd","bricks-advanced-themer__brxc_spacing_variables_repeater_7_brxc_spacing_max_value":"120","_bricks-advanced-themer__brxc_spacing_variables_repeater_7_brxc_spacing_max_value":"field_63a82e7791041","bricks-advanced-themer__brxc_spacing_variables_repeater":"9","_bricks-advanced-themer__brxc_spacing_variables_repeater":"field_63a6a51731bbb","bricks-advanced-themer__brxc_border_simple_variables_repeater":"","_bricks-advanced-themer__brxc_border_simple_variables_repeater":"field_63c8f17ytr545","bricks-advanced-themer__brxc_border_variables_repeater_0_brxc_border_label":"radius-img","_bricks-advanced-themer__brxc_border_variables_repeater_0_brxc_border_label":"field_63c8f17f5e2ee","bricks-advanced-themer__brxc_border_variables_repeater_0_brxc_border_min_value":"16","_bricks-advanced-themer__brxc_border_variables_repeater_0_brxc_border_min_value":"field_63c8f17f5e2ef","bricks-advanced-themer__brxc_border_variables_repeater_0_brxc_border_max_value":"24","_bricks-advanced-themer__brxc_border_variables_repeater_0_brxc_border_max_value":"field_63c8f17f5e2f0","bricks-advanced-themer__brxc_border_variables_repeater_1_brxc_border_label":"radius-card","_bricks-advanced-themer__brxc_border_variables_repeater_1_brxc_border_label":"field_63c8f17f5e2ee","bricks-advanced-themer__brxc_border_variables_repeater_1_brxc_border_min_value":"6","_bricks-advanced-themer__brxc_border_variables_repeater_1_brxc_border_min_value":"field_63c8f17f5e2ef","bricks-advanced-themer__brxc_border_variables_repeater_1_brxc_border_max_value":"12","_bricks-advanced-themer__brxc_border_variables_repeater_1_brxc_border_max_value":"field_63c8f17f5e2f0","bricks-advanced-themer__brxc_border_variables_repeater_2_brxc_border_label":"radius-btn","_bricks-advanced-themer__brxc_border_variables_repeater_2_brxc_border_label":"field_63c8f17f5e2ee","bricks-advanced-themer__brxc_border_variables_repeater_2_brxc_border_min_value":"4","_bricks-advanced-themer__brxc_border_variables_repeater_2_brxc_border_min_value":"field_63c8f17f5e2ef","bricks-advanced-themer__brxc_border_variables_repeater_2_brxc_border_max_value":"8","_bricks-advanced-themer__brxc_border_variables_repeater_2_brxc_border_max_value":"field_63c8f17f5e2f0","bricks-advanced-themer__brxc_border_variables_repeater":"3","_bricks-advanced-themer__brxc_border_variables_repeater":"field_63c8f17f5e2ed","bricks-advanced-themer__brxc_box_shadow_variables_repeater":"","_bricks-advanced-themer__brxc_box_shadow_variables_repeater":"field_63c8f17s4stt6","bricks-advanced-themer__brxc_width_variables_repeater":"","_bricks-advanced-themer__brxc_width_variables_repeater":"field_63c8f17ppo69i","bricks-advanced-themer__brxc_misc_category_repeater":"","_bricks-advanced-themer__brxc_misc_category_repeater":"field_64066a105f7ec","bricks-advanced-themer__brxc_enable_class_and_styles_features":["class-importer","advanced-css"],"_bricks-advanced-themer__brxc_enable_class_and_styles_features":"field_641aferxdk11m","bricks-advanced-themer__brxc_grid_builder_repeater_0_brxc_grid_id":"","_bricks-advanced-themer__brxc_grid_builder_repeater_0_brxc_grid_id":"field_63b49e528fc9c","bricks-advanced-themer__brxc_grid_builder_repeater_0_brxc_grid_class":"grid-3","_bricks-advanced-themer__brxc_grid_builder_repeater_0_brxc_grid_class":"field_63b48c6f1b20b","bricks-advanced-themer__brxc_grid_builder_repeater_0_brxc_grid_gap":"2rem","_bricks-advanced-themer__brxc_grid_builder_repeater_0_brxc_grid_gap":"field_63b48d7e1b20e","bricks-advanced-themer__brxc_grid_builder_repeater_0_brxc_grid_max_col":"3","_bricks-advanced-themer__brxc_grid_builder_repeater_0_brxc_grid_max_col":"field_63b48c6f1b20c","bricks-advanced-themer__brxc_grid_builder_repeater_0_brxc_grid_min_width":"280","_bricks-advanced-themer__brxc_grid_builder_repeater_0_brxc_grid_min_width":"field_63b48c6f1b20d","bricks-advanced-themer__brxc_grid_builder_repeater":"1","_bricks-advanced-themer__brxc_grid_builder_repeater":"field_63b48c6f1b20a","bricks-advanced-themer__brxc_advanced_css_panels":["imported-css","css-variables"],"_bricks-advanced-themer__brxc_advanced_css_panels":"field_64d8r1j6bf980","bricks-advanced-themer__brxc_enable_builder_tweaks_features":["global-features","structure-panel","classes-and-styles","elements","keyboard-shortcuts"],"_bricks-advanced-themer__brxc_enable_builder_tweaks_features":"field_641aferddwwp5","bricks-advanced-themer__brxc_enable_global_features":["X-Mode","Contrast Checker","Open in a New Tab"],"_bricks-advanced-themer__brxc_enable_global_features":"field_641af47fbf980","bricks-advanced-themer__brxc_structure_panel_icons":["find-and-replace","tags"],"_bricks-advanced-themer__brxc_structure_panel_icons":"field_641af47dd8vp","bricks-advanced-themer__brxc_default_tag_view":"none","_bricks-advanced-themer__brxc_default_tag_view":"field_63d651dddr715","bricks-advanced-themer__brxc_structure_panel_contextual_menu":["hide-element","extend-classes-and-styles","find-and-replace-styles","class-converter"],"_bricks-advanced-themer__brxc_structure_panel_contextual_menu":"field_641af4eeoch5","bricks-advanced-themer__brxc_structure_panel_general_tweaks":["new-element-shortcuts","styles-and-classes-indicators","resizable-structure-panel"],"_bricks-advanced-themer__brxc_structure_panel_general_tweaks":"field_641af4wox5p1","bricks-advanced-themer__brxc_elements_shortcuts":["section","container","block","div","heading","text-basic","text","button","icon","image"],"_bricks-advanced-themer__brxc_elements_shortcuts":"field_6426ffg54d84a","bricks-advanced-themer__brxc_styles_and_classes_indicator_colors":"colored","_bricks-advanced-themer__brxc_styles_and_classes_indicator_colors":"field_63d651ddrf5c2","bricks-advanced-themer__brxc_builder_tweaks_for_classes":["extend-classes","find-and-replace","reorder-classes","variable-picker","autocomplete-variable","plain-classes","export-styles-to-class","highlight-classes","count-classes","color-preview","class-preview","media-query-indicator","class-indicator","breakpoint-indicator","locked-class-indicator","clone-class","copy-class-to-clipboard"],"_bricks-advanced-themer__brxc_builder_tweaks_for_classes":"field_64074j8de4756","bricks-advanced-themer__brxc_builder_tweaks_for_elements":"","_bricks-advanced-themer__brxc_builder_tweaks_for_elements":"field_64074ge58dfj2","bricks-advanced-themer__brxc_shortcut_grid_guides":"i","_bricks-advanced-themer__brxc_shortcut_grid_guides":"field_63dba4f8f5056","bricks-advanced-themer__brxc_shortcut_xmode":"j","_bricks-advanced-themer__brxc_shortcut_xmode":"field_63dba4b8f5055","bricks-advanced-themer__brxc_shortcut_contrast_checker":"k","_bricks-advanced-themer__brxc_shortcut_contrast_checker":"field_63dba510f5057","bricks-advanced-themer__brxc_shortcut_darkmode":"z","_bricks-advanced-themer__brxc_shortcut_darkmode":"field_63dba543f5058","bricks-advanced-themer__brxc_shortcut_stylesheet":"l","_bricks-advanced-themer__brxc_shortcut_stylesheet":"field_63dba55ff5059","bricks-advanced-themer__brxc_shortcut_resources":"x","_bricks-advanced-themer__brxc_shortcut_resources":"field_63dba59df505a","bricks-advanced-themer__brxc_shortcut_openai":"o","_bricks-advanced-themer__brxc_shortcut_openai":"field_6418f83d91c38","bricks-advanced-themer__brxc_shortcut_brickslabs":"n","_bricks-advanced-themer__brxc_shortcut_brickslabs":"field_641tt54fe1c38","bricks-advanced-themer__brxc_change_accent_color":"#ffd64f","_bricks-advanced-themer__brxc_change_accent_color":"field_640660aee91e4","bricks-advanced-themer__brxc_disable_toolbar_icons":"","_bricks-advanced-themer__brxc_disable_toolbar_icons":"field_64065d4de47ca","bricks-advanced-themer__brxc_enable_strict_editor_view_elements":"","_bricks-advanced-themer__brxc_enable_strict_editor_view_elements":"field_63e0ccbf3f5d0","bricks-advanced-themer__brxc_strict_editor_view_tweaks":"","_bricks-advanced-themer__brxc_strict_editor_view_tweaks":"field_64065d4ttv4z2","bricks-advanced-themer__brxc_spacing_variables_repeater_8_brxc_spacing_label":"size-clamp--4xl","_bricks-advanced-themer__brxc_spacing_variables_repeater_8_brxc_spacing_label":"field_63a6a53f31bbc","bricks-advanced-themer__brxc_spacing_variables_repeater_8_brxc_spacing_min_value":"120","_bricks-advanced-themer__brxc_spacing_variables_repeater_8_brxc_spacing_min_value":"field_63a6a55c31bbd","bricks-advanced-themer__brxc_spacing_variables_repeater_8_brxc_spacing_max_value":"160","_bricks-advanced-themer__brxc_spacing_variables_repeater_8_brxc_spacing_max_value":"field_63a82e7791041"}