{"label":"Google Routing","status":"draft","count_stat_view":"0","count_stat_save":"0","count_stat_submit":"0","count_submit":0,"count_submit_unread":"0","id":"4956","groups":[{"label":"Tab","sort_index":"1","id":"9067","sections":[{"label":"Route","child_count":"0","sort_index":"1","id":"21900","meta":{"label_render":"on","hidden_section":"","section_repeatable":"","section_repeat_label":"","section_repeat_default":"","class_single_vertical_align":"","conversational_full_height_section":"","class_section_wrapper":"","disabled_section":"","section_user_status":"","section_user_roles":[],"section_user_capabilities":[],"validate_inline":"","section_repeat_min":"","section_repeat_max":"","section_repeatable_delimiter_section":",","section_repeatable_delimiter_row":";","breakpoint_size_25":"","breakpoint_size_75":"","breakpoint_sizes":"","breakpoint_offset_25":"","breakpoint_size_50":"","breakpoint_offset_50":"","breakpoint_offset_75":"","breakpoint_size_100":"","breakpoint_offset_100":"","breakpoint_size_150":"","breakpoint_offset_150":""},"fields":[{"label":"Note","type":"note","date_updated":"2023-04-14 21:46:03","sort_index":"1","id":"113102","meta":{"text_editor":"This demo shows the full capabilities of the Google Routing field.\n\nChoose a start and end address and WS Form will make a call to the Directions Service provided by Google Maps JavaScript API to retrieve routing information. The outputs are mapped to various fields on this form.\n\nIn this example, the Google Routing field is used to show the distance as a text description. You can also hide the Google Routing field if necessary (e.g. if you only want to show the route on a map).\n\n<a href=\"https:\/\/wsform.com\/knowledgebase\/google-routing\" target=\"_blank\" rel=\"noopener\">Learn more about the Google Routing field<\/a>","html_editor":""}},{"label":"Note","type":"note","date_updated":"2023-04-14 21:47:10","sort_index":"2","id":"113110","meta":{"text_editor":"In this example, Google Address fields are used to determine the start and end addresses. You can also use other field types to allow users to enter an address manually, use a hidden field to specify a fixed start &amp; end address or even use a longitude,latitude string.\n\n<a href=\"https:\/\/wsform.com\/knowledgebase\/google-address\/\" target=\"_blank\" rel=\"noopener\">Learn more about Google Address fields<\/a>","html_editor":""}},{"label":"Start","type":"googleaddress","date_updated":"2023-04-14 19:40:15","sort_index":"3","id":"113029","meta":{"label_render":"on","required":"","hidden":"","placeholder":"","help":"","google_address_field_mapping":[{"google_address_component":"formatted_address","ws_form_field":"113029"}],"google_address_map":"","google_address_map_zoom":"14","aria_label":"","exclude_email":"","wc_exclude_cart":"","hidden_bypass":"","label_position":"default","label_column_width":"default","class_single_vertical_align":"","class_field_wrapper":"","class_field":"","text_reset":"","google_address_restriction_business":"","google_address_restriction_country":[],"field_user_status":"","field_user_roles":[],"field_user_capabilities":[],"invalid_feedback_render":"on","validate_inline":"","invalid_feedback":"","custom_attributes":[],"google_address_locality":"56664","google_address_aal1":"56665","google_address_aal2":"56666","google_address_postal_code":"56667","google_address_country":"56668","breakpoint_sizes":"","breakpoint_size_50":"6"}},{"label":"End","type":"googleaddress","date_updated":"2023-04-14 19:40:20","sort_index":"4","id":"113030","meta":{"label_render":"on","required":"","hidden":"","placeholder":"","help":"","google_address_field_mapping":[{"google_address_component":"formatted_address","ws_form_field":"113030"}],"google_address_map":"","google_address_map_zoom":"14","aria_label":"","exclude_email":"","wc_exclude_cart":"","hidden_bypass":"","label_position":"default","label_column_width":"default","class_single_vertical_align":"","class_field_wrapper":"","class_field":"","text_reset":"","google_address_restriction_business":"","google_address_restriction_country":[],"field_user_status":"","field_user_roles":[],"field_user_capabilities":[],"invalid_feedback_render":"on","validate_inline":"","invalid_feedback":"","custom_attributes":[],"google_address_locality":"56664","google_address_aal1":"56665","google_address_aal2":"56666","google_address_postal_code":"56667","google_address_country":"56668","breakpoint_sizes":"","breakpoint_size_50":"6"}}]},{"label":"Geolocation","child_count":"0","sort_index":"2","id":"21906","meta":{"label_render":"","hidden_section":"","section_repeatable":"","section_repeat_label":"","section_repeat_default":"","class_single_vertical_align":"","conversational_full_height_section":"","class_section_wrapper":"","disabled_section":"","section_user_status":"","section_user_roles":"","section_user_capabilities":"","validate_inline":"","section_repeat_min":"","section_repeat_max":"","section_repeatable_delimiter_section":",","section_repeatable_delimiter_row":";","breakpoint_size_25":"","breakpoint_size_50":"","breakpoint_size_75":"","breakpoint_size_100":"","breakpoint_size_150":""},"fields":[{"label":"From Latitude and Longitude","type":"text","date_updated":"2023-04-14 06:45:57","sort_index":"1","id":"113050","meta":{"label_render":"on","required":"","hidden":"","default_value":"","placeholder":"","help":"","autocomplete":"","inputmode":"","prepend":"","append":"","aria_label":"","exclude_email":"","wc_exclude_cart":"","hidden_bypass":"","label_position":"default","label_column_width":"default","class_single_vertical_align":"","class_field_wrapper":"","class_field":"","disabled":"","readonly":"","min_length":"","max_length":"","min_length_words":"","max_length_words":"","input_mask":"","pattern":"","field_user_status":"","field_user_roles":"","field_user_capabilities":"","transform":"","dedupe":"","dedupe_period":"","dedupe_message":"","invalid_feedback_render":"on","validate_inline":"","invalid_feedback":"","custom_attributes":"","data_grid_datalist":{"rows_per_page":10,"group_index":0,"default":[],"columns":[{"id":0,"label":"Value"},{"id":1,"label":"Label"}],"groups":[{"label":"Values","page":0,"disabled":"","mask_group":"","rows":[]}]},"datalist_field_text":"1","datalist_field_value":"0","breakpoint_size_25":"6"}},{"label":"To Latitude and Longitude","type":"text","date_updated":"2023-04-14 07:36:52","sort_index":"2","id":"113051","meta":{"label_render":"on","required":"","hidden":"","default_value":"","placeholder":"","help":"","autocomplete":"","inputmode":"","prepend":"","append":"","aria_label":"","exclude_email":"","wc_exclude_cart":"","hidden_bypass":"","label_position":"default","label_column_width":"default","class_single_vertical_align":"","class_field_wrapper":"","class_field":"","disabled":"","readonly":"","min_length":"","max_length":"","min_length_words":"","max_length_words":"","input_mask":"","pattern":"","field_user_status":"","field_user_roles":"","field_user_capabilities":"","transform":"","dedupe":"","dedupe_period":"","dedupe_message":"","invalid_feedback_render":"on","validate_inline":"","invalid_feedback":"","custom_attributes":"","data_grid_datalist":{"rows_per_page":10,"group_index":0,"default":[],"columns":[{"id":0,"label":"Value"},{"id":1,"label":"Label"}],"groups":[{"label":"Values","page":0,"disabled":"","mask_group":"","rows":[]}]},"datalist_field_text":"1","datalist_field_value":"0","breakpoint_size_25":"6"}}]},{"label":"Distance","child_count":"0","sort_index":"3","id":"21901","meta":{"label_render":"on","hidden_section":"","section_repeatable":"","section_repeat_label":"","section_repeat_default":"","class_single_vertical_align":"","conversational_full_height_section":"","class_section_wrapper":"","disabled_section":"","section_user_status":"","section_user_roles":[],"section_user_capabilities":[],"validate_inline":"","section_repeat_min":"","section_repeat_max":"","section_repeatable_delimiter_section":",","section_repeatable_delimiter_row":";","breakpoint_size_25":"","breakpoint_size_50":"6","breakpoint_size_75":"","breakpoint_size_100":"","breakpoint_size_150":"","breakpoint_sizes":""},"fields":[{"label":"Note","type":"note","date_updated":"2023-04-14 21:35:37","sort_index":"1","id":"113104","meta":{"text_editor":"The Google Routing field is below.","html_editor":""}},{"label":"Distance (Text)","type":"googleroute","date_updated":"2023-04-14 20:55:51","sort_index":"2","id":"113048","meta":{"label_render":"on","required":"","hidden":"","help":"","google_route_field_id_origin":"113029","google_route_field_id_destination":"113030","google_route_field_mapping":[{"google_route_element":"distance_text","ws_form_field":"113048"},{"google_route_element":"distance_value_metric","ws_form_field":"113034"},{"google_route_element":"distance_value_metric_km","ws_form_field":"113033"},{"google_route_element":"distance_value_imperial_yard","ws_form_field":"113032"},{"google_route_element":"distance_value_imperial","ws_form_field":"113031"},{"google_route_element":"duration_text","ws_form_field":"113035"},{"google_route_element":"duration_value","ws_form_field":"113036"},{"google_route_element":"duration_value_minute","ws_form_field":"113037"},{"google_route_element":"duration_value_hour","ws_form_field":"113038"},{"google_route_element":"duration_value_day","ws_form_field":"113039"},{"google_route_element":"duration_value_week","ws_form_field":"113040"},{"google_route_element":"duration_value_year","ws_form_field":"113041"},{"google_route_element":"distance_value_imperial","ws_form_field":"113043"},{"google_route_element":"distance_value_imperial","ws_form_field":"113045"},{"google_route_element":"start_lat_lng","ws_form_field":"113050"},{"google_route_element":"end_lat_lng","ws_form_field":"113051"},{"google_route_element":"summary","ws_form_field":"113052"}],"google_route_travel_mode":"DRIVING","google_route_unit_system":"METRIC","google_route_avoid_highways":"","google_route_avoid_tolls":"","google_route_avoid_ferries":"","google_route_map":"113047","aria_label":"","exclude_email":"","wc_exclude_cart":"","hidden_bypass":"","label_position":"default","label_column_width":"default","class_single_vertical_align":"","class_field_wrapper":"","class_field":"","text_reset":"","field_user_status":"","field_user_roles":[],"field_user_capabilities":[],"invalid_feedback_render":"on","validate_inline":"","invalid_feedback":"","custom_attributes":[],"breakpoint_sizes":""}},{"label":"Distance (Miles)","type":"text","date_updated":"2023-04-14 06:15:04","sort_index":"3","id":"113031","meta":{"label_render":"on","required":"","hidden":"","default_value":"","placeholder":"","help":"","autocomplete":"","inputmode":"","prepend":"","append":"","aria_label":"","exclude_email":"","wc_exclude_cart":"","hidden_bypass":"","label_position":"default","label_column_width":"default","class_single_vertical_align":"","class_field_wrapper":"","class_field":"","disabled":"","readonly":"","min_length":"","max_length":"","min_length_words":"","max_length_words":"","input_mask":"","pattern":"","field_user_status":"","field_user_roles":"","field_user_capabilities":"","transform":"","dedupe":"","dedupe_period":"","dedupe_message":"","invalid_feedback_render":"on","validate_inline":"","invalid_feedback":"","custom_attributes":"","data_grid_datalist":{"rows_per_page":10,"group_index":0,"default":[],"columns":[{"id":0,"label":"Value"},{"id":1,"label":"Label"}],"groups":[{"label":"Values","page":0,"disabled":"","mask_group":"","rows":[]}]},"datalist_field_text":"1","datalist_field_value":"0","breakpoint_size_25":"6"}},{"label":"Distance (Yard)","type":"text","date_updated":"2023-04-14 06:15:04","sort_index":"4","id":"113032","meta":{"label_render":"on","required":"","hidden":"","default_value":"","placeholder":"","help":"","autocomplete":"","inputmode":"","prepend":"","append":"","aria_label":"","exclude_email":"","wc_exclude_cart":"","hidden_bypass":"","label_position":"default","label_column_width":"default","class_single_vertical_align":"","class_field_wrapper":"","class_field":"","disabled":"","readonly":"","min_length":"","max_length":"","min_length_words":"","max_length_words":"","input_mask":"","pattern":"","field_user_status":"","field_user_roles":"","field_user_capabilities":"","transform":"","dedupe":"","dedupe_period":"","dedupe_message":"","invalid_feedback_render":"on","validate_inline":"","invalid_feedback":"","custom_attributes":"","data_grid_datalist":{"rows_per_page":10,"group_index":0,"default":[],"columns":[{"id":0,"label":"Value"},{"id":1,"label":"Label"}],"groups":[{"label":"Values","page":0,"disabled":"","mask_group":"","rows":[]}]},"datalist_field_text":"1","datalist_field_value":"0","breakpoint_size_25":"6"}},{"label":"Distance (Kilometers)","type":"text","date_updated":"2023-04-14 06:15:04","sort_index":"5","id":"113033","meta":{"label_render":"on","required":"","hidden":"","default_value":"","placeholder":"","help":"","autocomplete":"","inputmode":"","prepend":"","append":"","aria_label":"","exclude_email":"","wc_exclude_cart":"","hidden_bypass":"","label_position":"default","label_column_width":"default","class_single_vertical_align":"","class_field_wrapper":"","class_field":"","disabled":"","readonly":"","min_length":"","max_length":"","min_length_words":"","max_length_words":"","input_mask":"","pattern":"","field_user_status":"","field_user_roles":"","field_user_capabilities":"","transform":"","dedupe":"","dedupe_period":"","dedupe_message":"","invalid_feedback_render":"on","validate_inline":"","invalid_feedback":"","custom_attributes":"","data_grid_datalist":{"rows_per_page":10,"group_index":0,"default":[],"columns":[{"id":0,"label":"Value"},{"id":1,"label":"Label"}],"groups":[{"label":"Values","page":0,"disabled":"","mask_group":"","rows":[]}]},"datalist_field_text":"1","datalist_field_value":"0","breakpoint_size_25":"6"}},{"label":"Distance (Meters)","type":"text","date_updated":"2023-04-14 06:15:04","sort_index":"6","id":"113034","meta":{"label_render":"on","required":"","hidden":"","default_value":"","placeholder":"","help":"","autocomplete":"","inputmode":"","prepend":"","append":"","aria_label":"","exclude_email":"","wc_exclude_cart":"","hidden_bypass":"","label_position":"default","label_column_width":"default","class_single_vertical_align":"","class_field_wrapper":"","class_field":"","disabled":"","readonly":"","min_length":"","max_length":"","min_length_words":"","max_length_words":"","input_mask":"","pattern":"","field_user_status":"","field_user_roles":"","field_user_capabilities":"","transform":"","dedupe":"","dedupe_period":"","dedupe_message":"","invalid_feedback_render":"on","validate_inline":"","invalid_feedback":"","custom_attributes":"","data_grid_datalist":{"rows_per_page":10,"group_index":0,"default":[],"columns":[{"id":0,"label":"Value"},{"id":1,"label":"Label"}],"groups":[{"label":"Values","page":0,"disabled":"","mask_group":"","rows":[]}]},"datalist_field_text":"1","datalist_field_value":"0","breakpoint_size_25":"6"}}]},{"label":"Duration","child_count":"0","sort_index":"4","id":"21902","meta":{"label_render":"on","hidden_section":"","section_repeatable":"","section_repeat_label":"","section_repeat_default":"","class_single_vertical_align":"","conversational_full_height_section":"","class_section_wrapper":"","disabled_section":"","section_user_status":"","section_user_roles":[],"section_user_capabilities":[],"validate_inline":"","section_repeat_min":"","section_repeat_max":"","section_repeatable_delimiter_section":",","section_repeatable_delimiter_row":";","breakpoint_size_25":"","breakpoint_size_50":"6","breakpoint_size_75":"","breakpoint_size_100":"","breakpoint_size_150":"","breakpoint_sizes":""},"fields":[{"label":"Duration (Text)","type":"text","date_updated":"2023-04-14 07:20:41","sort_index":"1","id":"113035","meta":{"label_render":"on","required":"","hidden":"","default_value":"","placeholder":"","help":"","autocomplete":"","inputmode":"","prepend":"","append":"","aria_label":"","exclude_email":"","wc_exclude_cart":"","hidden_bypass":"","label_position":"default","label_column_width":"default","class_single_vertical_align":"","class_field_wrapper":"","class_field":"","disabled":"","readonly":"","min_length":"","max_length":"","min_length_words":"","max_length_words":"","input_mask":"","pattern":"","field_user_status":"","field_user_roles":"","field_user_capabilities":"","transform":"","dedupe":"","dedupe_period":"","dedupe_message":"","invalid_feedback_render":"on","validate_inline":"","invalid_feedback":"","custom_attributes":"","data_grid_datalist":{"rows_per_page":10,"group_index":0,"default":[],"columns":[{"id":0,"label":"Value"},{"id":1,"label":"Label"}],"groups":[{"label":"Values","page":0,"disabled":"","mask_group":"","rows":[]}]},"datalist_field_text":"1","datalist_field_value":"0","breakpoint_size_25":"","breakpoint_size_50":""}},{"label":"Duration (Seconds)","type":"text","date_updated":"2023-04-14 06:15:04","sort_index":"2","id":"113036","meta":{"label_render":"on","required":"","hidden":"","default_value":"","placeholder":"","help":"","autocomplete":"","inputmode":"","prepend":"","append":"","aria_label":"","exclude_email":"","wc_exclude_cart":"","hidden_bypass":"","label_position":"default","label_column_width":"default","class_single_vertical_align":"","class_field_wrapper":"","class_field":"","disabled":"","readonly":"","min_length":"","max_length":"","min_length_words":"","max_length_words":"","input_mask":"","pattern":"","field_user_status":"","field_user_roles":"","field_user_capabilities":"","transform":"","dedupe":"","dedupe_period":"","dedupe_message":"","invalid_feedback_render":"on","validate_inline":"","invalid_feedback":"","custom_attributes":"","data_grid_datalist":{"rows_per_page":10,"group_index":0,"default":[],"columns":[{"id":0,"label":"Value"},{"id":1,"label":"Label"}],"groups":[{"label":"Values","page":0,"disabled":"","mask_group":"","rows":[]}]},"datalist_field_text":"1","datalist_field_value":"0","breakpoint_size_25":"6"}},{"label":"Duration (Minutes)","type":"text","date_updated":"2023-04-14 06:15:05","sort_index":"3","id":"113037","meta":{"label_render":"on","required":"","hidden":"","default_value":"","placeholder":"","help":"","autocomplete":"","inputmode":"","prepend":"","append":"","aria_label":"","exclude_email":"","wc_exclude_cart":"","hidden_bypass":"","label_position":"default","label_column_width":"default","class_single_vertical_align":"","class_field_wrapper":"","class_field":"","disabled":"","readonly":"","min_length":"","max_length":"","min_length_words":"","max_length_words":"","input_mask":"","pattern":"","field_user_status":"","field_user_roles":"","field_user_capabilities":"","transform":"","dedupe":"","dedupe_period":"","dedupe_message":"","invalid_feedback_render":"on","validate_inline":"","invalid_feedback":"","custom_attributes":"","data_grid_datalist":{"rows_per_page":10,"group_index":0,"default":[],"columns":[{"id":0,"label":"Value"},{"id":1,"label":"Label"}],"groups":[{"label":"Values","page":0,"disabled":"","mask_group":"","rows":[]}]},"datalist_field_text":"1","datalist_field_value":"0","breakpoint_size_25":"6"}},{"label":"Duration (Hours)","type":"text","date_updated":"2023-04-14 06:15:05","sort_index":"4","id":"113038","meta":{"label_render":"on","required":"","hidden":"","default_value":"","placeholder":"","help":"","autocomplete":"","inputmode":"","prepend":"","append":"","aria_label":"","exclude_email":"","wc_exclude_cart":"","hidden_bypass":"","label_position":"default","label_column_width":"default","class_single_vertical_align":"","class_field_wrapper":"","class_field":"","disabled":"","readonly":"","min_length":"","max_length":"","min_length_words":"","max_length_words":"","input_mask":"","pattern":"","field_user_status":"","field_user_roles":"","field_user_capabilities":"","transform":"","dedupe":"","dedupe_period":"","dedupe_message":"","invalid_feedback_render":"on","validate_inline":"","invalid_feedback":"","custom_attributes":"","data_grid_datalist":{"rows_per_page":10,"group_index":0,"default":[],"columns":[{"id":0,"label":"Value"},{"id":1,"label":"Label"}],"groups":[{"label":"Values","page":0,"disabled":"","mask_group":"","rows":[]}]},"datalist_field_text":"1","datalist_field_value":"0","breakpoint_size_25":"6"}},{"label":"Duration (Days)","type":"text","date_updated":"2023-04-14 06:15:05","sort_index":"5","id":"113039","meta":{"label_render":"on","required":"","hidden":"","default_value":"","placeholder":"","help":"","autocomplete":"","inputmode":"","prepend":"","append":"","aria_label":"","exclude_email":"","wc_exclude_cart":"","hidden_bypass":"","label_position":"default","label_column_width":"default","class_single_vertical_align":"","class_field_wrapper":"","class_field":"","disabled":"","readonly":"","min_length":"","max_length":"","min_length_words":"","max_length_words":"","input_mask":"","pattern":"","field_user_status":"","field_user_roles":"","field_user_capabilities":"","transform":"","dedupe":"","dedupe_period":"","dedupe_message":"","invalid_feedback_render":"on","validate_inline":"","invalid_feedback":"","custom_attributes":"","data_grid_datalist":{"rows_per_page":10,"group_index":0,"default":[],"columns":[{"id":0,"label":"Value"},{"id":1,"label":"Label"}],"groups":[{"label":"Values","page":0,"disabled":"","mask_group":"","rows":[]}]},"datalist_field_text":"1","datalist_field_value":"0","breakpoint_size_25":"6"}},{"label":"Duration (Weeks)","type":"text","date_updated":"2023-04-14 06:15:05","sort_index":"6","id":"113040","meta":{"label_render":"on","required":"","hidden":"","default_value":"","placeholder":"","help":"","autocomplete":"","inputmode":"","prepend":"","append":"","aria_label":"","exclude_email":"","wc_exclude_cart":"","hidden_bypass":"","label_position":"default","label_column_width":"default","class_single_vertical_align":"","class_field_wrapper":"","class_field":"","disabled":"","readonly":"","min_length":"","max_length":"","min_length_words":"","max_length_words":"","input_mask":"","pattern":"","field_user_status":"","field_user_roles":"","field_user_capabilities":"","transform":"","dedupe":"","dedupe_period":"","dedupe_message":"","invalid_feedback_render":"on","validate_inline":"","invalid_feedback":"","custom_attributes":"","data_grid_datalist":{"rows_per_page":10,"group_index":0,"default":[],"columns":[{"id":0,"label":"Value"},{"id":1,"label":"Label"}],"groups":[{"label":"Values","page":0,"disabled":"","mask_group":"","rows":[]}]},"datalist_field_text":"1","datalist_field_value":"0","breakpoint_size_25":"6"}},{"label":"Duration (Years)","type":"text","date_updated":"2023-04-14 06:15:05","sort_index":"7","id":"113041","meta":{"label_render":"on","required":"","hidden":"","default_value":"","placeholder":"","help":"","autocomplete":"","inputmode":"","prepend":"","append":"","aria_label":"","exclude_email":"","wc_exclude_cart":"","hidden_bypass":"","label_position":"default","label_column_width":"default","class_single_vertical_align":"","class_field_wrapper":"","class_field":"","disabled":"","readonly":"","min_length":"","max_length":"","min_length_words":"","max_length_words":"","input_mask":"","pattern":"","field_user_status":"","field_user_roles":"","field_user_capabilities":"","transform":"","dedupe":"","dedupe_period":"","dedupe_message":"","invalid_feedback_render":"on","validate_inline":"","invalid_feedback":"","custom_attributes":"","data_grid_datalist":{"rows_per_page":10,"group_index":0,"default":[],"columns":[{"id":0,"label":"Value"},{"id":1,"label":"Label"}],"groups":[{"label":"Values","page":0,"disabled":"","mask_group":"","rows":[]}]},"datalist_field_text":"1","datalist_field_value":"0","breakpoint_size_25":"6"}}]},{"label":"E-Commerce Example","child_count":"0","sort_index":"5","id":"21903","meta":{"label_render":"on","hidden_section":"","section_repeatable":"","section_repeat_label":"","section_repeat_default":"","class_single_vertical_align":"","conversational_full_height_section":"","class_section_wrapper":"","disabled_section":"","section_user_status":"","section_user_roles":[],"section_user_capabilities":[],"validate_inline":"","section_repeat_min":"","section_repeat_max":"","section_repeatable_delimiter_section":",","section_repeatable_delimiter_row":";","breakpoint_size_25":"","breakpoint_size_50":"6","breakpoint_size_75":"","breakpoint_size_100":"","breakpoint_size_150":"","breakpoint_sizes":""},"fields":[{"label":"Note","type":"note","date_updated":"2023-04-14 21:50:42","sort_index":"1","id":"113107","meta":{"text_editor":"This is an example of using WS Form e-commerce fields in conjunction with distance information.\n\n<a href=\"https:\/\/wsform.com\/knowledgebase\/introduction-e-commerce\/\" target=\"_blank\" rel=\"noopener\">Learn more about e-commerce fields<\/a>","html_editor":""}},{"label":"Price Per Mile","type":"price","date_updated":"2023-04-14 06:15:05","sort_index":"2","id":"113042","meta":{"label_render":"on","hidden":"","text_align":"right","default_value":"12.34","ecommerce_price_negative":"","placeholder":"","help":"","autocomplete":"","prepend":"","append":"","aria_label":"","exclude_email":"","exclude_cart_total":"","wc_exclude_cart":"","hidden_bypass":"","ecommerce_calculation_persist":"","label_position":"default","label_column_width":"default","class_single_vertical_align":"","class_field_wrapper":"","class_field":"","disabled":"","readonly":"","ecommerce_price_min":"","ecommerce_price_max":"","field_user_status":"","field_user_roles":[],"field_user_capabilities":[],"invalid_feedback_render":"on","validate_inline":"","invalid_feedback":"","custom_attributes":[],"data_grid_datalist":{"rows_per_page":10,"group_index":0,"default":[],"columns":[{"id":0,"label":"Value"},{"id":1,"label":"Label"}],"groups":[{"label":"Values","page":0,"disabled":"","mask_group":"","rows":[]}]},"datalist_field_text":"1","datalist_field_value":"0","breakpoint_size_25":"4","breakpoint_sizes":"","data_source_id":"","wsf-data-grid-auto-group":"0"}},{"label":"Quantity","type":"quantity","date_updated":"2023-04-14 06:15:05","sort_index":"3","id":"113043","meta":{"label_render":"on","required":"","hidden":"","text_align":"center","ecommerce_field_id":"113042","default_value":"0","placeholder":"","help":"","autocomplete":"","prepend":"","append":"","aria_label":"","exclude_email":"","wc_exclude_cart":"","hidden_bypass":"","label_position":"default","label_column_width":"default","class_single_vertical_align":"","number_no_spinner":"","class_field_wrapper":"","class_field":"","disabled":"","readonly":"","ecommerce_quantity_min":"0","max":"","step":"any","field_user_status":"","field_user_roles":[],"field_user_capabilities":[],"invalid_feedback_render":"on","validate_inline":"","invalid_feedback":"","custom_attributes":[],"data_grid_datalist":{"rows_per_page":10,"group_index":0,"default":[],"columns":[{"id":0,"label":"Value"},{"id":1,"label":"Label"}],"groups":[{"label":"Values","page":0,"disabled":"","mask_group":"","rows":[]}]},"datalist_field_text":"1","datalist_field_value":"0","breakpoint_size_25":"4","breakpoint_sizes":"","data_source_id":"","wsf-data-grid-auto-group":"0"}},{"label":"Price Subtotal","type":"price_subtotal","date_updated":"2023-04-14 06:15:05","sort_index":"4","id":"113044","meta":{"label_render":"on","hidden":"","text_align":"right","ecommerce_field_id":"113042","ecommerce_price_negative":"","prepend":"","append":"","aria_label":"","exclude_email":"","wc_exclude_cart":"","hidden_bypass":"","label_position":"default","label_column_width":"default","class_single_vertical_align":"","class_field_wrapper":"","class_field":"","field_user_status":"","field_user_roles":[],"field_user_capabilities":[],"custom_attributes":[],"breakpoint_size_25":"4","breakpoint_sizes":""}}]},{"label":"Calculation Example","child_count":"0","sort_index":"6","id":"21904","meta":{"label_render":"on","hidden_section":"","section_repeatable":"","section_repeat_label":"","section_repeat_default":"","class_single_vertical_align":"","conversational_full_height_section":"","class_section_wrapper":"","disabled_section":"","section_user_status":"","section_user_roles":[],"section_user_capabilities":[],"validate_inline":"","section_repeat_min":"","section_repeat_max":"","section_repeatable_delimiter_section":",","section_repeatable_delimiter_row":";","breakpoint_size_25":"","breakpoint_size_50":"6","breakpoint_size_75":"","breakpoint_size_100":"","breakpoint_size_150":"","breakpoint_sizes":""},"fields":[{"label":"Note","type":"note","date_updated":"2023-04-14 21:39:37","sort_index":"1","id":"113106","meta":{"text_editor":"This is an example of using the WS Form #calc functionality in conjunction with distance information.\n\n<a href=\"https:\/\/wsform.com\/knowledgebase\/calculated-fields\/\" target=\"_blank\" rel=\"noopener\">Learn more about calculated fields<\/a>","html_editor":""}},{"label":"Distance (Miles)","type":"text","date_updated":"2023-04-14 06:15:05","sort_index":"2","id":"113045","meta":{"label_render":"on","required":"","hidden":"","default_value":"","placeholder":"","help":"","autocomplete":"","inputmode":"","prepend":"","append":"","aria_label":"","exclude_email":"","wc_exclude_cart":"","hidden_bypass":"","label_position":"default","label_column_width":"default","class_single_vertical_align":"","class_field_wrapper":"","class_field":"","disabled":"","readonly":"","min_length":"","max_length":"","min_length_words":"","max_length_words":"","input_mask":"","pattern":"","field_user_status":"","field_user_roles":"","field_user_capabilities":"","transform":"","dedupe":"","dedupe_period":"","dedupe_message":"","invalid_feedback_render":"on","validate_inline":"","invalid_feedback":"","custom_attributes":"","data_grid_datalist":{"rows_per_page":10,"group_index":0,"default":[],"columns":[{"id":0,"label":"Value"},{"id":1,"label":"Label"}],"groups":[{"label":"Values","page":0,"disabled":"","mask_group":"","rows":[]}]},"datalist_field_text":"1","datalist_field_value":"0","breakpoint_size_25":"6"}},{"label":"Distance (Miles) x 20","type":"number","date_updated":"2023-04-14 06:15:05","sort_index":"3","id":"113046","meta":{"label_render":"on","required":"","hidden":"","default_value":"#calc(#field(113045) * 20)","placeholder":"","help":"","autocomplete":"","prepend":"","append":"","aria_label":"","exclude_email":"","wc_exclude_cart":"","hidden_bypass":"","label_position":"default","label_column_width":"default","class_single_vertical_align":"","number_no_spinner":"","class_field_wrapper":"","class_field":"","disabled":"","readonly":"","min":"","max":"","step":"any","field_user_status":"","field_user_roles":[],"field_user_capabilities":[],"dedupe":"","dedupe_period":"","dedupe_message":"","invalid_feedback_render":"on","validate_inline":"","invalid_feedback":"","custom_attributes":[],"data_grid_datalist":{"rows_per_page":10,"group_index":0,"default":[],"columns":[{"id":0,"label":"Value"},{"id":1,"label":"Label"}],"groups":[{"label":"Values","page":0,"disabled":"","mask_group":"","rows":[]}]},"datalist_field_text":"1","datalist_field_value":"0","breakpoint_size_25":"6","breakpoint_sizes":"","data_source_id":"","wsf-data-grid-auto-group":"0"}}]},{"label":"Conditional Logic Example","child_count":"0","sort_index":"7","id":"21909","meta":{"label_render":"","hidden_section":"","section_repeatable":"","section_repeat_label":"","section_repeat_default":"","class_single_vertical_align":"","conversational_full_height_section":"","class_section_wrapper":"","disabled_section":"","section_user_status":"","section_user_roles":"","section_user_capabilities":"","validate_inline":"","section_repeat_min":"","section_repeat_max":"","section_repeatable_delimiter_section":",","section_repeatable_delimiter_row":";","breakpoint_size_25":"","breakpoint_size_50":"","breakpoint_size_75":"","breakpoint_size_100":"","breakpoint_size_150":""},"fields":[{"label":"Note","type":"note","date_updated":"2023-04-14 21:51:48","sort_index":"1","id":"113105","meta":{"text_editor":"When a route is calculated, there are two outcomes.\n\n<strong>OK<\/strong> - A route has been found\n<strong>ZERO_RESULTS<\/strong> - No route could be determined\n\nYou can use conditional logic on the Google Routing field to control other form elements based upon these outcomes. Check out the conditional logic on this form.\n\nThe conditions are only assessed when a route is calculated, therefore we have set the messages below as hidden by default.","html_editor":""}},{"label":"Status: ZERO_RESULTS","type":"message","date_updated":"2023-04-14 20:03:49","sort_index":"2","id":"113070","meta":{"hidden":"on","class_field_message_type":"warning","text_editor":"Status: ZERO_RESULTS","exclude_email":"on","wc_exclude_cart":"on","class_single_vertical_align":"","class_field_wrapper":"","field_user_status":"","field_user_roles":[],"field_user_capabilities":[],"custom_attributes":[],"html_editor":"","breakpoint_sizes":""}},{"label":"Status: OK","type":"message","date_updated":"2023-04-14 20:03:43","sort_index":"3","id":"113071","meta":{"hidden":"on","class_field_message_type":"success","text_editor":"Status: OK","exclude_email":"on","wc_exclude_cart":"on","class_single_vertical_align":"","class_field_wrapper":"","field_user_status":"","field_user_roles":[],"field_user_capabilities":[],"custom_attributes":[],"html_editor":"","breakpoint_sizes":""}}]},{"label":"Map","child_count":"0","sort_index":"8","id":"21905","meta":{"label_render":"","hidden_section":"","section_repeatable":"","section_repeat_label":"","section_repeat_default":"","class_single_vertical_align":"","conversational_full_height_section":"","class_section_wrapper":"","disabled_section":"","section_user_status":"","section_user_roles":"","section_user_capabilities":"","validate_inline":"","section_repeat_min":"","section_repeat_max":"","section_repeatable_delimiter_section":",","section_repeatable_delimiter_row":";","breakpoint_size_25":"","breakpoint_size_50":"","breakpoint_size_75":"","breakpoint_size_100":"","breakpoint_size_150":""},"fields":[{"label":"Note","type":"note","date_updated":"2023-04-14 21:41:25","sort_index":"1","id":"113108","meta":{"text_editor":"The summary output from the Google Routing field provides a short text description of the route.","html_editor":""}},{"label":"Summary","type":"text","date_updated":"2023-04-14 06:47:53","sort_index":"2","id":"113052","meta":{"label_render":"on","required":"","hidden":"","default_value":"","placeholder":"","help":"","autocomplete":"","inputmode":"","prepend":"","append":"","aria_label":"","exclude_email":"","wc_exclude_cart":"","hidden_bypass":"","label_position":"default","label_column_width":"default","class_single_vertical_align":"","class_field_wrapper":"","class_field":"","disabled":"","readonly":"","min_length":"","max_length":"","min_length_words":"","max_length_words":"","input_mask":"","pattern":"","field_user_status":"","field_user_roles":"","field_user_capabilities":"","transform":"","dedupe":"","dedupe_period":"","dedupe_message":"","invalid_feedback_render":"on","validate_inline":"","invalid_feedback":"","custom_attributes":"","data_grid_datalist":{"rows_per_page":10,"group_index":0,"default":[],"columns":[{"id":0,"label":"Value"},{"id":1,"label":"Label"}],"groups":[{"label":"Values","page":0,"disabled":"","mask_group":"","rows":[]}]},"datalist_field_text":"1","datalist_field_value":"0"}},{"label":"Note","type":"note","date_updated":"2023-04-14 21:43:14","sort_index":"3","id":"113109","meta":{"text_editor":"In this example, we have assigned the map below in the Google Routing field settings. The route is then shown on the map. You can configure the icons used and the polyline color in the Google Map field settings.\n\n<a href=\"https:\/\/wsform.com\/knowledgebase\/google-map\/\" target=\"_blank\" rel=\"noopener\">Learn more about the Google Map field<\/a>","html_editor":""}},{"label":"Google Map","type":"googlemap","date_updated":"2023-04-14 08:31:09","sort_index":"4","id":"113047","meta":{"label_render":"on","required":"","hidden":"","help":"","google_map_not_enabled":"","google_map_lat":"","google_map_lng":"","google_map_zoom":"14","google_map_type":"roadmap","google_map_search_field_id":"","google_map_control_type":"on","google_map_control_full_screen":"on","google_map_control_street_view":"on","google_map_control_zoom":"on","google_map_marker_icon_title":"Selected location","google_map_marker_icon_url":"","aria_label":"","exclude_email":"","wc_exclude_cart":"","hidden_bypass":"","label_position":"default","label_column_width":"default","class_single_vertical_align":"","google_map_height":"56.25%","google_map_style":"","class_field_wrapper":"","class_field":"","text_reset":"","field_user_status":"","field_user_roles":[],"field_user_capabilities":[],"invalid_feedback_render":"on","validate_inline":"","invalid_feedback":"","custom_attributes":[],"breakpoint_sizes":"","google_map_routing_polyline_color":"#418fde","google_map_routing_icon_url":"","google_map_routing_polyline_weight":"3"}}]}],"meta":{"label_render":"","hidden":"","class_group_wrapper":"","group_user_status":"","group_user_roles":"","group_user_capabilities":""}}],"meta":{"label_render":"","submit_on_enter":"","submit_lock":"on","submit_unlock":"on","submit_reload":"on","form_action":"","cookie_tab_index":"on","tab_validation":"","tab_validation_show":"","tabs_hide":"","submit_show_errors":"on","invalid_field_focus":"on","error_type":"danger","error_method":"after","error_clear":"on","error_scroll_top":"","error_scroll_top_offset":"0","error_scroll_top_duration":"400","error_form_hide":"","error_duration":"","error_message_hide":"on","error_form_show":"","label_position_form":"top","label_column_width_form":"3","label_required":"on","label_mask_required":"","class_form_wrapper":"","class_tabs_wrapper":"","class_group_wrapper":"","class_section_wrapper":"","class_field_wrapper":"","class_field":"","label_mask_form":"","label_mask_group":"","label_mask_section":"","action_humanpresence_intro":"","action_humanpresence_not_enabled":"","action_akismetv1_intro":"","action_akismetv1_not_enabled":"","honeypot":"","spam_threshold":"50","submit_limit":"","submit_limit_count":"","submit_limit_period":"","submit_limit_message":"","submit_limit_message_type":"information","schedule_start":"","schedule_start_datetime":"","schedule_start_message":"","schedule_start_message_type":"information","schedule_end":"","schedule_end_datetime":"","schedule_end_message":"","schedule_end_message_type":"information","user_limit_logged_in":"","form_user_roles":"","form_user_capabilities":"","user_limit_logged_in_message_type":"danger","user_limit_logged_in_message":"","analytics_google_intro":"","analytics_google":"","analytics_google_event_form":"on","analytics_google_event_tab":"on","analytics_google_event_field":"on","tracking_intro":"","tracking_remote_ip":"","tracking_agent":"","tracking_referrer":"","tracking_os":"","tracking_host":"","tracking_pathname":"","tracking_query_string":"","tracking_geo_location":"","tracking_ip_lookup_latlon":"","tracking_ip_lookup_city":"","tracking_ip_lookup_region":"","tracking_ip_lookup_country":"","tracking_ip_lookup_time_zone":"","tracking_duration":"","tracking_utm_source":"","tracking_utm_medium":"","tracking_utm_campaign":"","tracking_utm_term":"","tracking_utm_content":"","conversational":"","conversational_preview":"","conversational_customize":"","conversational_slug":"","conversational_view":"","conversational_nav":"on","conversational_nav_progress_help":"#progress_percent","conversational_scroll_duration":"300","form_populate_enabled":"","form_populate_action_id":"","form_populate_list_id":"","action_post_form_populate_post_id":"","action_post_form_populate_author_restrict":"","action_user_form_populate_field_mapping":"","form_populate_field_mapping":"","action_post_form_populate_field_mapping_woocommerce":"","action_post_form_populate_field_mapping_acf":"","action_post_form_populate_field_mapping_meta_box":"","action_post_form_populate_field_mapping_jetengine":"","action_post_form_populate_meta_mapping":"","action_user_form_populate_field_mapping_acf":"","action_user_form_populate_field_mapping_meta_box":"","action_user_form_populate_field_mapping_jetengine":"","action_user_form_populate_meta_mapping":"","form_populate_tag_mapping":"","action_post_form_populate_product_gallery_field_id":"","action_post_form_populate_featured_image":"","wc_form_assign_intro":"","wc_form_assign":"","wc_form_assign_product_cat_include_mapping":"","wc_form_assign_product_tag_include_mapping":"","wc_form_assign_product_include_mapping":"","wc_form_assign_product_cat_exclude_mapping":"","wc_form_assign_product_tag_exclude_mapping":"","wc_form_assign_product_exclude_mapping":"","wc_catalog_add_to_cart_text":"Select options","wc_price_disable":"","wc_price_prefix":"","wc_price_suffix":"","wc_product_price_variation_hide":"","wc_product_add_to_cart_hide":"","wc_product_quantity_hide":"","wc_product_form_validate":"","wc_product_clear_hidden_meta_values":"on","wc_cart_edit":"","wc_cart_price_plugin_allow_negative":"","wc_actions_fire":"on","breakpoint":"100","tab_index":0,"action":{"rows_per_page":10,"group_index":0,"default":[],"columns":[{"id":0,"label":"Action"},{"id":1,"label":"Data"}],"groups":[{"label":"Actions","page":0,"disabled":"","mask_group":"","rows":[{"id":1,"data":["Save Submission","{\"id\":\"database\",\"meta\":{\"action_database_field_filter\":\"\",\"action_database_field_filter_mapping\":\"\",\"action_database_expire\":\"\",\"action_database_expire_duration\":\"90\"},\"events\":[\"save\",\"submit\"]}"]},{"id":2,"data":["Show Message","{\"id\":\"message\",\"meta\":{\"action_message_type\":\"success\",\"action_message_message\":\"Thank you for your submission.\",\"action_message_method\":\"before\",\"action_message_form_hide\":\"on\",\"action_message_clear\":\"on\",\"action_message_scroll_top\":\"\",\"action_message_scroll_top_offset\":\"0\",\"action_message_scroll_top_duration\":\"400\",\"action_message_duration\":\"\",\"action_message_message_hide\":\"\",\"action_message_form_show\":\"\"},\"events\":[\"submit\"]}"]},{"id":3,"data":["Send Email","{\"id\":\"email\",\"meta\":{\"action_email_from_email\":\"#blog_admin_email\",\"action_email_from_name\":\"#blog_name\",\"action_email_to\":[{\"action_email_email\":\"#blog_admin_email\",\"action_email_name\":\"#blog_name\"}],\"action_email_to_rr\":\"\",\"action_email_cc\":\"\",\"action_email_bcc\":\"\",\"action_email_reply_to_email\":\"\",\"action_email_subject\":\"#form_label\",\"action_email_message_textarea\":\"#email_submission\",\"action_email_message_text_editor\":\"<h3>#email_subject<\\\/h3>\\n\\n#email_submission\",\"action_email_message_html_editor\":\"<h1>#email_subject<\\\/h1>\\n\\n#email_submission\",\"action_email_message_editor\":\"text_editor\",\"action_email_attachments\":\"\",\"action_email_attachments_media\":\"\",\"action_email_message_file_links\":\"\",\"action_email_message_wrapper\":\"on\",\"action_email_clear_hidden_meta_values\":\"on\",\"action_email_content_type\":\"text\\\/html\",\"action_email_headers\":\"\",\"action_email_charset\":\"#blog_charset\"},\"events\":[\"submit\"]}"]}]}]},"field_select":"","section_select":"","form_history":"","knowledgebase":"","contact_first_name":"","contact_last_name":"","contact_email":"","contact_inquiry":"","contact_support_search_results":"","contact_push_form":"","contact_push_system":"","contact_gdpr":"","contact_submit":"","conditional":{"rows_per_page":10,"group_index":0,"default":[],"columns":[{"id":0,"label":"Condition"},{"id":1,"label":"Data"}],"groups":[{"label":"Conditions","page":0,"disabled":"","mask_group":"","rows":[{"id":1,"data":["Status: ZERO_RESULTS","{\"if\":[{\"conditions\":[{\"id\":1,\"object\":\"field\",\"object_id\":\"113048\",\"object_row_id\":0,\"logic\":\"google_route_status_zero_results\",\"value\":\"\",\"case_sensitive\":true,\"logic_previous\":\"||\"}],\"logic_previous\":\"||\"}],\"then\":[{\"id\":1,\"object\":\"field\",\"object_id\":\"113070\",\"object_row_id\":\"\",\"action\":\"visibility\",\"value\":\"\"}],\"else\":[{\"id\":1,\"object\":\"field\",\"object_id\":\"113070\",\"object_row_id\":\"\",\"action\":\"visibility\",\"value\":\"off\"}]}"]},{"id":2,"data":["Status: OK","{\"if\":[{\"conditions\":[{\"id\":2,\"object\":\"field\",\"object_id\":\"113048\",\"object_row_id\":0,\"logic\":\"google_route_status_ok\",\"value\":\"\",\"case_sensitive\":true,\"logic_previous\":\"||\"}],\"logic_previous\":\"||\"}],\"then\":[{\"id\":1,\"object\":\"field\",\"object_id\":\"113071\",\"object_row_id\":\"\",\"action\":\"visibility\",\"value\":\"\"}],\"else\":[{\"id\":1,\"object\":\"field\",\"object_id\":\"113071\",\"object_row_id\":\"\",\"action\":\"visibility\",\"value\":\"off\"}]}"]}]}]}},"identifier":"ws_form","version":"1.9.96","time":1681509116,"checksum":"aaaa7384ac9277f7decf087b35c27169"}