{"label":"Color Swatches","status":"draft","count_stat_view":"0","count_stat_save":"0","count_stat_submit":"0","count_submit":0,"count_submit_unread":"0","id":"2416","groups":[{"label":"Color Swatches","sort_index":"1","id":"4262","sections":[{"label":"Color Swatches","child_count":"0","sort_index":"2","id":"9490","meta":{"label_render":"","hidden_section":"","section_repeatable":"","section_repeat_label":"","section_repeat_default":"","class_single_vertical_align":"","conversational_full_height_section":"","class_section_wrapper":"","disabled_section":"","section_user_status":"","section_user_roles":"","section_user_capabilities":"","section_repeat_min":"","section_repeat_max":"","section_repeatable_delimiter_section":",","section_repeatable_delimiter_row":";"},"fields":[{"label":"Color","type":"radio","date_updated":"2021-08-05 19:42:10","sort_index":"1","id":"50696","meta":{"label_render":"on","required":"","hidden":"","help":"","orientation":"horizontal","aria_label":"","exclude_email":"","wc_exclude_cart":"","hidden_bypass":"","label_position":"default","label_column_width":"default","class_single_vertical_align":"","class_field_wrapper":"","class_field":"wsf-color wsf-circle","field_user_status":"","field_user_roles":[],"field_user_capabilities":[],"dedupe_value_scope":"","invalid_feedback_render":"on","invalid_feedback":"","data_grid_radio":{"rows_per_page":10,"group_index":0,"default":[],"columns":[{"id":0,"label":"Label"},{"id":1,"label":"Value"}],"groups":[{"label":"Colors (sRGB)","page":0,"disabled":"","mask_group":"","label_render":"on","rows":[{"id":1,"default":"","disabled":"","required":"","hidden":"","data":["<span title=\"#data_grid_row_value\" style=\"background-color: #FFFFFF;\"><\/span>","White"]},{"id":2,"default":"","disabled":"","required":"","hidden":"","data":["<span title=\"#data_grid_row_value\" style=\"background-color: #C0C0C0;\"><\/span>","Silver"]},{"id":3,"default":"","disabled":"","required":"","hidden":"","data":["<span title=\"#data_grid_row_value\" style=\"background-color: #808080;\"><\/span>","Gray"]},{"id":4,"default":"","disabled":"","required":"","hidden":"","data":["<span title=\"#data_grid_row_value\" style=\"background-color: #000000;\"><\/span>","Black"]},{"id":5,"default":"","disabled":"","required":"","hidden":"","data":["<span title=\"#data_grid_row_value\" style=\"background-color: #FF0000;\"><\/span>","Red"]},{"id":6,"default":"","disabled":"","required":"","hidden":"","data":["<span title=\"#data_grid_row_value\" style=\"background-color: #800000;\"><\/span>","Maroon"]},{"id":7,"default":"","disabled":"","required":"","hidden":"","data":["<span title=\"#data_grid_row_value\" style=\"background-color: #FFFF00;\"><\/span>","Yellow"]},{"id":8,"default":"","disabled":"","required":"","hidden":"","data":["<span title=\"#data_grid_row_value\" style=\"background-color: #808000;\"><\/span>","Olive"]},{"id":9,"default":"","disabled":"","required":"","hidden":"","data":["<span title=\"#data_grid_row_value\" style=\"background-color: #00FF00;\"><\/span>","Lime"]},{"id":10,"default":"","disabled":"","required":"","hidden":"","data":["<span title=\"#data_grid_row_value\" style=\"background-color: #008000;\"><\/span>","Green"]},{"id":11,"default":"","disabled":"","required":"","hidden":"","data":["<span title=\"#data_grid_row_value\" style=\"background-color: #00FFFF;\"><\/span>","Aqua"]},{"id":12,"default":"","disabled":"","required":"","hidden":"","data":["<span title=\"#data_grid_row_value\" style=\"background-color: #008080;\"><\/span>","Teal"]},{"id":13,"default":"","disabled":"","required":"","hidden":"","data":["<span title=\"#data_grid_row_value\" style=\"background-color: #0000FF;\"><\/span>","Blue"]},{"id":14,"default":"","disabled":"","required":"","hidden":"","data":["<span title=\"#data_grid_row_value\" style=\"background-color: #000080;\"><\/span>","Navy"]},{"id":15,"default":"","disabled":"","required":"","hidden":"","data":["<span title=\"#data_grid_row_value\" style=\"background-color: #FF00FF;\"><\/span>","Fuchsia"]},{"id":16,"default":"","disabled":"","required":"","hidden":"","data":["<span title=\"#data_grid_row_value\" style=\"background-color: #800080;\"><\/span>","Purple"]}]}]},"data_grid_rows_randomize":"","radio_field_label":"0","radio_field_value":"1","radio_field_parse_variable":"1","radio_field_wc":"1","radio_cascade":"","radio_cascade_field_filter":"0","radio_cascade_field_filter_comma":"","radio_cascade_field_id":"","radio_cascade_no_match":"","orientation_breakpoint_sizes":"","breakpoint_sizes":"","data_source_id":"","wsf-data-grid-auto-group":"0","data_source_preset_preset_id":"10658","data_source_preset_get":"","data_source_get":""}}]}],"meta":{"label_render":"","hidden":"","class_group_wrapper":"","group_user_status":"","group_user_roles":"","group_user_capabilities":""}}],"meta":{"label_render":"","submit_on_enter":"","submit_lock":"on","submit_unlock":"on","submit_reload":"on","form_action":"","cookie_tab_index":"on","tab_validation":"","tabs_hide":"","submit_show_errors":"on","invalid_field_focus":"on","error_type":"danger","error_method":"after","error_clear":"on","error_scroll_top":"","error_scroll_top_offset":"0","error_scroll_top_duration":"400","error_form_hide":"","error_duration":"","error_message_hide":"on","error_form_show":"","label_position_form":"top","label_column_width_form":"3","label_required":"on","label_mask_required":"","class_form_wrapper":"","class_tabs_wrapper":"","class_group_wrapper":"","class_section_wrapper":"","class_field_wrapper":"","class_field":"","label_mask_form":"","label_mask_group":"","label_mask_section":"","action_humanpresence_intro":"","action_humanpresence_not_enabled":"","action_akismetv1_intro":"","action_akismetv1_not_enabled":"","honeypot":"","spam_threshold":"50","submit_limit":"","submit_limit_count":"","submit_limit_period":"","submit_limit_message":"","submit_limit_message_type":"information","schedule_start":"","schedule_start_datetime":"","schedule_start_message":"","schedule_start_message_type":"information","schedule_end":"","schedule_end_datetime":"","schedule_end_message":"","schedule_end_message_type":"information","user_limit_logged_in":"","form_user_roles":"","form_user_capabilities":"","user_limit_logged_in_message_type":"danger","user_limit_logged_in_message":"","analytics_google":"","analytics_google_event_tab":"on","analytics_google_event_field":"on","tracking_remote_ip":"","tracking_agent":"","tracking_referrer":"","tracking_os":"","tracking_host":"","tracking_pathname":"","tracking_query_string":"","tracking_geo_location":"","tracking_ip_lookup_latlon":"","tracking_ip_lookup_city":"","tracking_ip_lookup_region":"","tracking_ip_lookup_country":"","tracking_ip_lookup_time_zone":"","tracking_duration":"","tracking_utm_source":"","tracking_utm_medium":"","tracking_utm_campaign":"","tracking_utm_term":"","tracking_utm_content":"","conversational":"","conversational_preview":"","conversational_customize":"","conversational_slug":"","conversational_view":"","conversational_nav":"on","conversational_nav_progress_help":"#progress_percent","conversational_scroll_duration":"300","form_populate_enabled":"","form_populate_action_id":"","form_populate_list_id":"","action_post_form_populate_post_id":"","action_post_form_populate_author_restrict":"","action_user_form_populate_field_mapping":"","form_populate_field_mapping":"","action_post_form_populate_field_mapping_pods":"","action_post_form_populate_meta_mapping":"","action_user_form_populate_field_mapping_pods":"","action_user_form_populate_meta_mapping":"","form_populate_tag_mapping":"","action_post_form_populate_featured_image":"","wc_form_assign_intro":"","wc_form_assign":"","wc_form_assign_product_cat_include_mapping":"","wc_form_assign_product_tag_include_mapping":"","wc_form_assign_product_include_mapping":"","wc_form_assign_product_cat_exclude_mapping":"","wc_form_assign_product_tag_exclude_mapping":"","wc_form_assign_product_exclude_mapping":"","wc_catalog_add_to_cart_text":"Select options","wc_price_disable":"","wc_price_prefix":"","wc_price_suffix":"","wc_product_price_variation_hide":"","wc_product_add_to_cart_hide":"","wc_product_quantity_hide":"","wc_product_form_validate":"","wc_product_clear_hidden_meta_values":"on","wc_cart_edit":"","wc_cart_price_plugin_allow_negative":"","wc_actions_fire":"on","breakpoint":"150","tab_index":0,"action":{"rows_per_page":10,"group_index":0,"default":[],"columns":[{"id":0,"label":"Action"},{"id":1,"label":"Data"}],"groups":[{"label":"Actions","page":0,"disabled":"","mask_group":"","rows":[{"id":1,"default":"","required":"","disabled":"","hidden":"","data":["Save Submission","{\"id\":\"database\",\"meta\":{\"action_database_field_filter\":\"\",\"action_database_field_filter_mapping\":\"\",\"action_database_expire\":\"\",\"action_database_expire_duration\":\"90\"},\"events\":[\"save\",\"submit\"]}"]},{"id":2,"default":"","required":"","disabled":"","hidden":"","data":["Show Message","{\"id\":\"message\",\"meta\":{\"action_message_type\":\"success\",\"action_message_message\":\"Thank you for your submission.\",\"action_message_method\":\"before\",\"action_message_form_hide\":\"on\",\"action_message_clear\":\"on\",\"action_message_scroll_top\":\"\",\"action_message_scroll_top_offset\":\"0\",\"action_message_scroll_top_duration\":\"400\",\"action_message_duration\":\"\",\"action_message_message_hide\":\"\",\"action_message_form_show\":\"\"},\"events\":[\"submit\"]}"]},{"id":3,"default":"","required":"","disabled":"","hidden":"","data":["Send Email","{\"id\":\"email\",\"meta\":{\"action_email_from_email\":\"#blog_admin_email\",\"action_email_from_name\":\"#blog_name\",\"action_email_to\":[{\"action_email_email\":\"#blog_admin_email\",\"action_email_name\":\"#blog_name\"}],\"action_email_to_rr\":\"\",\"action_email_cc\":\"\",\"action_email_bcc\":\"\",\"action_email_reply_to_email\":\"\",\"action_email_subject\":\"#form_label\",\"action_email_message_textarea\":\"#email_submission\",\"action_email_message_text_editor\":\"<h3>#email_subject<\\\/h3>\\n\\n#email_submission\",\"action_email_message_html_editor\":\"<h1>#email_subject<\\\/h1>\\n\\n#email_submission\",\"action_email_message_editor\":\"text_editor\",\"action_email_attachments\":\"\",\"action_email_attachments_media\":\"\",\"action_email_message_file_links\":\"\",\"action_email_message_wrapper\":\"on\",\"action_email_clear_hidden_meta_values\":\"on\",\"action_email_content_type\":\"text\\\/html\",\"action_email_headers\":\"\",\"action_email_charset\":\"#blog_charset\"},\"events\":[\"submit\"]}"]}]}]},"conditional":{"rows_per_page":10,"group_index":0,"default":[],"columns":[{"id":0,"label":"Condition"},{"id":1,"label":"Data"}],"groups":[{"label":"Conditions","page":0,"disabled":"","mask_group":"","rows":[]}]},"export_object":"section"},"identifier":"ws_form","version":"1.8.96","time":1628192536,"checksum":"c480f2e107b6aa07d34115d0d156a6e6"}