{"label":"Past Date (Selects)","status":"draft","count_stat_view":"0","count_stat_save":"0","count_stat_submit":"0","count_submit":0,"count_submit_unread":"0","id":"2416","groups":[{"label":"Past Date (Selects)","sort_index":"1","id":"4262","sections":[{"label":"Past Date (Selects)","child_count":"0","sort_index":"2","id":"9486","meta":{"label_render":"","hidden_section":"","section_repeatable":"","section_repeat_label":"","section_repeat_default":"","class_single_vertical_align":"","conversational_full_height_section":"","class_section_wrapper":"","disabled_section":"","section_user_status":"","section_user_roles":"","section_user_capabilities":"","section_repeat_min":"","section_repeat_max":"","section_repeatable_delimiter_section":",","section_repeatable_delimiter_row":";"},"fields":[{"label":"Month","type":"select","date_updated":"2021-08-05 19:35:06","sort_index":"1","id":"50680","meta":{"label_render":"on","required":"on","hidden":"","multiple":"","size":"","placeholder_row":"Select...","help":"","autocomplete":"","select2_intro":"","select2":"","select2_ajax":"","select2_tags":"","prepend":"","append":"","aria_label":"","exclude_email":"","wc_exclude_cart":"","hidden_bypass":"","label_position":"default","label_column_width":"default","class_single_vertical_align":"","class_field_wrapper":"","class_field":"","disabled":"","select_min":"","select_max":"","field_user_status":"","field_user_roles":[],"field_user_capabilities":[],"dedupe_value_scope":"","invalid_feedback_render":"on","invalid_feedback":"","custom_attributes":[],"data_grid_select":{"rows_per_page":10,"group_index":0,"default":[],"columns":[{"id":0,"label":"Name"},{"id":1,"label":"Abbreviation"},{"id":2,"label":"Numeric"},{"id":3,"label":"Numeric-2"}],"groups":[{"label":"Months","page":0,"disabled":"","mask_group":"","rows":[{"id":1,"default":"","disabled":"","required":"","hidden":"","data":["January","Jan.","1","01"]},{"id":2,"default":"","disabled":"","required":"","hidden":"","data":["Feburary","Feb.","2","02"]},{"id":3,"default":"","disabled":"","required":"","hidden":"","data":["March","Mar.","3","03"]},{"id":4,"default":"","disabled":"","required":"","hidden":"","data":["April","Apr.","4","04"]},{"id":5,"default":"","disabled":"","required":"","hidden":"","data":["May","May","5","05"]},{"id":6,"default":"","disabled":"","required":"","hidden":"","data":["June","June","6","06"]},{"id":7,"default":"","disabled":"","required":"","hidden":"","data":["July","July","7","07"]},{"id":8,"default":"","disabled":"","required":"","hidden":"","data":["August","Aug.","8","08"]},{"id":9,"default":"","disabled":"","required":"","hidden":"","data":["September","Sept.","9","09"]},{"id":10,"default":"","disabled":"","required":"","hidden":"","data":["October","Oct.","10","10"]},{"id":11,"default":"","disabled":"","required":"","hidden":"","data":["November","Nov.","11","11"]},{"id":12,"default":"","disabled":"","required":"","hidden":"","data":["December","Dec.","12","12"]}]}]},"data_grid_rows_randomize":"","select_field_label":"0","select_field_value":"3","select_field_parse_variable":"0","select_field_wc":"0","select_cascade":"","select_cascade_field_filter":"0","select_cascade_field_filter_comma":"","select_cascade_field_id":"","select_cascade_no_match":"","select_cascade_option_text_no_rows":"","select_cascade_ajax":"","select_cascade_ajax_option_text_loading":"","breakpoint_size_25":"4","breakpoint_sizes":"","data_source_id":"","wsf-data-grid-auto-group":"0","data_source_preset_preset_id":"10618","data_source_preset_get":"","data_source_get":""}},{"label":"Day","type":"select","date_updated":"2021-08-05 19:35:07","sort_index":"2","id":"50681","meta":{"label_render":"on","required":"on","hidden":"","multiple":"","size":"","placeholder_row":"Select...","help":"","autocomplete":"","select2_intro":"","select2":"","select2_ajax":"","select2_tags":"","prepend":"","append":"","aria_label":"","exclude_email":"","wc_exclude_cart":"","hidden_bypass":"","label_position":"default","label_column_width":"default","class_single_vertical_align":"","class_field_wrapper":"","class_field":"","disabled":"","select_min":"","select_max":"","field_user_status":"","field_user_roles":[],"field_user_capabilities":[],"dedupe_value_scope":"","invalid_feedback_render":"on","invalid_feedback":"","custom_attributes":[],"data_grid_select":{"rows_per_page":10,"group_index":0,"default":[],"columns":[{"id":0,"label":"Numeric"},{"id":1,"label":"Numeric-2"},{"id":2,"label":"Numeric-Suffix"}],"groups":[{"label":"Days","page":0,"disabled":"","mask_group":"","rows":[{"id":1,"default":"","disabled":"","required":"","hidden":"","data":["1","01","1st"]},{"id":2,"default":"","disabled":"","required":"","hidden":"","data":["2","02","2nd"]},{"id":3,"default":"","disabled":"","required":"","hidden":"","data":["3","03","3rd"]},{"id":4,"default":"","disabled":"","required":"","hidden":"","data":["4","04","4th"]},{"id":5,"default":"","disabled":"","required":"","hidden":"","data":["5","05","5th"]},{"id":6,"default":"","disabled":"","required":"","hidden":"","data":["6","06","6th"]},{"id":7,"default":"","disabled":"","required":"","hidden":"","data":["7","07","7th"]},{"id":8,"default":"","disabled":"","required":"","hidden":"","data":["8","08","8th"]},{"id":9,"default":"","disabled":"","required":"","hidden":"","data":["9","09","9th"]},{"id":10,"default":"","disabled":"","required":"","hidden":"","data":["10","10","10th"]},{"id":11,"default":"","disabled":"","required":"","hidden":"","data":["11","11","11th"]},{"id":12,"default":"","disabled":"","required":"","hidden":"","data":["12","12","12th"]},{"id":13,"default":"","disabled":"","required":"","hidden":"","data":["13","13","13th"]},{"id":14,"default":"","disabled":"","required":"","hidden":"","data":["14","14","14th"]},{"id":15,"default":"","disabled":"","required":"","hidden":"","data":["15","15","15th"]},{"id":16,"default":"","disabled":"","required":"","hidden":"","data":["16","16","16th"]},{"id":17,"default":"","disabled":"","required":"","hidden":"","data":["17","17","17th"]},{"id":18,"default":"","disabled":"","required":"","hidden":"","data":["18","18","18th"]},{"id":19,"default":"","disabled":"","required":"","hidden":"","data":["19","19","19th"]},{"id":20,"default":"","disabled":"","required":"","hidden":"","data":["20","20","20th"]},{"id":21,"default":"","disabled":"","required":"","hidden":"","data":["21","21","21st"]},{"id":22,"default":"","disabled":"","required":"","hidden":"","data":["22","22","22nd"]},{"id":23,"default":"","disabled":"","required":"","hidden":"","data":["23","23","23rd"]},{"id":24,"default":"","disabled":"","required":"","hidden":"","data":["24","24","24th"]},{"id":25,"default":"","disabled":"","required":"","hidden":"","data":["25","25","25th"]},{"id":26,"default":"","disabled":"","required":"","hidden":"","data":["26","26","26th"]},{"id":27,"default":"","disabled":"","required":"","hidden":"","data":["27","27","27th"]},{"id":28,"default":"","disabled":"","required":"","hidden":"","data":["28","28","28th"]},{"id":29,"default":"","disabled":"","required":"","hidden":"","data":["29","29","29th"]},{"id":30,"default":"","disabled":"","required":"","hidden":"","data":["30","30","30th"]},{"id":31,"default":"","disabled":"","required":"","hidden":"","data":["31","31","31st"]}]}]},"data_grid_rows_randomize":"","select_field_label":"0","select_field_value":"1","select_field_parse_variable":"0","select_field_wc":"0","select_cascade":"","select_cascade_field_filter":"0","select_cascade_field_filter_comma":"","select_cascade_field_id":"","select_cascade_no_match":"","select_cascade_option_text_no_rows":"","select_cascade_ajax":"","select_cascade_ajax_option_text_loading":"","breakpoint_size_25":"4","breakpoint_sizes":"","data_source_id":"","wsf-data-grid-auto-group":"0","data_source_preset_preset_id":"40452","data_source_preset_get":"","data_source_get":""}},{"label":"Year","type":"select","date_updated":"2021-08-05 19:35:07","sort_index":"3","id":"50682","meta":{"label_render":"on","required":"on","hidden":"","multiple":"","size":"","placeholder_row":"Select...","help":"","autocomplete":"","select2_intro":"","select2":"","select2_ajax":"","select2_tags":"","prepend":"","append":"","aria_label":"","exclude_email":"","wc_exclude_cart":"","hidden_bypass":"","label_position":"default","label_column_width":"default","class_single_vertical_align":"","class_field_wrapper":"","class_field":"","disabled":"","select_min":"","select_max":"","field_user_status":"","field_user_roles":[],"field_user_capabilities":[],"dedupe_value_scope":"","invalid_feedback_render":"on","invalid_feedback":"","custom_attributes":[],"data_grid_select":{"rows_per_page":10,"group_index":0,"default":[],"columns":[{"id":0,"label":"Year"}],"groups":[{"label":"Years","page":0,"disabled":"","mask_group":"","rows":[{"id":1,"default":"","disabled":"","required":"","hidden":"","data":["2021"]},{"id":2,"default":"","disabled":"","required":"","hidden":"","data":["2020"]},{"id":3,"default":"","disabled":"","required":"","hidden":"","data":["2019"]},{"id":4,"default":"","disabled":"","required":"","hidden":"","data":["2018"]},{"id":5,"default":"","disabled":"","required":"","hidden":"","data":["2017"]},{"id":6,"default":"","disabled":"","required":"","hidden":"","data":["2016"]},{"id":7,"default":"","disabled":"","required":"","hidden":"","data":["2015"]},{"id":8,"default":"","disabled":"","required":"","hidden":"","data":["2014"]},{"id":9,"default":"","disabled":"","required":"","hidden":"","data":["2013"]},{"id":10,"default":"","disabled":"","required":"","hidden":"","data":["2012"]},{"id":11,"default":"","disabled":"","required":"","hidden":"","data":["2011"]},{"id":12,"default":"","disabled":"","required":"","hidden":"","data":["2010"]},{"id":13,"default":"","disabled":"","required":"","hidden":"","data":["2009"]},{"id":14,"default":"","disabled":"","required":"","hidden":"","data":["2008"]},{"id":15,"default":"","disabled":"","required":"","hidden":"","data":["2007"]},{"id":16,"default":"","disabled":"","required":"","hidden":"","data":["2006"]},{"id":17,"default":"","disabled":"","required":"","hidden":"","data":["2005"]},{"id":18,"default":"","disabled":"","required":"","hidden":"","data":["2004"]},{"id":19,"default":"","disabled":"","required":"","hidden":"","data":["2003"]},{"id":20,"default":"","disabled":"","required":"","hidden":"","data":["2002"]},{"id":21,"default":"","disabled":"","required":"","hidden":"","data":["2001"]},{"id":22,"default":"","disabled":"","required":"","hidden":"","data":["2000"]},{"id":23,"default":"","disabled":"","required":"","hidden":"","data":["1999"]},{"id":24,"default":"","disabled":"","required":"","hidden":"","data":["1998"]},{"id":25,"default":"","disabled":"","required":"","hidden":"","data":["1997"]},{"id":26,"default":"","disabled":"","required":"","hidden":"","data":["1996"]},{"id":27,"default":"","disabled":"","required":"","hidden":"","data":["1995"]},{"id":28,"default":"","disabled":"","required":"","hidden":"","data":["1994"]},{"id":29,"default":"","disabled":"","required":"","hidden":"","data":["1993"]},{"id":30,"default":"","disabled":"","required":"","hidden":"","data":["1992"]},{"id":31,"default":"","disabled":"","required":"","hidden":"","data":["1991"]},{"id":32,"default":"","disabled":"","required":"","hidden":"","data":["1990"]},{"id":33,"default":"","disabled":"","required":"","hidden":"","data":["1989"]},{"id":34,"default":"","disabled":"","required":"","hidden":"","data":["1988"]},{"id":35,"default":"","disabled":"","required":"","hidden":"","data":["1987"]},{"id":36,"default":"","disabled":"","required":"","hidden":"","data":["1986"]},{"id":37,"default":"","disabled":"","required":"","hidden":"","data":["1985"]},{"id":38,"default":"","disabled":"","required":"","hidden":"","data":["1984"]},{"id":39,"default":"","disabled":"","required":"","hidden":"","data":["1983"]},{"id":40,"default":"","disabled":"","required":"","hidden":"","data":["1982"]},{"id":41,"default":"","disabled":"","required":"","hidden":"","data":["1981"]},{"id":42,"default":"","disabled":"","required":"","hidden":"","data":["1980"]},{"id":43,"default":"","disabled":"","required":"","hidden":"","data":["1979"]},{"id":44,"default":"","disabled":"","required":"","hidden":"","data":["1978"]},{"id":45,"default":"","disabled":"","required":"","hidden":"","data":["1977"]},{"id":46,"default":"","disabled":"","required":"","hidden":"","data":["1976"]},{"id":47,"default":"","disabled":"","required":"","hidden":"","data":["1975"]},{"id":48,"default":"","disabled":"","required":"","hidden":"","data":["1974"]},{"id":49,"default":"","disabled":"","required":"","hidden":"","data":["1973"]},{"id":50,"default":"","disabled":"","required":"","hidden":"","data":["1972"]},{"id":51,"default":"","disabled":"","required":"","hidden":"","data":["1971"]},{"id":52,"default":"","disabled":"","required":"","hidden":"","data":["1970"]},{"id":53,"default":"","disabled":"","required":"","hidden":"","data":["1969"]},{"id":54,"default":"","disabled":"","required":"","hidden":"","data":["1968"]},{"id":55,"default":"","disabled":"","required":"","hidden":"","data":["1967"]},{"id":56,"default":"","disabled":"","required":"","hidden":"","data":["1966"]},{"id":57,"default":"","disabled":"","required":"","hidden":"","data":["1965"]},{"id":58,"default":"","disabled":"","required":"","hidden":"","data":["1964"]},{"id":59,"default":"","disabled":"","required":"","hidden":"","data":["1963"]},{"id":60,"default":"","disabled":"","required":"","hidden":"","data":["1962"]},{"id":61,"default":"","disabled":"","required":"","hidden":"","data":["1961"]},{"id":62,"default":"","disabled":"","required":"","hidden":"","data":["1960"]},{"id":63,"default":"","disabled":"","required":"","hidden":"","data":["1959"]},{"id":64,"default":"","disabled":"","required":"","hidden":"","data":["1958"]},{"id":65,"default":"","disabled":"","required":"","hidden":"","data":["1957"]},{"id":66,"default":"","disabled":"","required":"","hidden":"","data":["1956"]},{"id":67,"default":"","disabled":"","required":"","hidden":"","data":["1955"]},{"id":68,"default":"","disabled":"","required":"","hidden":"","data":["1954"]},{"id":69,"default":"","disabled":"","required":"","hidden":"","data":["1953"]},{"id":70,"default":"","disabled":"","required":"","hidden":"","data":["1952"]},{"id":71,"default":"","disabled":"","required":"","hidden":"","data":["1951"]},{"id":72,"default":"","disabled":"","required":"","hidden":"","data":["1950"]},{"id":73,"default":"","disabled":"","required":"","hidden":"","data":["1949"]},{"id":74,"default":"","disabled":"","required":"","hidden":"","data":["1948"]},{"id":75,"default":"","disabled":"","required":"","hidden":"","data":["1947"]},{"id":76,"default":"","disabled":"","required":"","hidden":"","data":["1946"]},{"id":77,"default":"","disabled":"","required":"","hidden":"","data":["1945"]},{"id":78,"default":"","disabled":"","required":"","hidden":"","data":["1944"]},{"id":79,"default":"","disabled":"","required":"","hidden":"","data":["1943"]},{"id":80,"default":"","disabled":"","required":"","hidden":"","data":["1942"]},{"id":81,"default":"","disabled":"","required":"","hidden":"","data":["1941"]},{"id":82,"default":"","disabled":"","required":"","hidden":"","data":["1940"]},{"id":83,"default":"","disabled":"","required":"","hidden":"","data":["1939"]},{"id":84,"default":"","disabled":"","required":"","hidden":"","data":["1938"]},{"id":85,"default":"","disabled":"","required":"","hidden":"","data":["1937"]},{"id":86,"default":"","disabled":"","required":"","hidden":"","data":["1936"]},{"id":87,"default":"","disabled":"","required":"","hidden":"","data":["1935"]},{"id":88,"default":"","disabled":"","required":"","hidden":"","data":["1934"]},{"id":89,"default":"","disabled":"","required":"","hidden":"","data":["1933"]},{"id":90,"default":"","disabled":"","required":"","hidden":"","data":["1932"]},{"id":91,"default":"","disabled":"","required":"","hidden":"","data":["1931"]},{"id":92,"default":"","disabled":"","required":"","hidden":"","data":["1930"]},{"id":93,"default":"","disabled":"","required":"","hidden":"","data":["1929"]},{"id":94,"default":"","disabled":"","required":"","hidden":"","data":["1928"]},{"id":95,"default":"","disabled":"","required":"","hidden":"","data":["1927"]},{"id":96,"default":"","disabled":"","required":"","hidden":"","data":["1926"]},{"id":97,"default":"","disabled":"","required":"","hidden":"","data":["1925"]},{"id":98,"default":"","disabled":"","required":"","hidden":"","data":["1924"]},{"id":99,"default":"","disabled":"","required":"","hidden":"","data":["1923"]},{"id":100,"default":"","disabled":"","required":"","hidden":"","data":["1922"]},{"id":101,"default":"","disabled":"","required":"","hidden":"","data":["1921"]}]}]},"data_grid_rows_randomize":"","select_field_label":"0","select_field_value":"0","select_field_parse_variable":"0","select_field_wc":"0","select_cascade":"","select_cascade_field_filter":"0","select_cascade_field_filter_comma":"","select_cascade_field_id":"","select_cascade_no_match":"","select_cascade_option_text_no_rows":"","select_cascade_ajax":"","select_cascade_ajax_option_text_loading":"","breakpoint_size_25":"4","breakpoint_sizes":"","data_source_id":"","wsf-data-grid-auto-group":"0","data_source_preset_preset_id":"10631","data_source_preset_get":"","data_source_get":""}},{"label":"Date","type":"datetime","date_updated":"2021-08-05 19:36:17","sort_index":"4","id":"50685","meta":{"label_render":"on","required":"","hidden":"on","inline":"","input_type_datetime":"date","format_date":"","format_time":"","default_value":"#text(#field(50682)-#field(50680)-#field(50681))","help":"","autocomplete":"off","prepend":"","append":"","aria_label":"","exclude_email":"","wc_exclude_cart":"","hidden_bypass":"on","label_position":"default","label_column_width":"default","class_single_vertical_align":"","dow_start":"1","class_field_wrapper":"","class_field":"","disabled":"","readonly":"","min_date":"","max_date":"","year_start":"","year_end":"","disabled_week_days":[],"disabled_dates":[],"enabled_dates":[],"step":"","input_mask":"","pattern_date":"","field_user_status":"","field_user_roles":[],"field_user_capabilities":[],"dedupe":"","dedupe_period":"","dedupe_message":"","invalid_feedback_render":"on","invalid_feedback":"","custom_attributes":[],"data_grid_datalist":{"rows_per_page":10,"group_index":0,"default":[],"columns":[{"id":0,"label":"Value"},{"id":1,"label":"Label"}],"groups":[{"label":"Values","page":0,"disabled":"","mask_group":"","rows":[]}]},"datalist_field_text":"1","datalist_field_value":"0","breakpoint_sizes":"","data_source_id":"","wsf-data-grid-auto-group":"0"}}]}],"meta":{"label_render":"","hidden":"","class_group_wrapper":"","group_user_status":"","group_user_roles":"","group_user_capabilities":""}}],"meta":{"label_render":"","submit_on_enter":"","submit_lock":"on","submit_unlock":"on","submit_reload":"on","form_action":"","cookie_tab_index":"on","tab_validation":"","tabs_hide":"","submit_show_errors":"on","invalid_field_focus":"on","error_type":"danger","error_method":"after","error_clear":"on","error_scroll_top":"","error_scroll_top_offset":"0","error_scroll_top_duration":"400","error_form_hide":"","error_duration":"","error_message_hide":"on","error_form_show":"","label_position_form":"top","label_column_width_form":"3","label_required":"on","label_mask_required":"","class_form_wrapper":"","class_tabs_wrapper":"","class_group_wrapper":"","class_section_wrapper":"","class_field_wrapper":"","class_field":"","label_mask_form":"","label_mask_group":"","label_mask_section":"","action_humanpresence_intro":"","action_humanpresence_not_enabled":"","action_akismetv1_intro":"","action_akismetv1_not_enabled":"","honeypot":"","spam_threshold":"50","submit_limit":"","submit_limit_count":"","submit_limit_period":"","submit_limit_message":"","submit_limit_message_type":"information","schedule_start":"","schedule_start_datetime":"","schedule_start_message":"","schedule_start_message_type":"information","schedule_end":"","schedule_end_datetime":"","schedule_end_message":"","schedule_end_message_type":"information","user_limit_logged_in":"","form_user_roles":"","form_user_capabilities":"","user_limit_logged_in_message_type":"danger","user_limit_logged_in_message":"","analytics_google":"","analytics_google_event_tab":"on","analytics_google_event_field":"on","tracking_remote_ip":"","tracking_agent":"","tracking_referrer":"","tracking_os":"","tracking_host":"","tracking_pathname":"","tracking_query_string":"","tracking_geo_location":"","tracking_ip_lookup_latlon":"","tracking_ip_lookup_city":"","tracking_ip_lookup_region":"","tracking_ip_lookup_country":"","tracking_ip_lookup_time_zone":"","tracking_duration":"","tracking_utm_source":"","tracking_utm_medium":"","tracking_utm_campaign":"","tracking_utm_term":"","tracking_utm_content":"","conversational":"","conversational_preview":"","conversational_customize":"","conversational_slug":"","conversational_view":"","conversational_nav":"on","conversational_nav_progress_help":"#progress_percent","conversational_scroll_duration":"300","form_populate_enabled":"","form_populate_action_id":"","form_populate_list_id":"","action_post_form_populate_post_id":"","action_post_form_populate_author_restrict":"","action_user_form_populate_field_mapping":"","form_populate_field_mapping":"","action_post_form_populate_field_mapping_pods":"","action_post_form_populate_meta_mapping":"","action_user_form_populate_field_mapping_pods":"","action_user_form_populate_meta_mapping":"","form_populate_tag_mapping":"","action_post_form_populate_featured_image":"","wc_form_assign_intro":"","wc_form_assign":"","wc_form_assign_product_cat_include_mapping":"","wc_form_assign_product_tag_include_mapping":"","wc_form_assign_product_include_mapping":"","wc_form_assign_product_cat_exclude_mapping":"","wc_form_assign_product_tag_exclude_mapping":"","wc_form_assign_product_exclude_mapping":"","wc_catalog_add_to_cart_text":"Select options","wc_price_disable":"","wc_price_prefix":"","wc_price_suffix":"","wc_product_price_variation_hide":"","wc_product_add_to_cart_hide":"","wc_product_quantity_hide":"","wc_product_form_validate":"","wc_product_clear_hidden_meta_values":"on","wc_cart_edit":"","wc_cart_price_plugin_allow_negative":"","wc_actions_fire":"on","breakpoint":"25","tab_index":0,"action":{"rows_per_page":10,"group_index":0,"default":[],"columns":[{"id":0,"label":"Action"},{"id":1,"label":"Data"}],"groups":[{"label":"Actions","page":0,"disabled":"","mask_group":"","rows":[{"id":1,"default":"","required":"","disabled":"","hidden":"","data":["Save Submission","{\"id\":\"database\",\"meta\":{\"action_database_field_filter\":\"\",\"action_database_field_filter_mapping\":\"\",\"action_database_expire\":\"\",\"action_database_expire_duration\":\"90\"},\"events\":[\"save\",\"submit\"]}"]},{"id":2,"default":"","required":"","disabled":"","hidden":"","data":["Show Message","{\"id\":\"message\",\"meta\":{\"action_message_type\":\"success\",\"action_message_message\":\"Thank you for your submission.\",\"action_message_method\":\"before\",\"action_message_form_hide\":\"on\",\"action_message_clear\":\"on\",\"action_message_scroll_top\":\"\",\"action_message_scroll_top_offset\":\"0\",\"action_message_scroll_top_duration\":\"400\",\"action_message_duration\":\"\",\"action_message_message_hide\":\"\",\"action_message_form_show\":\"\"},\"events\":[\"submit\"]}"]},{"id":3,"default":"","required":"","disabled":"","hidden":"","data":["Send Email","{\"id\":\"email\",\"meta\":{\"action_email_from_email\":\"#blog_admin_email\",\"action_email_from_name\":\"#blog_name\",\"action_email_to\":[{\"action_email_email\":\"#blog_admin_email\",\"action_email_name\":\"#blog_name\"}],\"action_email_to_rr\":\"\",\"action_email_cc\":\"\",\"action_email_bcc\":\"\",\"action_email_reply_to_email\":\"\",\"action_email_subject\":\"#form_label\",\"action_email_message_textarea\":\"#email_submission\",\"action_email_message_text_editor\":\"<h3>#email_subject<\\\/h3>\\n\\n#email_submission\",\"action_email_message_html_editor\":\"<h1>#email_subject<\\\/h1>\\n\\n#email_submission\",\"action_email_message_editor\":\"text_editor\",\"action_email_attachments\":\"\",\"action_email_attachments_media\":\"\",\"action_email_message_file_links\":\"\",\"action_email_message_wrapper\":\"on\",\"action_email_clear_hidden_meta_values\":\"on\",\"action_email_content_type\":\"text\\\/html\",\"action_email_headers\":\"\",\"action_email_charset\":\"#blog_charset\"},\"events\":[\"submit\"]}"]}]}]},"conditional":{"rows_per_page":10,"group_index":0,"default":[],"columns":[{"id":0,"label":"Condition"},{"id":1,"label":"Data"}],"groups":[{"label":"Conditions","page":0,"disabled":"","mask_group":"","rows":[{"id":1,"default":"","disabled":"","required":"","hidden":"","data":["Disable 31st","{\"if\":[{\"conditions\":[{\"id\":1,\"object\":\"field\",\"object_id\":50680,\"object_row_id\":[\"2\",\"4\",\"6\",\"9\",\"11\"],\"logic\":\"selected\",\"value\":\"\",\"case_sensitive\":true,\"logic_previous\":\"||\",\"multiple\":true}],\"logic_previous\":\"||\"}],\"then\":[{\"id\":1,\"object\":\"field\",\"object_id\":50681,\"object_row_id\":\"31\",\"action\":\"value_row_disabled\",\"value\":\"\"}],\"else\":[{\"id\":1,\"object\":\"field\",\"object_id\":50681,\"object_row_id\":\"31\",\"action\":\"value_row_not_disabled\",\"value\":\"\"}]}"]},{"id":2,"default":"","disabled":"","required":"","hidden":"","data":["Disable 30th","{\"if\":[{\"conditions\":[{\"id\":1,\"object\":\"field\",\"object_id\":50680,\"object_row_id\":\"2\",\"logic\":\"selected\",\"value\":\"\",\"case_sensitive\":true,\"logic_previous\":\"||\",\"multiple\":false}],\"logic_previous\":\"||\"}],\"then\":[{\"id\":1,\"object\":\"field\",\"object_id\":50681,\"object_row_id\":\"30\",\"action\":\"value_row_disabled\",\"value\":\"\"}],\"else\":[{\"id\":1,\"object\":\"field\",\"object_id\":50681,\"object_row_id\":\"30\",\"action\":\"value_row_not_disabled\",\"value\":\"\"}]}"]},{"id":3,"default":"","disabled":"","required":"","hidden":"","data":["Disable 29th","{\"if\":[{\"conditions\":[{\"id\":3,\"object\":\"field\",\"object_id\":50680,\"object_row_id\":\"2\",\"logic\":\"selected\",\"value\":\"\",\"case_sensitive\":true,\"logic_previous\":\"||\"},{\"id\":2,\"object\":\"field\",\"object_id\":50682,\"object_row_id\":[\"2\",\"6\",\"10\",\"14\",\"18\",\"22\",\"26\",\"30\",\"34\",\"38\",\"42\",\"46\",\"50\",\"54\",\"58\",\"62\",\"66\",\"70\",\"74\",\"78\",\"82\",\"86\",\"90\",\"94\",\"98\"],\"logic\":\"selected_not\",\"value\":\"\",\"case_sensitive\":true,\"logic_previous\":\"&&\",\"multiple\":true}],\"logic_previous\":\"||\"}],\"then\":[{\"id\":1,\"object\":\"field\",\"object_id\":50681,\"object_row_id\":\"29\",\"action\":\"value_row_disabled\",\"value\":\"\"}],\"else\":[{\"id\":1,\"object\":\"field\",\"object_id\":50681,\"object_row_id\":\"29\",\"action\":\"value_row_not_disabled\",\"value\":\"\"}]}"]}]}]},"export_object":"section"},"identifier":"ws_form","version":"1.8.96","time":1628192213,"checksum":"31b923f2686ddb70a24353f6277b4ba6"}