{"label":"GDPR - Data Erasure Request","status":"draft","count_stat_view":"0","count_stat_save":"0","count_stat_submit":"0","count_submit":0,"count_submit_unread":"0","id":"12","groups":[{"label":"Tab","sort_index":"1","id":"24","sections":[{"label":"Section","child_count":"0","sort_index":"1","id":"26","meta":{"label_render":"","hidden_section":"","class_section_wrapper":"","disabled_section":"","breakpoint_size_25":"12","breakpoint_sizes":""},"fields":[{"label":"Email Address","type":"email","date_updated":"2019-09-11 20:52:39","sort_index":"1","id":"90","meta":{"label_render":"on","label_position":"default","label_column_width":"default","required":"on","hidden":"","default_value":"","multiple_email":"","placeholder":"","help":"","aria_label":"","exclude_email":"","class_single_vertical_align":"","class_field_wrapper":"","class_field":"","disabled":"","readonly":"","min_length":"","max_length":"","pattern":"","dedupe":"","dedupe_message":"","invalid_feedback_render":"on","invalid_feedback":"","custom_attributes":"","data_grid_datalist":{"rows_per_page":10,"group_index":0,"default":[],"columns":[{"id":0,"label":"Value"},{"id":1,"label":"Label"}],"groups":[{"label":"Values","page":0,"disabled":"","mask_group":"","rows":[]}]},"datalist_field_text":"1","datalist_field_value":"0","wc_exclude_cart":"","breakpoint_sizes":"","wsf-data-grid-auto-group":"0"}},{"label":"Submit","type":"submit","date_updated":"2019-09-11 20:52:32","sort_index":"2","id":"91","meta":{"hidden":"","help":"","aria_label":"","class_single_vertical_align":"bottom","class_field_button_type":"primary","class_field_full_button_remove":"","class_field_wrapper":"","class_field":"","disabled":"","custom_attributes":""}}]}],"meta":{"label_render":"","class_group_wrapper":""}}],"meta":{"label_render":"on","tracking_remote_ip":"","tracking_agent":"","tracking_referrer":"","tracking_os":"","tracking_host":"","tracking_geo_location":"","tracking_ip_lookup_latlon":"","tracking_ip_lookup_city":"","tracking_ip_lookup_region":"","tracking_ip_lookup_country":"","tracking_utm_source":"","tracking_utm_medium":"","tracking_utm_campaign":"","tracking_utm_term":"","tracking_utm_content":"","analytics_google":"","analytics_google_event_tab":"on","analytics_google_event_field":"on","honeypot":"","spam_threshold":"50","submit_lock":"on","label_mask_form":"","class_form_wrapper":"","submit_on_enter":"","submit_reload":"on","submit_show_errors":"on","form_action":"","cookie_tab_index":"on","label_mask_group":"","class_group_wrapper":"","label_mask_section":"","class_section_wrapper":"","invalid_field_focus":"on","class_field_wrapper":"","class_field":"","label_position_form":"top","label_column_width_form":"3","label_required":"on","label_mask_required":"","submit_limit":"","submit_limit_count":"","submit_limit_period":"","submit_limit_message":"","submit_limit_message_type":"information","schedule_start":"","schedule_start_datetime":"","schedule_start_message":"","schedule_start_message_type":"information","schedule_end":"","schedule_end_datetime":"","schedule_end_message":"","schedule_end_message_type":"information","user_limit_logged_in":"","user_limit_logged_in_message":"","user_limit_logged_in_message_type":"danger","form_populate_enabled":"","form_populate_action_id":"","form_populate_list_id":"","form_populate_field_mapping":"","form_populate_tag_mapping":"","breakpoint":"25","tab_index":"0","action":{"rows_per_page":10,"group_index":0,"default":[],"columns":[{"id":0,"label":"Action"},{"id":1,"label":"Data"}],"groups":[{"label":"Actions","page":0,"disabled":"","mask_group":"","rows":[{"id":3,"default":"","disabled":"","required":"","hidden":"","data":["Delete Data Request","{\"id\":\"data_erasure_request\",\"meta\":{\"action_data_erasure_request_field_email\":\"90\"},\"events\":[\"submit\"]}"]},{"id":2,"default":"","required":"","disabled":"","hidden":"","data":["Show Message","{\"id\":\"message\",\"meta\":{\"action_message_message\":\"An email has sent to you containing a link to confirm your request. Once confirmed, your data delete requested will be processed.\",\"action_message_type\":\"success\",\"action_message_method\":\"before\",\"action_message_form_hide\":\"on\",\"action_message_duration\":\"\",\"action_message_message_hide\":\"\",\"action_message_form_show\":\"\"},\"events\":[\"submit\"]}"]}]}]},"action_post_form_populate_post_id":"#query_var(\"post_id\")","action_post_form_populate_meta_mapping":"","field_select":"","form_history":"","documentation":"","contact":"","action_database_field_email":"","action_database_field_filter":"","action_database_field_filter_mapping":[],"conditional":{"rows_per_page":10,"group_index":0,"default":[],"columns":[{"id":0,"label":"Condition"},{"id":1,"label":"Data"}],"groups":[{"label":"Conditions","page":0,"disabled":"","mask_group":"","rows":[]}]}},"identifier":"ws_form","version":"1.4.29","time":1568235183,"checksum":"519a23652e0be8602deb3af4ba29f873"}