{"label":"GDPR - Data Export Request","status":"draft","count_stat_view":"0","count_stat_save":"0","count_stat_submit":"0","count_submit":0,"count_submit_unread":"0","id":"2","groups":[{"label":"Tab","sort_index":"1","id":"4","sections":[{"label":"Section","child_count":"0","sort_index":"1","id":"4","meta":{"label_render":"","hidden_section":"","class_section_wrapper":"","disabled_section":"","breakpoint_sizes":""},"fields":[{"label":"Email Address","type":"email","date_updated":"2019-09-11 01:42:14","sort_index":"1","id":"8","meta":{"label_render":"on","label_position":"default","label_column_width":"default","required":"on","hidden":"","default_value":"","multiple_email":"","placeholder":"","help":"","aria_label":"","exclude_email":"","class_single_vertical_align":"","class_field_wrapper":"","class_field":"","disabled":"","readonly":"","min_length":"","max_length":"","pattern":"","dedupe":"","dedupe_message":"","invalid_feedback_render":"on","invalid_feedback":"","custom_attributes":"","data_grid_datalist":{"rows_per_page":10,"group_index":0,"default":[],"columns":[{"id":0,"label":"Value"},{"id":1,"label":"Label"}],"groups":[{"label":"Values","page":0,"disabled":"","mask_group":"","rows":[]}]},"datalist_field_text":"1","datalist_field_value":"0","breakpoint_sizes":"","wsf-data-grid-auto-group":"0"}},{"label":"Submit","type":"submit","date_updated":"2019-09-11 01:42:14","sort_index":"2","id":"9","meta":{"hidden":"","help":"","aria_label":"","class_single_vertical_align":"bottom","class_field_button_type":"primary","class_field_full_button_remove":"","class_field_wrapper":"","class_field":"","disabled":"","custom_attributes":""}}]}],"meta":{"label_render":"","class_group_wrapper":""}}],"meta":{"label_render":"on","honeypot":"","spam_threshold":"50","submit_lock":"on","label_mask_form":"","class_form_wrapper":"","submit_on_enter":"","submit_reload":"on","submit_show_errors":"on","form_action":"","cookie_tab_index":"on","label_mask_group":"","class_group_wrapper":"","label_mask_section":"","class_section_wrapper":"","invalid_field_focus":"on","class_field_wrapper":"","class_field":"","label_position_form":"top","label_column_width_form":"3","label_required":"on","label_mask_required":"","breakpoint":"25","tab_index":"0","action":{"rows_per_page":10,"group_index":0,"default":[],"columns":[{"id":0,"label":"Action"},{"id":1,"label":"Data"}],"groups":[{"label":"Actions","page":0,"disabled":"","mask_group":"","rows":[{"id":2,"default":"","required":"","disabled":"","hidden":"","data":["Export Data Request","{\"id\":\"data_export_request\",\"meta\":{\"action_data_export_request_field_email\":\"8\"},\"events\":[\"submit\"]}"]},{"id":4,"default":"","required":"","disabled":"","hidden":"","data":["Show Message","{\"id\":\"message\",\"meta\":{\"action_message_message\":\"An email has sent to you containing a link to confirm your request. Once confirmed, your data export requested will be processed.\",\"action_message_type\":\"success\",\"action_message_method\":\"before\",\"action_message_form_hide\":\"on\",\"action_message_clear\":\"on\",\"action_message_scroll_top\":\"\",\"action_message_duration\":\"\",\"action_message_message_hide\":\"\",\"action_message_form_show\":\"\"},\"events\":[\"submit\"]}"]}]}]},"analytics_google":"","analytics_google_event_tab":"on","analytics_google_event_field":"on","tracking_remote_ip":"","tracking_agent":"","tracking_referrer":"","tracking_host":"","tracking_geo_location":"","form_populate_enabled":"","form_populate_action_id":"","form_populate_list_id":"","form_populate_field_mapping":"","form_populate_tag_mapping":"","field_select":"","form_history":"","documentation":"","contact":""},"identifier":"ws_form","version":"1.4.24","time":1568166200,"checksum":"57b71f30c6a81cba9647b1758f9374ac"}