{
  "data": {
    "recent_posts": [
      {
        "opt_id": "1",
        "wpid": "1",
        "name": "recent_posts",
        "value": "[{\"id\":14,\"post_type\":\"post\",\"status\":\"publish\",\"title\":\"A Roaring Celebration: Timmy's T-Rexcellent Birthday at Dino Dance Party!\",\"comment_count\":\"0\",\"dts\":1692637397,\"author\":\"dinodance\",\"authorEmail\":\"emily@dinodanceparty.com\",\"categories\":\"Birthday Parties\",\"tags\":\"\"},{\"id\":24,\"post_type\":\"post\",\"status\":\"draft\",\"title\":\"Exploring the Past, One Dance Step at a Time: An Adventure with Dino Tours at Dino Dance Party!\",\"comment_count\":\"0\",\"dts\":1692637971,\"author\":\"dinodance\",\"authorEmail\":\"emily@dinodanceparty.com\",\"categories\":\"Dino Education\",\"tags\":\"\"}]"
      },
      {
        "opt_id": "2",
        "wpid": "2",
        "name": "recent_posts",
        "value": "[{\"id\":13,\"post_type\":\"post\",\"status\":\"publish\",\"title\":\"Green Beans: From Yuck to Yum in 5 Easy Steps!\",\"comment_count\":\"0\",\"dts\":1692639806,\"author\":\"greenbeandream\",\"authorEmail\":\"marcus@greenbeandream.com\",\"categories\":\"Cooking Beans\",\"tags\":\"\"},{\"id\":10,\"post_type\":\"post\",\"status\":\"publish\",\"title\":\"The Magical Legumes of Your Dreams!\",\"comment_count\":\"0\",\"dts\":1692639806,\"author\":\"greenbeandream\",\"authorEmail\":\"marcus@greenbeandream.com\",\"categories\":\"Why Green Beans\",\"tags\":\"\"}]"
      },
      {
        "opt_id": "3",
        "wpid": "3",
        "name": "recent_posts",
        "value": "[{\"id\":14,\"post_type\":\"post\",\"status\":\"publish\",\"title\":\"Muffins for Breakfast: Start Your Day with a Smile!\",\"comment_count\":\"0\",\"dts\":1692641468,\"author\":\"magicalmuffinbakery\",\"authorEmail\":\"olivia@magicalmuffinbakery.com\",\"categories\":\"When to eat\",\"tags\":\"\"},{\"id\":12,\"post_type\":\"post\",\"status\":\"publish\",\"title\":\"Muffin Parties at the Office: A Magical Experience!\",\"comment_count\":\"0\",\"dts\":1692641468,\"author\":\"magicalmuffinbakery\",\"authorEmail\":\"olivia@magicalmuffinbakery.com\",\"categories\":\"Parties\",\"tags\":\"\"},{\"id\":10,\"post_type\":\"post\",\"status\":\"draft\",\"title\":\"The Blueberry Muffins at Magical Muffin Bakery: A Taste of Enchantment!\",\"comment_count\":\"0\",\"dts\":1692641468,\"author\":\"magicalmuffinbakery\",\"authorEmail\":\"olivia@magicalmuffinbakery.com\",\"categories\":\"Blueberry Muffin\",\"tags\":\"\"}]"
      },
      {
        "opt_id": "4",
        "wpid": "4",
        "name": "recent_posts",
        "value": "[{\"id\":19,\"post_type\":\"post\",\"status\":\"publish\",\"title\":\"Elevate Your Style: The Power of Accessories in Footwear Fashion\",\"comment_count\":\"0\",\"dts\":1692638138,\"author\":\"tickletoeshoes\",\"authorEmail\":\"javier@tickletoeshoes.com\",\"categories\":\"Uncategorized\",\"tags\":\"\"},{\"id\":13,\"post_type\":\"post\",\"status\":\"publish\",\"title\":\"Choosing the Perfect Pair: A Guide to Finding Your Ideal Shoes\",\"comment_count\":\"0\",\"dts\":1692637946,\"author\":\"tickletoeshoes\",\"authorEmail\":\"javier@tickletoeshoes.com\",\"categories\":\"Uncategorized\",\"tags\":\"\"},{\"id\":17,\"post_type\":\"post\",\"status\":\"draft\",\"title\":\"Footwear Essentials for Every Season: Your Year-Round Guide from Tickle Toes Shoes\",\"comment_count\":\"0\",\"dts\":1692638049,\"author\":\"tickletoeshoes\",\"authorEmail\":\"javier@tickletoeshoes.com\",\"categories\":\"Uncategorized\",\"tags\":\"\"},{\"id\":15,\"post_type\":\"post\",\"status\":\"future\",\"title\":\"Footwear Fashion Trends: Stepping into Style with Tickle Toes Shoes\",\"comment_count\":\"0\",\"dts\":1695316353,\"author\":\"tickletoeshoes\",\"authorEmail\":\"javier@tickletoeshoes.com\",\"categories\":\"Uncategorized\",\"tags\":\"\"}]"
      },
      {
        "opt_id": "5",
        "wpid": "5",
        "name": "recent_posts",
        "value": "[{\"id\":16,\"post_type\":\"post\",\"status\":\"publish\",\"title\":\"The Role of Storytelling in Early Childhood Development\",\"comment_count\":\"0\",\"dts\":1692639028,\"author\":\"frogsinfrocks\",\"authorEmail\":\"isabella@frogsinfrocks.com\",\"categories\":\"Uncategorized\",\"tags\":\"\"},{\"id\":14,\"post_type\":\"post\",\"status\":\"publish\",\"title\":\"From Playroom to Classroom: The Educational Value of Building Blocks\",\"comment_count\":\"0\",\"dts\":1692638992,\"author\":\"frogsinfrocks\",\"authorEmail\":\"isabella@frogsinfrocks.com\",\"categories\":\"Uncategorized\",\"tags\":\"\"},{\"id\":12,\"post_type\":\"post\",\"status\":\"publish\",\"title\":\"The Science of Play: Why Children's Educational Toys Matter\",\"comment_count\":\"0\",\"dts\":1692638949,\"author\":\"frogsinfrocks\",\"authorEmail\":\"isabella@frogsinfrocks.com\",\"categories\":\"Uncategorized\",\"tags\":\"\"},{\"id\":30,\"post_type\":\"post\",\"status\":\"draft\",\"title\":\"Creative Play: Unleashing Imagination with Arts and Crafts for Kids\",\"comment_count\":\"0\",\"dts\":1692639924,\"author\":\"frogsinfrocks\",\"authorEmail\":\"isabella@frogsinfrocks.com\",\"categories\":\"Uncategorized\",\"tags\":\"\"},{\"id\":18,\"post_type\":\"post\",\"status\":\"trash\",\"title\":\"Creative Play: Unleashing Imagination with Arts and Crafts for Kids\",\"comment_count\":\"0\",\"dts\":1692639103,\"author\":\"frogsinfrocks\",\"authorEmail\":\"isabella@frogsinfrocks.com\",\"categories\":\"Uncategorized\",\"tags\":\"\"}]"
      },
      {
        "opt_id": "6",
        "wpid": "6",
        "name": "recent_posts",
        "value": "[{\"id\":16,\"post_type\":\"post\",\"status\":\"publish\",\"title\":\"Pond Inspiration: Exploring Different Pond Styles for Your Backyard Retreat\",\"comment_count\":\"0\",\"dts\":1692637684,\"author\":\"puddleduckponds\",\"authorEmail\":\"malik@puddleduckponds.com\",\"categories\":\"Uncategorized\",\"tags\":\"\"},{\"id\":10,\"post_type\":\"post\",\"status\":\"publish\",\"title\":\"Creating a Tranquil Oasis: The Art of Designing Your Dream Pond\",\"comment_count\":\"0\",\"dts\":1692637634,\"author\":\"puddleduckponds\",\"authorEmail\":\"malik@puddleduckponds.com\",\"categories\":\"Uncategorized\",\"tags\":\"\"},{\"id\":12,\"post_type\":\"post\",\"status\":\"draft\",\"title\":\"Caring for Your Pond Ecosystem: Maintenance Tips for a Healthy Oasis\",\"comment_count\":\"0\",\"dts\":1692637652,\"author\":\"puddleduckponds\",\"authorEmail\":\"malik@puddleduckponds.com\",\"categories\":\"Uncategorized\",\"tags\":\"\"},{\"id\":14,\"post_type\":\"post\",\"status\":\"trash\",\"title\":\"Pond Landscaping: Harmonizing Nature and Design for a Stunning Effect\",\"comment_count\":\"0\",\"dts\":1692639040,\"author\":\"puddleduckponds\",\"authorEmail\":\"malik@puddleduckponds.com\",\"categories\":\"Uncategorized\",\"tags\":\"\"}]"
      },
      {
        "opt_id": "7",
        "wpid": "7",
        "name": "recent_posts",
        "value": "[{\"id\":12,\"post_type\":\"post\",\"status\":\"publish\",\"title\":\"Riding the Productivity Cloud: How Fluffy Cloud Chairs Transformed My Workday!\",\"comment_count\":\"0\",\"dts\":1692638539,\"author\":\"fluffycloudchairs\",\"authorEmail\":\"hannah@fluffycloudchairs.com\",\"categories\":\"At Work\",\"tags\":\"\"},{\"id\":10,\"post_type\":\"post\",\"status\":\"publish\",\"title\":\"Drift Away on a Fluffy Cloud: One Man's Journey to Ultimate Relaxation with Fluffy Cloud Chairs!\",\"comment_count\":\"0\",\"dts\":1692638539,\"author\":\"fluffycloudchairs\",\"authorEmail\":\"hannah@fluffycloudchairs.com\",\"categories\":\"Relaxing\",\"tags\":\"\"},{\"id\":14,\"post_type\":\"post\",\"status\":\"draft\",\"title\":\"Floating to Success: Sally's Journey from Desk Despair to Cloud-Infused Triumph with Fluffy Cloud Chairs\",\"comment_count\":\"0\",\"dts\":1692638539,\"author\":\"fluffycloudchairs\",\"authorEmail\":\"hannah@fluffycloudchairs.com\",\"categories\":\"At Work\",\"tags\":\"\"}]"
      },
      {
        "opt_id": "8",
        "wpid": "8",
        "name": "recent_posts",
        "value": "[{\"id\":14,\"post_type\":\"post\",\"status\":\"publish\",\"title\":\"The Joy of Reading: Fostering Lifelong Learning with Children's Books\",\"comment_count\":\"0\",\"dts\":1692638620,\"author\":\"wigglewormbookstore\",\"authorEmail\":\"andrei@wigglewormbookstore.com\",\"categories\":\"Uncategorized\",\"tags\":\"\"},{\"id\":10,\"post_type\":\"post\",\"status\":\"publish\",\"title\":\"Nurturing Young Minds: The Magic of Children's Books\",\"comment_count\":\"0\",\"dts\":1692638536,\"author\":\"wigglewormbookstore\",\"authorEmail\":\"andrei@wigglewormbookstore.com\",\"categories\":\"Uncategorized\",\"tags\":\"\"},{\"id\":12,\"post_type\":\"post\",\"status\":\"draft\",\"title\":\"Exploring Worlds Through Children's Books: The Window to Diverse Realities\",\"comment_count\":\"0\",\"dts\":1692638717,\"author\":\"wigglewormbookstore\",\"authorEmail\":\"andrei@wigglewormbookstore.com\",\"categories\":\"Uncategorized\",\"tags\":\"\"},{\"id\":18,\"post_type\":\"post\",\"status\":\"pending\",\"title\":\"Empowering Young Minds: The Transformative Role of Children's Literature\",\"comment_count\":\"0\",\"dts\":1692638712,\"author\":\"wigglewormbookstore\",\"authorEmail\":\"andrei@wigglewormbookstore.com\",\"categories\":\"Uncategorized\",\"tags\":\"\"},{\"id\":16,\"post_type\":\"post\",\"status\":\"trash\",\"title\":\"Family Bonding Through Stories: The Magic of Shared Reading\",\"comment_count\":\"0\",\"dts\":1692639049,\"author\":\"wigglewormbookstore\",\"authorEmail\":\"andrei@wigglewormbookstore.com\",\"categories\":\"Uncategorized\",\"tags\":\"\"}]"
      },
      {
        "opt_id": "9",
        "wpid": "9",
        "name": "recent_posts",
        "value": "[{\"id\":12,\"post_type\":\"post\",\"status\":\"publish\",\"title\":\"The Blues Never Tasted So Good: A Journey into Jolly Jellyfish Jams' Bouncing Blueberry Delight\",\"comment_count\":\"0\",\"dts\":1692640400,\"author\":\"jollyjellyfishjams\",\"authorEmail\":\"ava@jollyjellyfishjams.com\",\"categories\":\"Blueberry Jam\",\"tags\":\"\"},{\"id\":10,\"post_type\":\"post\",\"status\":\"publish\",\"title\":\"The Joy of Jam: A Deep Dive into Jolly Jellyfish Jams' Strawberry Symphony\",\"comment_count\":\"0\",\"dts\":1692640400,\"author\":\"jollyjellyfishjams\",\"authorEmail\":\"ava@jollyjellyfishjams.com\",\"categories\":\"Strawberry Jam\",\"tags\":\"\"}]"
      },
      {
        "opt_id": "10",
        "wpid": "10",
        "name": "recent_posts",
        "value": "[{\"id\":13,\"post_type\":\"post\",\"status\":\"publish\",\"title\":\"Top 5 Tips for Maintaining Your Vehicle's Performance and Value\",\"comment_count\":\"0\",\"dts\":1692637152,\"author\":\"merrymoosemotors\",\"authorEmail\":\"jordan@merrymoosemotors.com\",\"categories\":\"Uncategorized\",\"tags\":\"\"},{\"id\":11,\"post_type\":\"post\",\"status\":\"publish\",\"title\":\"Navigating the Road to Car Ownership: A Comprehensive Guide\",\"comment_count\":\"0\",\"dts\":1692637114,\"author\":\"merrymoosemotors\",\"authorEmail\":\"jordan@merrymoosemotors.com\",\"categories\":\"Uncategorized\",\"tags\":\"\"},{\"id\":17,\"post_type\":\"post\",\"status\":\"draft\",\"title\":\"Choosing the Perfect Vehicle: A Guide to Finding Your Ideal Match\",\"comment_count\":\"0\",\"dts\":1692637261,\"author\":\"merrymoosemotors\",\"authorEmail\":\"jordan@merrymoosemotors.com\",\"categories\":\"Uncategorized\",\"tags\":\"\"},{\"id\":15,\"post_type\":\"post\",\"status\":\"trash\",\"title\":\"The Future of Automobiles: Trends Shaping the Automotive Industry\",\"comment_count\":\"0\",\"dts\":1692639038,\"author\":\"merrymoosemotors\",\"authorEmail\":\"jordan@merrymoosemotors.com\",\"categories\":\"Uncategorized\",\"tags\":\"\"},{\"id\":19,\"post_type\":\"post\",\"status\":\"future\",\"title\":\"Sustainable Driving: Eco-Friendly Practices for a Greener Journey\",\"comment_count\":\"0\",\"dts\":1695315666,\"author\":\"merrymoosemotors\",\"authorEmail\":\"jordan@merrymoosemotors.com\",\"categories\":\"Uncategorized\",\"tags\":\"\"}]"
      }
    ],
    "recent_pages": [
      {
        "opt_id": "11",
        "wpid": "1",
        "name": "recent_pages",
        "value": "[{\"id\":22,\"post_type\":\"page\",\"status\":\"publish\",\"title\":\"Home\",\"comment_count\":\"0\",\"dts\":1692637845,\"author\":\"dinodance\",\"authorEmail\":\"emily@dinodanceparty.com\",\"categories\":\"\",\"tags\":\"\"},{\"id\":20,\"post_type\":\"page\",\"status\":\"publish\",\"title\":\"Visit Us\",\"comment_count\":\"0\",\"dts\":1692637845,\"author\":\"dinodance\",\"authorEmail\":\"emily@dinodanceparty.com\",\"categories\":\"\",\"tags\":\"\"},{\"id\":16,\"post_type\":\"page\",\"status\":\"publish\",\"title\":\"About Us: Dino Dance Party \\u2013 Where Prehistoric Meets Party!\",\"comment_count\":\"0\",\"dts\":1692637845,\"author\":\"dinodance\",\"authorEmail\":\"emily@dinodanceparty.com\",\"categories\":\"\",\"tags\":\"\"}]"
      },
      {
        "opt_id": "12",
        "wpid": "2",
        "name": "recent_pages",
        "value": "[{\"id\":21,\"post_type\":\"page\",\"status\":\"publish\",\"title\":\"Home\",\"comment_count\":\"0\",\"dts\":1692639789,\"author\":\"greenbeandream\",\"authorEmail\":\"marcus@greenbeandream.com\",\"categories\":\"\",\"tags\":\"\"},{\"id\":19,\"post_type\":\"page\",\"status\":\"publish\",\"title\":\"Contact Green Bean Dream: We're Eager to Hear from You!\",\"comment_count\":\"0\",\"dts\":1692639789,\"author\":\"greenbeandream\",\"authorEmail\":\"marcus@greenbeandream.com\",\"categories\":\"\",\"tags\":\"\"},{\"id\":17,\"post_type\":\"page\",\"status\":\"publish\",\"title\":\"Get in Touch with the Bean Masters at Green Bean Dream!\",\"comment_count\":\"0\",\"dts\":1692639789,\"author\":\"greenbeandream\",\"authorEmail\":\"marcus@greenbeandream.com\",\"categories\":\"\",\"tags\":\"\"}]"
      },
      {
        "opt_id": "13",
        "wpid": "3",
        "name": "recent_pages",
        "value": "[{\"id\":22,\"post_type\":\"page\",\"status\":\"publish\",\"title\":\"Welcome to Magical Muffin Bakery!\",\"comment_count\":\"0\",\"dts\":1692641932,\"author\":\"magicalmuffinbakery\",\"authorEmail\":\"olivia@magicalmuffinbakery.com\",\"categories\":\"\",\"tags\":\"\"},{\"id\":18,\"post_type\":\"page\",\"status\":\"publish\",\"title\":\"Contact Us\",\"comment_count\":\"0\",\"dts\":1692641932,\"author\":\"magicalmuffinbakery\",\"authorEmail\":\"olivia@magicalmuffinbakery.com\",\"categories\":\"\",\"tags\":\"\"},{\"id\":16,\"post_type\":\"page\",\"status\":\"publish\",\"title\":\"About the Magical Muffin Bakery!\",\"comment_count\":\"0\",\"dts\":1692641932,\"author\":\"magicalmuffinbakery\",\"authorEmail\":\"olivia@magicalmuffinbakery.com\",\"categories\":\"\",\"tags\":\"\"}]"
      },
      {
        "opt_id": "14",
        "wpid": "4",
        "name": "recent_pages",
        "value": "[{\"id\":27,\"post_type\":\"page\",\"status\":\"publish\",\"title\":\"Welcome to Tickle Toes Shoes: Where Comfort Meets Style\",\"comment_count\":\"0\",\"dts\":1692638467,\"author\":\"tickletoeshoes\",\"authorEmail\":\"javier@tickletoeshoes.com\",\"categories\":\"\",\"tags\":\"\"},{\"id\":24,\"post_type\":\"page\",\"status\":\"draft\",\"title\":\"Your Questions and Feedback Matter\",\"comment_count\":\"0\",\"dts\":1692638430,\"author\":\"tickletoeshoes\",\"authorEmail\":\"javier@tickletoeshoes.com\",\"categories\":\"\",\"tags\":\"\"},{\"id\":23,\"post_type\":\"page\",\"status\":\"draft\",\"title\":\"Elevating Your Footwear Experience with Tickle Toes Shoes\",\"comment_count\":\"0\",\"dts\":1692638427,\"author\":\"tickletoeshoes\",\"authorEmail\":\"javier@tickletoeshoes.com\",\"categories\":\"\",\"tags\":\"\"}]"
      },
      {
        "opt_id": "15",
        "wpid": "5",
        "name": "recent_pages",
        "value": "[{\"id\":24,\"post_type\":\"page\",\"status\":\"publish\",\"title\":\"Our Values: Nurturing Curiosity, Empowering Imagination\",\"comment_count\":\"0\",\"dts\":1692639850,\"author\":\"frogsinfrocks\",\"authorEmail\":\"isabella@frogsinfrocks.com\",\"categories\":\"\",\"tags\":\"\"},{\"id\":20,\"post_type\":\"page\",\"status\":\"publish\",\"title\":\"Nurturing Young Minds Through Creative Play\",\"comment_count\":\"0\",\"dts\":1692639816,\"author\":\"frogsinfrocks\",\"authorEmail\":\"isabella@frogsinfrocks.com\",\"categories\":\"\",\"tags\":\"\"},{\"id\":26,\"post_type\":\"page\",\"status\":\"draft\",\"title\":\"Our Vision: A World of Creative Potential\",\"comment_count\":\"0\",\"dts\":1692639865,\"author\":\"frogsinfrocks\",\"authorEmail\":\"isabella@frogsinfrocks.com\",\"categories\":\"\",\"tags\":\"\"},{\"id\":22,\"post_type\":\"page\",\"status\":\"trash\",\"title\":\"Our Story: Where Play and Learning Unite\",\"comment_count\":\"0\",\"dts\":1692639890,\"author\":\"frogsinfrocks\",\"authorEmail\":\"isabella@frogsinfrocks.com\",\"categories\":\"\",\"tags\":\"\"},{\"id\":28,\"post_type\":\"page\",\"status\":\"future\",\"title\":\"Join the Frogs in Frocks Community\",\"comment_count\":\"0\",\"dts\":1695318269,\"author\":\"frogsinfrocks\",\"authorEmail\":\"isabella@frogsinfrocks.com\",\"categories\":\"\",\"tags\":\"\"}]"
      },
      {
        "opt_id": "16",
        "wpid": "6",
        "name": "recent_pages",
        "value": "[{\"id\":22,\"post_type\":\"page\",\"status\":\"publish\",\"title\":\"Welcome to Puddleduck Ponds: Where Dreams Take Shape in Water\",\"comment_count\":\"0\",\"dts\":1692637813,\"author\":\"puddleduckponds\",\"authorEmail\":\"malik@puddleduckponds.com\",\"categories\":\"\",\"tags\":\"\"},{\"id\":20,\"post_type\":\"page\",\"status\":\"publish\",\"title\":\"Let's Make Waves Together\",\"comment_count\":\"0\",\"dts\":1692637777,\"author\":\"puddleduckponds\",\"authorEmail\":\"malik@puddleduckponds.com\",\"categories\":\"\",\"tags\":\"\"},{\"id\":18,\"post_type\":\"page\",\"status\":\"publish\",\"title\":\"About Us: Bringing Your Water Dreams to Life\",\"comment_count\":\"0\",\"dts\":1692637852,\"author\":\"puddleduckponds\",\"authorEmail\":\"malik@puddleduckponds.com\",\"categories\":\"\",\"tags\":\"\"},{\"id\":24,\"post_type\":\"page\",\"status\":\"draft\",\"title\":\"Join Us in the World of Water Dreams\",\"comment_count\":\"0\",\"dts\":1692637848,\"author\":\"puddleduckponds\",\"authorEmail\":\"malik@puddleduckponds.com\",\"categories\":\"\",\"tags\":\"\"}]"
      },
      {
        "opt_id": "17",
        "wpid": "7",
        "name": "recent_pages",
        "value": "[{\"id\":21,\"post_type\":\"page\",\"status\":\"publish\",\"title\":\"Homepage\",\"comment_count\":\"0\",\"dts\":1692639130,\"author\":\"fluffycloudchairs\",\"authorEmail\":\"hannah@fluffycloudchairs.com\",\"categories\":\"\",\"tags\":\"\"},{\"id\":17,\"post_type\":\"page\",\"status\":\"publish\",\"title\":\"Contact Us - Fluffy Cloud Chairs\",\"comment_count\":\"0\",\"dts\":1692639130,\"author\":\"fluffycloudchairs\",\"authorEmail\":\"hannah@fluffycloudchairs.com\",\"categories\":\"\",\"tags\":\"\"},{\"id\":19,\"post_type\":\"page\",\"status\":\"draft\",\"title\":\"About Us - Fluffy Cloud Chairs\",\"comment_count\":\"0\",\"dts\":1692639130,\"author\":\"fluffycloudchairs\",\"authorEmail\":\"hannah@fluffycloudchairs.com\",\"categories\":\"\",\"tags\":\"\"}]"
      },
      {
        "opt_id": "18",
        "wpid": "8",
        "name": "recent_pages",
        "value": "[{\"id\":25,\"post_type\":\"page\",\"status\":\"publish\",\"title\":\"Our Vision: Fostering Lifelong Learners\",\"comment_count\":\"0\",\"dts\":1692638836,\"author\":\"wigglewormbookstore\",\"authorEmail\":\"andrei@wigglewormbookstore.com\",\"categories\":\"\",\"tags\":\"\"},{\"id\":23,\"post_type\":\"page\",\"status\":\"publish\",\"title\":\"Our Values: Empowerment, Diversity, and Imagination\",\"comment_count\":\"0\",\"dts\":1692638823,\"author\":\"wigglewormbookstore\",\"authorEmail\":\"andrei@wigglewormbookstore.com\",\"categories\":\"\",\"tags\":\"\"},{\"id\":21,\"post_type\":\"page\",\"status\":\"publish\",\"title\":\"Our Story: Nurturing Young Minds, One Book at a Time\",\"comment_count\":\"0\",\"dts\":1692638807,\"author\":\"wigglewormbookstore\",\"authorEmail\":\"andrei@wigglewormbookstore.com\",\"categories\":\"\",\"tags\":\"\"},{\"id\":20,\"post_type\":\"page\",\"status\":\"draft\",\"title\":\"Unveiling the Story Behind Wiggle Worm Bookstore\",\"comment_count\":\"0\",\"dts\":1692638870,\"author\":\"wigglewormbookstore\",\"authorEmail\":\"andrei@wigglewormbookstore.com\",\"categories\":\"\",\"tags\":\"\"},{\"id\":27,\"post_type\":\"page\",\"status\":\"future\",\"title\":\"Join the Wiggle Worm Community\",\"comment_count\":\"0\",\"dts\":1695317240,\"author\":\"wigglewormbookstore\",\"authorEmail\":\"andrei@wigglewormbookstore.com\",\"categories\":\"\",\"tags\":\"\"}]"
      },
      {
        "opt_id": "19",
        "wpid": "9",
        "name": "recent_pages",
        "value": "[{\"id\":22,\"post_type\":\"page\",\"status\":\"publish\",\"title\":\"Welcome to Jolly Jellyfish Jams!\",\"comment_count\":\"0\",\"dts\":1692640978,\"author\":\"jollyjellyfishjams\",\"authorEmail\":\"ava@jollyjellyfishjams.com\",\"categories\":\"\",\"tags\":\"\"},{\"id\":19,\"post_type\":\"page\",\"status\":\"publish\",\"title\":\"Contact Jolly Jellyfish Jams: Let's Jam Together!\",\"comment_count\":\"0\",\"dts\":1692640978,\"author\":\"jollyjellyfishjams\",\"authorEmail\":\"ava@jollyjellyfishjams.com\",\"categories\":\"\",\"tags\":\"\"},{\"id\":15,\"post_type\":\"page\",\"status\":\"publish\",\"title\":\"About Jolly Jellyfish Jams: Where the Ocean Sings in Every Jar\",\"comment_count\":\"0\",\"dts\":1692640978,\"author\":\"jollyjellyfishjams\",\"authorEmail\":\"ava@jollyjellyfishjams.com\",\"categories\":\"\",\"tags\":\"\"}]"
      },
      {
        "opt_id": "20",
        "wpid": "10",
        "name": "recent_pages",
        "value": "[{\"id\":25,\"post_type\":\"page\",\"status\":\"publish\",\"title\":\"Welcome to Merry Moose Motors: Your Journey Begins Here\",\"comment_count\":\"0\",\"dts\":1692637436,\"author\":\"merrymoosemotors\",\"authorEmail\":\"jordan@merrymoosemotors.com\",\"categories\":\"\",\"tags\":\"\"},{\"id\":21,\"post_type\":\"page\",\"status\":\"publish\",\"title\":\"About Us: Bringing Quality Vehicles and Exceptional Service Together\",\"comment_count\":\"0\",\"dts\":1692637374,\"author\":\"merrymoosemotors\",\"authorEmail\":\"jordan@merrymoosemotors.com\",\"categories\":\"\",\"tags\":\"\"},{\"id\":23,\"post_type\":\"page\",\"status\":\"draft\",\"title\":\"Contact Us: Reach Out for Expert Guidance and Exceptional Service\",\"comment_count\":\"0\",\"dts\":1692637494,\"author\":\"merrymoosemotors\",\"authorEmail\":\"jordan@merrymoosemotors.com\",\"categories\":\"\",\"tags\":\"\"}]"
      }
    ]
  }
}