{
    "data": [
      {
        "client_id": "1",
        "image": "assets/images/demo/clients/1.png",
        "name": "Dino Dance Party Entertainment",
        "address_1": "1234 Elm Street",
        "address_2": "",
        "city": "Springfield",
        "zip": "98765",
        "state": "CA",
        "country": "United States",
        "note": "Welcome to Dino Dance Party Entertainment, where prehistoric fun meets modern excitement! At Dino Dance Party Entertainment, we specialize in bringing the enchanting world of dinosaurs to life through electrifying performances and captivating experiences. Our team of professional dancers, animators, and event planners work tirelessly to transport you to an era long gone, where dinosaurs roamed the Earth.",
        "client_email": "contact@dinodanceparty.com",
        "client_phone": "(555) 458-7878",
        "client_facebook": "https://www.facebook.com/dinodanceparty/",
        "client_twitter": "https://twitter.com/dinodanceparty/",
        "client_instagram": "https://www.instagram.com/dinodanceparty/",
        "client_linkedin": "https://www.linkedin.com/dinodanceparty/",
        "suspended": "0",
        "primary_contact_id": "1",
        "created": "1692364670"
      },
      {
        "client_id": "2",
        "image": "assets/images/demo/clients/2.png",
        "name": "Green Bean Sustainability Inc",
        "address_1": "5678 Maple Avenue",
        "address_2": "",
        "city": "Willowbrook",
        "zip": "12345",
        "state": "NY",
        "country": "United States",
        "note": "Welcome to Green Bean Sustainability Inc., your partner in cultivating a greener tomorrow. At Green Bean Sustainability, we are on a mission to revolutionize the way businesses approach environmental stewardship. With a keen focus on innovation and eco-conscious solutions, we pave the way for a world where sustainability isn't just a buzzword – it's a way of life.",
        "client_email": "contact@greenbeandream.com",
        "client_phone": "(555) 847-3652",
        "client_facebook": "https://www.facebook.com/greenbeandream/",
        "client_twitter": "https://twitter.com/greenbeandream/",
        "client_instagram": "https://www.instagram.com/greenbeandream/",
        "client_linkedin": "https://www.linkedin.com/greenbeandream/",
        "suspended": "0",
        "primary_contact_id": "2",
        "created": "1692364715"
      },
      {
        "client_id": "3",
        "image": "assets/images/demo/clients/3.png",
        "name": "Magical Muffin Bakery",
        "address_1": "8901 Oak Street",
        "address_2": "",
        "city": "Cedarville",
        "zip": "67890",
        "state": "TX",
        "country": "United States",
        "note": "Welcome to Magical Muffin Bakery, where every bite is a spellbinding experience. Nestled in the heart of culinary enchantment, Magical Muffin Bakery is your gateway to a world of delectable delights that go beyond the ordinary. With a touch of magic in every recipe, we're here to redefine your perception of baked goods.",
        "client_email": "contact@magicalmuffinbakery.com",
        "client_phone": "(555) 958-8478",
        "client_facebook": "https://www.facebook.com/magicalmuffinbakery/",
        "client_twitter": "https://twitter.com/magicalmuffinbakery/",
        "client_instagram": "https://www.instagram.com/magicalmuffinbakery/",
        "client_linkedin": "https://www.linkedin.com/magicalmuffinbakery/",
        "suspended": "0",
        "primary_contact_id": "3",
        "created": "1692364721"
      },
      {
        "client_id": "4",
        "image": "assets/images/demo/clients/4.png",
        "name": "Tickle Toe Shoe Shop",
        "address_1": "2345 Pine Road",
        "address_2": "",
        "city": "Blue Ridge",
        "zip": "45678",
        "state": "CA",
        "country": "United States",
        "note": "Welcome to Tickle Toe Shoe Shop, where every step is a dance of comfort and style. Nestled in the heart of fashion-forward elegance, Tickle Toe Shoe Shop is your destination for finding the perfect pair of shoes that not only look amazing but also make your feet do a happy little jig.",
        "client_email": "contact@tickletoeshoes.com",
        "client_phone": "(555) 654-3251",
        "client_facebook": "https://www.facebook.com/tickletoeshoes/",
        "client_twitter": "https://twitter.com/tickletoeshoes/",
        "client_instagram": "https://www.instagram.com/tickletoeshoes/",
        "client_linkedin": "https://www.linkedin.com/tickletoeshoes/",
        "suspended": "0",
        "primary_contact_id": "4",
        "created": "1692364782"
      },
      {
        "client_id": "5",
        "image": "assets/images/demo/clients/5.png",
        "name": "Frogs in Frocks Boutique",
        "address_1": "6789 Elm Lane",
        "address_2": "",
        "city": "Redwood City",
        "zip": "56789",
        "state": "IL",
        "country": "United States",
        "note": "Welcome to Frogs in Frocks Boutique, where fashion leaps into a realm of whimsy and elegance. Situated at the intersection of chic and charm, Frogs in Frocks is more than a boutique – it's a destination for those who appreciate the magic of fashion and the allure of the unconventional.",
        "client_email": "contact@frogsinfrocks.com",
        "client_phone": "(555) 654-8485",
        "client_facebook": "https://www.facebook.com/frogsinfrocks/",
        "client_twitter": "https://twitter.com/frogsinfrocks/",
        "client_instagram": "https://www.instagram.com/frogsinfrocks/",
        "client_linkedin": "https://www.linkedin.com/frogsinfrocks/",
        "suspended": "0",
        "primary_contact_id": "5",
        "created": "1692364790"
      },
      {
        "client_id": "6",
        "image": "assets/images/demo/clients/6.png",
        "name": "Puddle Duck Pond Design",
        "address_1": "1234 Birch Drive",
        "address_2": "",
        "city": "Springdale",
        "zip": "34567",
        "state": "FL",
        "country": "United States",
        "note": "Welcome to Puddle Duck Pond Design, where creativity takes flight and design ripples with inspiration. Nestled by the tranquil waters of imagination, Puddle Duck Pond Design is your haven for innovative and captivating design solutions that make waves in the world of aesthetics.",
        "client_email": "contact@puddleduckponds.com",
        "client_phone": "(555) 135-1254",
        "client_facebook": "https://www.facebook.com/puddleduckponds/",
        "client_twitter": "https://twitter.com/puddleduckponds/",
        "client_instagram": "https://www.instagram.com/puddleduckponds/",
        "client_linkedin": "https://www.linkedin.com/puddleduckponds/",
        "suspended": "0",
        "primary_contact_id": "6",
        "created": "1692364810"
      },
      {
        "client_id": "7",
        "image": "assets/images/demo/clients/7.png",
        "name": "Fluffy Cloud Furniture",
        "address_1": "4567 Willow Court",
        "address_2": "",
        "city": "Meadowbrook",
        "zip": "56789",
        "state": "AZ",
        "country": "United States",
        "note": "Welcome to Fluffy Cloud Furniture, where comfort meets craftsmanship and dreams are woven into every stitch. Floating above the ordinary, Fluffy Cloud Furniture is your destination for handcrafted pieces that elevate your living spaces to new heights of coziness and style.",
        "client_email": "contact@fluffycloudchairs.com",
        "client_phone": "(555) 365-9548",
        "client_facebook": "https://www.facebook.com/fluffycloudchairs/",
        "client_twitter": "https://twitter.com/fluffycloudchairs/",
        "client_instagram": "https://www.instagram.com/fluffycloudchairs/",
        "client_linkedin": "https://www.linkedin.com/fluffycloudchairs/",
        "suspended": "0",
        "primary_contact_id": "7",
        "created": "1692364815"
      },
      {
        "client_id": "8",
        "image": "assets/images/demo/clients/8.png",
        "name": "Wiggle Worm Books",
        "address_1": "7890 Cedar Street",
        "address_2": "",
        "city": "Greenfield",
        "zip": "23456",
        "state": "MA",
        "country": "United States",
        "note": "Welcome to Wiggle Worm Books, where imagination wriggles off the pages and storytelling comes to life. Nestled in the heart of literary discovery, Wiggle Worm Books is more than a bookstore – it's a portal to worlds waiting to be explored and characters ready to capture your heart.",
        "client_email": "contact@wigglewormbookstore.com",
        "client_phone": "(555) 698-1354",
        "client_facebook": "https://www.facebook.com/wigglewormbookstore/",
        "client_twitter": "https://twitter.com/wigglewormbookstore/",
        "client_instagram": "https://www.instagram.com/wigglewormbookstore/",
        "client_linkedin": "https://www.linkedin.com/wigglewormbookstore/",
        "suspended": "0",
        "primary_contact_id": "8",
        "created": "1692364825"
      },
      {
        "client_id": "9",
        "image": "assets/images/demo/clients/9.png",
        "name": "Jolly Jellyfish Jam Factory",
        "address_1": "3456 Oak Avenue",
        "address_2": "",
        "city": "Riverside",
        "zip": "67890",
        "state": "WA",
        "country": "United States",
        "note": "Welcome to the Jolly Jellyfish Jam Factory, where whimsy and flavors collide in a delightful symphony of taste. Nestled in the heart of culinary creativity, the Jolly Jellyfish Jam Factory is your destination for delectable jams that capture the essence of the ocean's most vibrant and enchanting creatures.",
        "client_email": "contact@jollyjellyfishjams.com",
        "client_phone": "(555) 135-6515",
        "client_facebook": "https://www.facebook.com/jollyjellyfishjams/",
        "client_twitter": "https://twitter.com/jollyjellyfishjams/",
        "client_instagram": "https://www.instagram.com/jollyjellyfishjams/",
        "client_linkedin": "https://www.linkedin.com/jollyjellyfishjams/",
        "suspended": "0",
        "primary_contact_id": "9",
        "created": "1692364834"
      },
      {
        "client_id": "10",
        "image": "assets/images/demo/clients/10.png",
        "name": "Merry Moose Car Dealership",
        "address_1": "9012 Maple Lane",
        "address_2": "",
        "city": "Laurel Springs",
        "zip": "12345",
        "state": "OR",
        "country": "United States",
        "note": "Welcome to Merry Moose Car Dealership, where the journey to finding your perfect vehicle is as delightful as spotting a cheerful moose in the wild. Nestled in the heart of automotive excellence, Merry Moose Car Dealership is your destination for an exceptional car-buying experience that combines quality, variety, and a touch of whimsy.",
        "client_email": "contact@merrymoosemotors.com",
        "client_phone": "(555) 543-4621",
        "client_facebook": "https://www.facebook.com/merrymoosemotors/",
        "client_twitter": "https://twitter.com/merrymoosemotors/",
        "client_instagram": "https://www.instagram.com/merrymoosemotors/",
        "client_linkedin": "https://www.linkedin.com/merrymoosemotors/",
        "suspended": "0",
        "primary_contact_id": "10",
        "created": "1692364950"
      }
    ]
 }