{
  "data": [
    {
      "contact_id": "1",
      "contact_client_id": "1",
      "contact_email": "emily@dinodanceparty.com",
      "contact_image": "assets/images/demo/contacts/1.jpeg",
      "contact_name": "Emily Archer",
      "contact_phone": "(555) 335-6552",
      "contact_role": "Chief Marketing Officer",
      "facebook": "https://www.facebook.com/emilydinodanceparty/",
      "twitter": "https://twitter.com/emilydinodanceparty/",
      "instagram": "https://www.instagram.com/emilydinodanceparty/",
      "linkedin": "https://www.linkedin.com/emilydinodanceparty/"
    },
    {
      "contact_id": "2",
      "contact_client_id": "2",
      "contact_email": "marcus@greenbeandream.com",
      "contact_image": "assets/images/demo/contacts/2.jpeg",
      "contact_name": "Marcus Bennett",
      "contact_phone": "(555) 115-2254",
      "contact_role": "Director of Research and Development",
      "facebook": "https://www.facebook.com/marcusgreenbeandream/",
      "twitter": "https://twitter.com/marcusgreenbeandream/",
      "instagram": "https://www.instagram.com/marcusgreenbeandream/",
      "linkedin": "https://www.linkedin.com/marcusgreenbeandream/"
    },
    {
      "contact_id": "3",
      "contact_client_id": "3",
      "contact_email": "olivia@magicalmuffinbakery.com",
      "contact_image": "assets/images/demo/contacts/3.jpeg",
      "contact_name": "Olivia Chen",
      "contact_phone": "(555) 654-1544",
      "contact_role": "Vice President of Sales",
      "facebook": "https://www.facebook.com/oliviamagicalmuffinbakery/",
      "twitter": "https://twitter.com/oliviamagicalmuffinbakery/",
      "instagram": "https://www.instagram.com/oliviamagicalmuffinbakery/",
      "linkedin": "https://www.linkedin.com/oliviamagicalmuffinbakery/"
    },
    {
      "contact_id": "4",
      "contact_client_id": "4",
      "contact_email": "javier@tickletoeshoes.com",
      "contact_image": "assets/images/demo/contacts/4.jpeg",
      "contact_name": "Javier Morales",
      "contact_phone": "(555) 545-5785",
      "contact_role": "Head of Product Design",
      "facebook": "https://www.facebook.com/javiertickletoeshoes/",
      "twitter": "https://twitter.com/javiertickletoeshoes/",
      "instagram": "https://www.instagram.com/javiertickletoeshoes/",
      "linkedin": "https://www.linkedin.com/javiertickletoeshoes/"
    },
    {
      "contact_id": "5",
      "contact_client_id": "5",
      "contact_email": "isabella@frogsinfrocks.com",
      "contact_image": "assets/images/demo/contacts/5.jpeg",
      "contact_name": "Isabella Clarke",
      "contact_phone": "(555) 365-5554",
      "contact_role": "Chief Financial Officer",
      "facebook": "https://www.facebook.com/isabellafrogsinfrocks/",
      "twitter": "https://twitter.com/isabellafrogsinfrocks/",
      "instagram": "https://www.instagram.com/isabellafrogsinfrocks/",
      "linkedin": "https://www.linkedin.com/isabellafrogsinfrocks/"
    },
    {
      "contact_id": "6",
      "contact_client_id": "6",
      "contact_email": "malik@puddleduckponds.com",
      "contact_image": "assets/images/demo/contacts/6.jpeg",
      "contact_name": "Malik Patel",
      "contact_phone": "(555) 854-6655",
      "contact_role": "Head of Product Design",
      "facebook": "https://www.facebook.com/malikpuddleduckponds/",
      "twitter": "https://twitter.com/malikpuddleduckponds/",
      "instagram": "https://www.instagram.com/malikpuddleduckponds/",
      "linkedin": "https://www.linkedin.com/malikpuddleduckponds/"
    },
    {
      "contact_id": "7",
      "contact_client_id": "7",
      "contact_email": "hannah@fluffycloudchairs.com",
      "contact_image": "assets/images/demo/contacts/7.jpeg",
      "contact_name": "Hannah Miller",
      "contact_phone": "(555) 362-1254",
      "contact_role": "Creative Director",
      "facebook": "https://www.facebook.com/hannahfluffycloudchairs/",
      "twitter": "https://twitter.com/hannahfluffycloudchairs/",
      "instagram": "https://www.instagram.com/hannahfluffycloudchairs/",
      "linkedin": "https://www.linkedin.com/hannahfluffycloudchairs/"
    },
    {
      "contact_id": "8",
      "contact_client_id": "8",
      "contact_email": "andrei@wigglewormbookstore.com",
      "contact_image": "assets/images/demo/contacts/8.jpeg",
      "contact_name": "Andrei Petrov",
      "contact_phone": "(555) 365-9514",
      "contact_role": "Director of Human Resources",
      "facebook": "https://www.facebook.com/andreiwigglewormbookstore/",
      "twitter": "https://twitter.com/andreiwigglewormbookstore/",
      "instagram": "https://www.instagram.com/andreiwigglewormbookstore/",
      "linkedin": "https://www.linkedin.com/andreiwigglewormbookstore/"
    },
    {
      "contact_id": "9",
      "contact_client_id": "9",
      "contact_email": "ava@jollyjellyfishjams.com",
      "contact_image": "assets/images/demo/contacts/9.jpeg",
      "contact_name": "Ava Sullivan",
      "contact_phone": "(555) 654-6985",
      "contact_role": "Chief Technology Officer",
      "facebook": "https://www.facebook.com/avajollyjellyfishjams/",
      "twitter": "https://twitter.com/avajollyjellyfishjams/",
      "instagram": "https://www.instagram.com/avajollyjellyfishjams/",
      "linkedin": "https://www.linkedin.com/avajollyjellyfishjams/"
    },
    {
      "contact_id": "10",
      "contact_client_id": "10",
      "contact_email": "jordan@merrymoosemotors.com",
      "contact_image": "assets/images/demo/contacts/10.jpeg",
      "contact_name": "Jordan Ramirez",
      "contact_phone": "(555) 365-8748",
      "contact_role": "Director of Human Resources",
      "facebook": "https://www.facebook.com/jordanmerrymoosemotors/",
      "twitter": "https://twitter.com/jordanmerrymoosemotors/",
      "instagram": "https://www.instagram.com/jordanmerrymoosemotors/",
      "linkedin": "https://www.linkedin.com/jordanmerrymoosemotors/"
    }
  ]
}