{
  "data": [
    {
      "action_id": "1",
      "wpid": "1",
      "object_id": "16926438581950",
      "context": "themes",
      "action": "deleted",
      "action_user": "merrymoosemotors",
      "created": "1692643858",
      "meta_data": "{\"name\":\"twentytwentytwo\",\"meta_data\":{\"user_id\":1,\"display_name\":\"merrymoosemotors\",\"action_user\":\"merrymoosemotorsornon\",\"role\":\"administrator\",\"user_role_label\":\"Administrator\",\"agent\":\"\"}}",
      "dismiss": "0",
      "summary": "&quot;twentytwentytwo&quot; theme deleted"
    },
    {
      "action_id": "2",
      "wpid": "1",
      "object_id": "16926438967574",
      "context": "plugins",
      "action": "installed",
      "action_user": "merrymoosemotors",
      "created": "1692643896",
      "meta_data": "{\"type\":\"plugin\",\"name\":\"Jetpack\",\"version\":\"12.4\",\"slug\":\"jetpack\",\"success\":true,\"meta_data\":{\"user_id\":1,\"display_name\":\"merrymoosemotors\",\"action_user\":\"merrymoosemotors\",\"role\":\"administrator\",\"user_role_label\":\"Administrator\",\"agent\":\"\"}}",
      "dismiss": "0",
      "summary": "Installed plugin: Jetpack 12.4"
    },
    {
      "action_id": "3",
      "wpid": "2",
      "object_id": "16926438482840",
      "context": "plugins",
      "action": "deactivated",
      "action_user": "puddleduckponds",
      "created": "1692643848",
      "meta_data": "{\"name\":\"Classic Editor\",\"slug\":\"classic-editor\\/classic-editor.php\",\"meta_data\":{\"user_id\":1,\"display_name\":\"puddleduckponds\",\"action_user\":\"puddleduckponds\",\"role\":\"administrator\",\"user_role_label\":\"Administrator\",\"agent\":\"\"}}",
      "dismiss": "0",
      "summary": "\"Classic Editor\" plugin deactivated "
    },
    {
      "action_id": "4",
      "wpid": "7",
      "object_id": "16926436667954",
      "context": "plugins",
      "action": "deactivated",
      "action_user": "greenbeandream",
      "created": "1692643666",
      "meta_data": "{\"name\":\"Classic Editor\",\"slug\":\"classic-editor\\/classic-editor.php\",\"meta_data\":{\"user_id\":1,\"display_name\":\"greenbeandream\",\"action_user\":\"greenbeandream\",\"role\":\"administrator\",\"user_role_label\":\"Administrator\",\"agent\":\"\"}}",
      "dismiss": "0",
      "summary": "\"Classic Editor\" plugin deactivated "
    },
    {
      "action_id": "5",
      "wpid": "7",
      "object_id": "16926437138216",
      "context": "plugins",
      "action": "deleted",
      "action_user": "greenbeandream",
      "created": "1692643713",
      "meta_data": "{\"name\":\"Akismet Anti-Spam: Spam Protection\",\"plugin\":\"akismet\\/akismet.php\",\"network_wide\":\"\",\"meta_data\":{\"user_id\":1,\"display_name\":\"greenbeandream\",\"action_user\":\"greenbeandream\",\"role\":\"administrator\",\"user_role_label\":\"Administrator\",\"agent\":\"\"}}",
      "dismiss": "0",
      "summary": "&quot;Akismet Anti-Spam: Spam Protection&quot; plugin deleted"
    },
    {
      "action_id": "6",
      "wpid": "7",
      "object_id": "16926437652669",
      "context": "plugins",
      "action": "installed",
      "action_user": "greenbeandream",
      "created": "1692643765",
      "meta_data": "{\"type\":\"plugin\",\"name\":\"Jetpack Protect\",\"version\":\"1.4.1\",\"slug\":\"jetpack-protect\",\"success\":true,\"meta_data\":{\"user_id\":1,\"display_name\":\"greenbeandream\",\"action_user\":\"greenbeandream\",\"role\":\"administrator\",\"user_role_label\":\"Administrator\",\"agent\":\"\"}}",
      "dismiss": "0",
      "summary": "Installed plugin: Jetpack Protect 1.4.1"
    },
    {
      "action_id": "7",
      "wpid": "7",
      "object_id": "16926437826849",
      "context": "plugins",
      "action": "activated",
      "action_user": "greenbeandream",
      "created": "1692643782",
      "meta_data": "{\"name\":\"Jetpack Protect\",\"slug\":\"jetpack-protect\\/jetpack-protect.php\",\"meta_data\":{\"user_id\":1,\"display_name\":\"greenbeandream\",\"action_user\":\"greenbeandream\",\"role\":\"administrator\",\"user_role_label\":\"Administrator\",\"agent\":\"\"}}",
      "dismiss": "0",
      "summary": "\"Jetpack Protect\" plugin activated "
    },
    {
      "action_id": "8",
      "wpid": "8",
      "object_id": "16926435737450",
      "context": "plugins",
      "action": "deactivated",
      "action_user": "dinodanceparty",
      "created": "1692643573",
      "meta_data": "{\"name\":\"Classic Editor\",\"slug\":\"classic-editor\\/classic-editor.php\",\"meta_data\":{\"user_id\":1,\"display_name\":\"dinodanceparty\",\"action_user\":\"dinodanceparty\",\"role\":\"administrator\",\"user_role_label\":\"Administrator\",\"agent\":\"\"}}",
      "dismiss": "0",
      "summary": "\"Classic Editor\" plugin deactivated "
    },
    {
      "action_id": "9",
      "wpid": "8",
      "object_id": "16926435774443",
      "context": "plugins",
      "action": "deleted",
      "action_user": "dinodanceparty",
      "created": "1692643577",
      "meta_data": "{\"name\":\"Akismet Anti-Spam: Spam Protection\",\"plugin\":\"akismet\\/akismet.php\",\"network_wide\":\"\",\"meta_data\":{\"user_id\":1,\"display_name\":\"dinodanceparty\",\"action_user\":\"dinodanceparty\",\"role\":\"administrator\",\"user_role_label\":\"Administrator\",\"agent\":\"\"}}",
      "dismiss": "0",
      "summary": "&quot;Akismet Anti-Spam: Spam Protection&quot; plugin deleted"
    },
    {
      "action_id": "10",
      "wpid": "8",
      "object_id": "16926435918964",
      "context": "plugins",
      "action": "installed",
      "action_user": "dinodanceparty",
      "created": "1692643591",
      "meta_data": "{\"type\":\"plugin\",\"name\":\"WooCommerce\",\"version\":\"8.0.2\",\"slug\":\"woocommerce\",\"success\":true,\"meta_data\":{\"user_id\":1,\"display_name\":\"dinodanceparty\",\"action_user\":\"dinodanceparty\",\"role\":\"administrator\",\"user_role_label\":\"Administrator\",\"agent\":\"\"}}",
      "dismiss": "0",
      "summary": "Installed plugin: WooCommerce 8.0.2"
    },
    {
      "action_id": "11",
      "wpid": "8",
      "object_id": "16926436043201",
      "context": "plugins",
      "action": "installed",
      "action_user": "dinodanceparty",
      "created": "1692643604",
      "meta_data": "{\"type\":\"plugin\",\"name\":\"Pressable Automated Migration\",\"version\":\"5.22\",\"slug\":\"pressable-automated-migration\",\"success\":true,\"meta_data\":{\"user_id\":1,\"display_name\":\"dinodanceparty\",\"action_user\":\"dinodanceparty\",\"role\":\"administrator\",\"user_role_label\":\"Administrator\",\"agent\":\"\"}}",
      "dismiss": "0",
      "summary": "Installed plugin: Pressable Automated Migration 5.22"
    },
    {
      "action_id": "12",
      "wpid": "8",
      "object_id": "16926436077863",
      "context": "plugins",
      "action": "activated",
      "action_user": "dinodanceparty",
      "created": "1692643607",
      "meta_data": "{\"name\":\"Pressable Automated Migration\",\"slug\":\"pressable-automated-migration\\/pressable.php\",\"meta_data\":{\"user_id\":1,\"display_name\":\"dinodanceparty\",\"action_user\":\"dinodanceparty\",\"role\":\"administrator\",\"user_role_label\":\"Administrator\",\"agent\":\"\"}}",
      "dismiss": "0",
      "summary": "\"Pressable Automated Migration\" plugin activated "
    },
    {
      "action_id": "13",
      "wpid": "8",
      "object_id": "16926436157311",
      "context": "plugins",
      "action": "deactivated",
      "action_user": "dinodanceparty",
      "created": "1692643615",
      "meta_data": "{\"name\":\"Pressable Automated Migration\",\"slug\":\"pressable-automated-migration\\/pressable.php\",\"meta_data\":{\"user_id\":1,\"display_name\":\"dinodanceparty\",\"action_user\":\"dinodanceparty\",\"role\":\"administrator\",\"user_role_label\":\"Administrator\",\"agent\":\"\"}}",
      "dismiss": "0",
      "summary": "\"Pressable Automated Migration\" plugin deactivated "
    },
    {
      "action_id": "14",
      "wpid": "8",
      "object_id": "16926436206466",
      "context": "plugins",
      "action": "deleted",
      "action_user": "dinodanceparty",
      "created": "1692643620",
      "meta_data": "{\"name\":\"WooCommerce\",\"plugin\":\"woocommerce\\/woocommerce.php\",\"network_wide\":\"\",\"meta_data\":{\"user_id\":1,\"display_name\":\"wigglewormbookstore\",\"action_user\":\"wigglewormbookstore\",\"role\":\"administrator\",\"user_role_label\":\"Administrator\",\"agent\":\"\"}}",
      "dismiss": "0",
      "summary": "&quot;WooCommerce&quot; plugin deleted"
    },
    {
      "action_id": "15",
      "wpid": "8",
      "object_id": "16926436237161",
      "context": "plugins",
      "action": "deleted",
      "action_user": "dinodanceparty",
      "created": "1692643623",
      "meta_data": "{\"name\":\"Classic Editor\",\"plugin\":\"classic-editor\\/classic-editor.php\",\"network_wide\":\"\",\"meta_data\":{\"user_id\":1,\"display_name\":\"wigglewormbookstore\",\"action_user\":\"wigglewormbookstore\",\"role\":\"administrator\",\"user_role_label\":\"Administrator\",\"agent\":\"\"}}",
      "dismiss": "0",
      "summary": "&quot;Classic Editor&quot; plugin deleted"
    },
    {
      "action_id": "16",
      "wpid": "8",
      "object_id": "16926436275627",
      "context": "plugins",
      "action": "deleted",
      "action_user": "dinodanceparty",
      "created": "1692643627",
      "meta_data": "{\"name\":\"Pressable Automated Migration\",\"plugin\":\"pressable-automated-migration\\/pressable.php\",\"network_wide\":\"network wide\",\"meta_data\":{\"user_id\":1,\"display_name\":\"wigglewormbookstore\",\"action_user\":\"wigglewormbookstore\",\"role\":\"administrator\",\"user_role_label\":\"Administrator\",\"agent\":\"\"}}",
      "dismiss": "0",
      "summary": "&quot;Pressable Automated Migration&quot; plugin deleted"
    },
    {
      "action_id": "17",
      "wpid": "4",
      "object_id": "16926438508504",
      "context": "plugins",
      "action": "deactivated",
      "action_user": "wigglewormbookstore",
      "created": "1692643850",
      "meta_data": "{\"name\":\"Classic Editor\",\"slug\":\"classic-editor\\/classic-editor.php\",\"meta_data\":{\"user_id\":1,\"display_name\":\"wigglewormbookstore\",\"action_user\":\"wigglewormbookstore\",\"role\":\"administrator\",\"user_role_label\":\"Administrator\",\"agent\":\"\"}}",
      "dismiss": "0",
      "summary": "\"Classic Editor\" plugin deactivated "
    },
    {
      "action_id": "18",
      "wpid": "4",
      "object_id": "16926439285505",
      "context": "plugins",
      "action": "installed",
      "action_user": "wigglewormbookstore",
      "created": "1692643928",
      "meta_data": "{\"type\":\"plugin\",\"name\":\"Jetpack Protect\",\"version\":\"1.4.1\",\"slug\":\"jetpack-protect\",\"success\":true,\"meta_data\":{\"user_id\":1,\"display_name\":\"wigglewormbookstore\",\"action_user\":\"wigglewormbookstore\",\"role\":\"administrator\",\"user_role_label\":\"Administrator\",\"agent\":\"\"}}",
      "dismiss": "0",
      "summary": "Installed plugin: Jetpack Protect 1.4.1"
    },
    {
      "action_id": "19",
      "wpid": "5",
      "object_id": "16926436729001",
      "context": "themes",
      "action": "deleted",
      "action_user": "frogsinfrocks",
      "created": "1692643672",
      "meta_data": "{\"name\":\"twentytwentytwo\",\"meta_data\":{\"user_id\":1,\"display_name\":\"frogsinfrocks\",\"action_user\":\"frogsinfrocks\",\"role\":\"administrator\",\"user_role_label\":\"Administrator\",\"agent\":\"\"}}",
      "dismiss": "0",
      "summary": "&quot;twentytwentytwo&quot; theme deleted"
    },
    {
      "action_id": "20",
      "wpid": "5",
      "object_id": "16926436823317",
      "context": "themes",
      "action": "installed",
      "action_user": "frogsinfrocks",
      "created": "1692643682",
      "meta_data": "{\"type\":\"theme\",\"name\":\"Twenty Twenty-Two\",\"version\":false,\"slug\":{\"update\":false},\"success\":true,\"meta_data\":{\"user_id\":1,\"display_name\":\"frogsinfrocks\",\"action_user\":\"frogsinfrocks\",\"role\":\"administrator\",\"user_role_label\":\"Administrator\",\"agent\":\"\"}}",
      "dismiss": "0",
      "summary": "Installed theme: Twenty Twenty-Two "
    },
    {
      "action_id": "21",
      "wpid": "5",
      "object_id": "16926437102126",
      "context": "plugins",
      "action": "deactivated",
      "action_user": "frogsinfrocks",
      "created": "1692643710",
      "meta_data": "{\"name\":\"Classic Editor\",\"slug\":\"classic-editor\\/classic-editor.php\",\"meta_data\":{\"user_id\":1,\"display_name\":\"frogsinfrocks\",\"action_user\":\"frogsinfrocks\",\"role\":\"administrator\",\"user_role_label\":\"Administrator\",\"agent\":\"\"}}",
      "dismiss": "0",
      "summary": "\"Classic Editor\" plugin deactivated "
    },
    {
      "action_id": "22",
      "wpid": "4",
      "object_id": "16926439336224",
      "context": "plugins",
      "action": "activated",
      "action_user": "wigglewormbookstore",
      "created": "1692643933",
      "meta_data": "{\"name\":\"Jetpack Protect\",\"slug\":\"jetpack-protect\\/jetpack-protect.php\",\"meta_data\":{\"user_id\":1,\"display_name\":\"wigglewormbookstore\",\"action_user\":\"wigglewormbookstore\",\"role\":\"administrator\",\"user_role_label\":\"Administrator\",\"agent\":\"\"}}",
      "dismiss": "0",
      "summary": "\"Jetpack Protect\" plugin activated "
    },
    {
      "action_id": "23",
      "wpid": "5",
      "object_id": "16926437626615",
      "context": "plugins",
      "action": "installed",
      "action_user": "frogsinfrocks",
      "created": "1692643762",
      "meta_data": "{\"type\":\"plugin\",\"name\":\"Jetpack Protect\",\"version\":\"1.4.1\",\"slug\":\"jetpack-protect\",\"success\":true,\"meta_data\":{\"user_id\":1,\"display_name\":\"frogsinfrocks\",\"action_user\":\"frogsinfrocks\",\"role\":\"administrator\",\"user_role_label\":\"Administrator\",\"agent\":\"\"}}",
      "dismiss": "0",
      "summary": "Installed plugin: Jetpack Protect 1.4.1"
    },
    {
      "action_id": "24",
      "wpid": "5",
      "object_id": "16926437791661",
      "context": "plugins",
      "action": "activated",
      "action_user": "frogsinfrocks",
      "created": "1692643779",
      "meta_data": "{\"name\":\"Jetpack Protect\",\"slug\":\"jetpack-protect\\/jetpack-protect.php\",\"meta_data\":{\"user_id\":1,\"display_name\":\"frogsinfrocks\",\"action_user\":\"frogsinfrocks\",\"role\":\"administrator\",\"user_role_label\":\"Administrator\",\"agent\":\"\"}}",
      "dismiss": "0",
      "summary": "\"Jetpack Protect\" plugin activated "
    },
    {
      "action_id": "25",
      "wpid": "3",
      "object_id": "16926438545580",
      "context": "themes",
      "action": "deleted",
      "action_user": "tickletoeshoes",
      "created": "1692643854",
      "meta_data": "{\"name\":\"twentytwentytwo\",\"meta_data\":{\"user_id\":1,\"display_name\":\"tickletoeshoes\",\"action_user\":\"tickletoeshoes\",\"role\":\"administrator\",\"user_role_label\":\"Administrator\",\"agent\":\"\"}}",
      "dismiss": "0",
      "summary": "&quot;twentytwentytwo&quot; theme deleted"
    }
  ]
}