{"label":"Customer Satisfaction","status":"draft","count_stat_view":"0","count_stat_save":"0","count_stat_submit":"0","count_submit":0,"count_submit_unread":"0","id":"2721","groups":[{"label":"Tab","sort_index":"1","id":"4775","sections":[{"label":"Section","child_count":"0","sort_index":"1","id":"8417","meta":{"label_render":"","hidden_section":"","section_repeatable":"","section_repeat_label":"","section_repeat_default":"","class_single_vertical_align":"","class_section_wrapper":"","disabled_section":"","section_repeat_min":"","section_repeat_max":"","section_repeatable_delimiter_section":",","section_repeatable_delimiter_row":";"},"fields":[{"label":"For how long have you been using our product \/ service?","type":"radio","date_updated":"2020-10-21 17:08:51","sort_index":"1","id":"39516","meta":{"label_render":"","required":"","hidden":"","help":"","orientation":"grid","aria_label":"","exclude_email":"","wc_exclude_cart":"","hidden_bypass":"","label_position":"default","label_column_width":"default","class_single_vertical_align":"","class_field_wrapper":"","class_field":"","dedupe_value_scope":"","invalid_feedback_render":"on","invalid_feedback":"","data_grid_radio":{"rows_per_page":10,"group_index":0,"default":[],"columns":[{"id":0,"label":"Duration"}],"groups":[{"label":"For how long have you been using our product \/ service?","page":0,"disabled":"","mask_group":"on","label_render":"on","rows":[{"id":1,"default":"","disabled":"","required":"","hidden":"","data":["Less than a month"]},{"id":2,"default":"","disabled":"","required":"","hidden":"","data":["1-6 months"]},{"id":3,"default":"","disabled":"","required":"","hidden":"","data":["6-12 months"]},{"id":4,"default":"","disabled":"","required":"","hidden":"","data":["1-3 years"]},{"id":5,"default":"","disabled":"","required":"","hidden":"","data":["Over 3 years"]},{"id":6,"default":"","disabled":"","required":"","hidden":"","data":["Never"]}]}]},"data_grid_rows_randomize":"","radio_field_label":"0","radio_field_value":"0","radio_field_parse_variable":"0","radio_field_wc":"0","radio_cascade":"","radio_cascade_field_filter":"0","radio_cascade_field_id":"","radio_cascade_no_match":"","orientation_breakpoint_sizes":"","breakpoint_sizes":"","data_source_id":"","wsf-data-grid-auto-group":"0","data_source_preset_preset_id":"10700","data_source_preset_get":"","data_source_get":"","orientation_breakpoint_size_75":"4","orientation_breakpoint_size_25":"","orientation_breakpoint_size_50":"6","orientation_breakpoint_size_100":"2"}},{"label":"How often do you use our product \/ service?","type":"radio","date_updated":"2020-10-21 17:09:30","sort_index":"2","id":"39517","meta":{"label_render":"","required":"","hidden":"","help":"","orientation":"grid","aria_label":"","exclude_email":"","wc_exclude_cart":"","hidden_bypass":"","label_position":"default","label_column_width":"default","class_single_vertical_align":"","class_field_wrapper":"","class_field":"","dedupe_value_scope":"","invalid_feedback_render":"on","invalid_feedback":"","data_grid_radio":{"rows_per_page":10,"group_index":0,"default":[],"columns":[{"id":0,"label":"Frequency"}],"groups":[{"label":"How often do you use our product \/ service?","page":0,"disabled":"","mask_group":"on","label_render":"on","rows":[{"id":1,"default":"","disabled":"","required":"","hidden":"","data":["Daily"]},{"id":2,"default":"","disabled":"","required":"","hidden":"","data":["Three Times a Week"]},{"id":3,"default":"","disabled":"","required":"","hidden":"","data":["Twice a Week"]},{"id":4,"default":"","disabled":"","required":"","hidden":"","data":["Weekly"]},{"id":5,"default":"","disabled":"","required":"","hidden":"","data":["Three Times a Month"]},{"id":6,"default":"","disabled":"","required":"","hidden":"","data":["Twice a Month"]},{"id":7,"default":"","disabled":"","required":"","hidden":"","data":["Monthly"]},{"id":8,"default":"","disabled":"","required":"","hidden":"","data":["Less than once a month"]}]}]},"data_grid_rows_randomize":"","radio_field_label":"0","radio_field_value":"0","radio_field_parse_variable":"0","radio_field_wc":"0","radio_cascade":"","radio_cascade_field_filter":"0","radio_cascade_field_id":"","radio_cascade_no_match":"","orientation_breakpoint_sizes":"","breakpoint_sizes":"","data_source_id":"","wsf-data-grid-auto-group":"0","data_source_preset_preset_id":"10699","data_source_preset_get":"","data_source_get":"","orientation_breakpoint_size_50":"6","orientation_breakpoint_size_75":"4"}},{"label":"How satisfied are you with the product \/ service?","type":"radio","date_updated":"2020-10-21 17:09:38","sort_index":"3","id":"39518","meta":{"label_render":"","required":"","hidden":"","help":"","orientation":"grid","aria_label":"","exclude_email":"","wc_exclude_cart":"","hidden_bypass":"","label_position":"default","label_column_width":"default","class_single_vertical_align":"","class_field_wrapper":"","class_field":"","dedupe_value_scope":"","invalid_feedback_render":"on","invalid_feedback":"","data_grid_radio":{"rows_per_page":10,"group_index":0,"default":[],"columns":[{"id":0,"label":"Satisfaction"}],"groups":[{"label":"How satisfied are you with the product \/ service?","page":0,"disabled":"","mask_group":"on","label_render":"on","rows":[{"id":1,"default":"","disabled":"","required":"","hidden":"","data":["Very Satisfied"]},{"id":2,"default":"","disabled":"","required":"","hidden":"","data":["Satisfied"]},{"id":3,"default":"","disabled":"","required":"","hidden":"","data":["Neutral"]},{"id":4,"default":"","disabled":"","required":"","hidden":"","data":["Unsatisfied"]},{"id":5,"default":"","disabled":"","required":"","hidden":"","data":["Very Unsatisfied"]}]}]},"data_grid_rows_randomize":"","radio_field_label":"0","radio_field_value":"0","radio_field_parse_variable":"0","radio_field_wc":"0","radio_cascade":"","radio_cascade_field_filter":"0","radio_cascade_field_id":"","radio_cascade_no_match":"","orientation_breakpoint_sizes":"","breakpoint_sizes":"","data_source_id":"","wsf-data-grid-auto-group":"0","data_source_preset_preset_id":"10619","data_source_preset_get":"","data_source_get":"","orientation_breakpoint_size_50":"6","orientation_breakpoint_size_75":"4","orientation_breakpoint_size_100":"2"}},{"label":"What impressed you most about the product \/ service ?","type":"radio","date_updated":"2020-10-21 17:09:46","sort_index":"4","id":"39519","meta":{"label_render":"","required":"","hidden":"","help":"","orientation":"grid","aria_label":"","exclude_email":"","wc_exclude_cart":"","hidden_bypass":"","label_position":"default","label_column_width":"default","class_single_vertical_align":"","class_field_wrapper":"","class_field":"","dedupe_value_scope":"","invalid_feedback_render":"on","invalid_feedback":"","data_grid_radio":{"rows_per_page":10,"group_index":0,"default":[],"columns":[{"id":0,"label":"Satisfaction"}],"groups":[{"label":"What impressed you most about the product \/ service ?","page":0,"disabled":"","mask_group":"on","label_render":"on","rows":[{"id":5,"default":"","disabled":"","required":"","hidden":"","data":["Customer Service"]},{"id":2,"default":"","disabled":"","required":"","hidden":"","data":["Price"]},{"id":1,"default":"","disabled":"","required":"","hidden":"","data":["Quality"]},{"id":3,"default":"","disabled":"","required":"","hidden":"","data":["Shopping Experience"]},{"id":4,"default":"","disabled":"","required":"","hidden":"","data":["Usability"]},{"id":6,"default":"","disabled":"","required":"","hidden":"","data":["Nothing"]}]}]},"data_grid_rows_randomize":"","radio_field_label":"0","radio_field_value":"0","radio_field_parse_variable":"0","radio_field_wc":"0","radio_cascade":"","radio_cascade_field_filter":"0","radio_cascade_field_id":"","radio_cascade_no_match":"","orientation_breakpoint_sizes":"","breakpoint_sizes":"","data_source_id":"","wsf-data-grid-auto-group":"0","data_source_preset_preset_id":"10619","data_source_preset_get":"","data_source_get":"","orientation_breakpoint_size_50":"6","orientation_breakpoint_size_75":"4","orientation_breakpoint_size_100":"2"}},{"label":"What do you like about the product \/ service?","type":"textarea","date_updated":"2020-10-21 17:08:03","sort_index":"5","id":"39520","meta":{"label_render":"on","input_type_textarea":"","input_type_textarea_toolbar":"","required":"","hidden":"","autocomplete_off":"","default_value":"","placeholder":"","help":"#character_count #character_count_label \/ #word_count #word_count_label","prepend":"","append":"","aria_label":"","exclude_email":"","wc_exclude_cart":"","hidden_bypass":"","label_position":"default","label_column_width":"default","class_single_vertical_align":"","class_field_wrapper":"","class_field":"","disabled":"","readonly":"","min_length":"","max_length":"","min_length_words":"","max_length_words":"","input_mask":"","cols":"","rows":"","dedupe":"","dedupe_message":"","invalid_feedback_render":"on","invalid_feedback":"","custom_attributes":""}},{"label":"What disappointed you most about the product \/ service ?","type":"radio","date_updated":"2020-10-21 17:10:00","sort_index":"6","id":"39521","meta":{"label_render":"","required":"","hidden":"","help":"","orientation":"grid","aria_label":"","exclude_email":"","wc_exclude_cart":"","hidden_bypass":"","label_position":"default","label_column_width":"default","class_single_vertical_align":"","class_field_wrapper":"","class_field":"","dedupe_value_scope":"","invalid_feedback_render":"on","invalid_feedback":"","data_grid_radio":{"rows_per_page":10,"group_index":0,"default":[],"columns":[{"id":0,"label":"Satisfaction"}],"groups":[{"label":"What disappointed you most about the product \/ service ?","page":0,"disabled":"","mask_group":"on","label_render":"on","rows":[{"id":5,"default":"","disabled":"","required":"","hidden":"","data":["Customer Service"]},{"id":2,"default":"","disabled":"","required":"","hidden":"","data":["Price"]},{"id":1,"default":"","disabled":"","required":"","hidden":"","data":["Quality"]},{"id":3,"default":"","disabled":"","required":"","hidden":"","data":["Shopping Experience"]},{"id":4,"default":"","disabled":"","required":"","hidden":"","data":["Usability"]},{"id":6,"default":"","disabled":"","required":"","hidden":"","data":["Nothing"]}]}]},"data_grid_rows_randomize":"","radio_field_label":"0","radio_field_value":"0","radio_field_parse_variable":"0","radio_field_wc":"0","radio_cascade":"","radio_cascade_field_filter":"0","radio_cascade_field_id":"","radio_cascade_no_match":"","orientation_breakpoint_sizes":"","breakpoint_sizes":"","data_source_id":"","wsf-data-grid-auto-group":"0","data_source_preset_preset_id":"10619","data_source_preset_get":"","data_source_get":"","orientation_breakpoint_size_50":"6","orientation_breakpoint_size_75":"4","orientation_breakpoint_size_100":"2"}},{"label":"What do you dislike about the product \/ service?","type":"textarea","date_updated":"2020-10-21 17:08:03","sort_index":"7","id":"39522","meta":{"label_render":"on","input_type_textarea":"","input_type_textarea_toolbar":"","required":"","hidden":"","autocomplete_off":"","default_value":"","placeholder":"","help":"#character_count #character_count_label \/ #word_count #word_count_label","prepend":"","append":"","aria_label":"","exclude_email":"","wc_exclude_cart":"","hidden_bypass":"","label_position":"default","label_column_width":"default","class_single_vertical_align":"","class_field_wrapper":"","class_field":"","disabled":"","readonly":"","min_length":"","max_length":"","min_length_words":"","max_length_words":"","input_mask":"","cols":"","rows":"","dedupe":"","dedupe_message":"","invalid_feedback_render":"on","invalid_feedback":"","custom_attributes":""}},{"label":"Compared to similar products offered by other companies, how do you consider our product?","type":"radio","date_updated":"2020-10-21 17:10:09","sort_index":"8","id":"39523","meta":{"label_render":"","required":"","hidden":"","help":"","orientation":"grid","aria_label":"","exclude_email":"","wc_exclude_cart":"","hidden_bypass":"","label_position":"default","label_column_width":"default","class_single_vertical_align":"","class_field_wrapper":"","class_field":"","dedupe_value_scope":"","invalid_feedback_render":"on","invalid_feedback":"","data_grid_radio":{"rows_per_page":10,"group_index":0,"default":[],"columns":[{"id":0,"label":"Comparison"}],"groups":[{"label":"Compared to similar products offered by other companies, how do you consider our product?","page":0,"disabled":"","mask_group":"on","label_render":"on","rows":[{"id":1,"default":"","disabled":"","required":"","hidden":"","data":["Much Better"]},{"id":2,"default":"","disabled":"","required":"","hidden":"","data":["Somewhat Better"]},{"id":3,"default":"","disabled":"","required":"","hidden":"","data":["Same"]},{"id":4,"default":"","disabled":"","required":"","hidden":"","data":["Somewhat Worse"]},{"id":5,"default":"","disabled":"","required":"","hidden":"","data":["Much Worse"]}]}]},"data_grid_rows_randomize":"","radio_field_label":"0","radio_field_value":"0","radio_field_parse_variable":"0","radio_field_wc":"0","radio_cascade":"","radio_cascade_field_filter":"0","radio_cascade_field_id":"","radio_cascade_no_match":"","orientation_breakpoint_sizes":"","breakpoint_sizes":"","data_source_id":"","wsf-data-grid-auto-group":"0","data_source_preset_preset_id":"10698","data_source_preset_get":"","data_source_get":"","orientation_breakpoint_size_50":"6","orientation_breakpoint_size_75":"4","orientation_breakpoint_size_100":"2"}},{"label":"Would you use our product \/ service in the future?","type":"radio","date_updated":"2020-10-21 17:10:29","sort_index":"9","id":"39524","meta":{"label_render":"","required":"","hidden":"","help":"","orientation":"grid","aria_label":"","exclude_email":"","wc_exclude_cart":"","hidden_bypass":"","label_position":"default","label_column_width":"default","class_single_vertical_align":"","class_field_wrapper":"","class_field":"","dedupe_value_scope":"","invalid_feedback_render":"on","invalid_feedback":"","data_grid_radio":{"rows_per_page":10,"group_index":0,"default":[],"columns":[{"id":0,"label":"Probability"}],"groups":[{"label":"Would you use our product \/ service in the future?","page":0,"disabled":"","mask_group":"on","label_render":"on","rows":[{"id":1,"default":"","disabled":"","required":"","hidden":"","data":["Definitely"]},{"id":2,"default":"","disabled":"","required":"","hidden":"","data":["Probably"]},{"id":3,"default":"","disabled":"","required":"","hidden":"","data":["Not Sure"]},{"id":4,"default":"","disabled":"","required":"","hidden":"","data":["Probably Not"]},{"id":5,"default":"","disabled":"","required":"","hidden":"","data":["Definitely Not"]}]}]},"data_grid_rows_randomize":"","radio_field_label":"0","radio_field_value":"0","radio_field_parse_variable":"0","radio_field_wc":"0","radio_cascade":"","radio_cascade_field_filter":"0","radio_cascade_field_id":"","radio_cascade_no_match":"","orientation_breakpoint_sizes":"","breakpoint_sizes":"","data_source_id":"","wsf-data-grid-auto-group":"0","data_source_preset_preset_id":"10697","data_source_preset_get":"","data_source_get":"","orientation_breakpoint_size_50":"6","orientation_breakpoint_size_75":"4","orientation_breakpoint_size_100":"2"}},{"label":"Would you recommend our product \/ service to other people?","type":"radio","date_updated":"2020-10-21 17:10:35","sort_index":"10","id":"39525","meta":{"label_render":"","required":"","hidden":"","help":"","orientation":"grid","aria_label":"","exclude_email":"","wc_exclude_cart":"","hidden_bypass":"","label_position":"default","label_column_width":"default","class_single_vertical_align":"","class_field_wrapper":"","class_field":"","dedupe_value_scope":"","invalid_feedback_render":"on","invalid_feedback":"","data_grid_radio":{"rows_per_page":10,"group_index":0,"default":[],"columns":[{"id":0,"label":"Probability"}],"groups":[{"label":"Would you recommend our product \/ service to other people?","page":0,"disabled":"","mask_group":"on","label_render":"on","rows":[{"id":1,"default":"","disabled":"","required":"","hidden":"","data":["Definitely"]},{"id":2,"default":"","disabled":"","required":"","hidden":"","data":["Probably"]},{"id":3,"default":"","disabled":"","required":"","hidden":"","data":["Not Sure"]},{"id":4,"default":"","disabled":"","required":"","hidden":"","data":["Probably Not"]},{"id":5,"default":"","disabled":"","required":"","hidden":"","data":["Definitely Not"]}]}]},"data_grid_rows_randomize":"","radio_field_label":"0","radio_field_value":"0","radio_field_parse_variable":"0","radio_field_wc":"0","radio_cascade":"","radio_cascade_field_filter":"0","radio_cascade_field_id":"","radio_cascade_no_match":"","orientation_breakpoint_sizes":"","breakpoint_sizes":"","data_source_id":"","wsf-data-grid-auto-group":"0","data_source_preset_preset_id":"10697","data_source_preset_get":"","data_source_get":"","orientation_breakpoint_size_50":"6","orientation_breakpoint_size_75":"4","orientation_breakpoint_size_100":"2"}},{"label":"Any other comments?","type":"textarea","date_updated":"2020-10-21 17:08:03","sort_index":"11","id":"39526","meta":{"label_render":"on","input_type_textarea":"","input_type_textarea_toolbar":"","required":"","hidden":"","autocomplete_off":"","default_value":"","placeholder":"","help":"#character_count #character_count_label \/ #word_count #word_count_label","prepend":"","append":"","aria_label":"","exclude_email":"","wc_exclude_cart":"","hidden_bypass":"","label_position":"default","label_column_width":"default","class_single_vertical_align":"","class_field_wrapper":"","class_field":"","disabled":"","readonly":"","min_length":"","max_length":"","min_length_words":"","max_length_words":"","input_mask":"","cols":"","rows":"","dedupe":"","dedupe_message":"","invalid_feedback_render":"on","invalid_feedback":"","custom_attributes":""}},{"label":"Submit","type":"submit","date_updated":"2020-10-21 17:08:03","sort_index":"12","id":"39527","meta":{"hidden":"","help":"","aria_label":"","class_single_vertical_align":"bottom","class_field_button_type":"primary","class_field_full_button_remove":"","class_field_wrapper":"","class_field":"","disabled":"","custom_attributes":""}}]}],"meta":{"label_render":"","class_group_wrapper":""}}],"meta":{"label_render":"","submit_on_enter":"","invalid_field_focus":"on","submit_lock":"on","submit_unlock":"on","submit_reload":"on","submit_show_errors":"on","form_action":"","cookie_tab_index":"on","tab_validation":"","label_position_form":"top","label_column_width_form":"3","label_required":"on","label_mask_required":"","class_form_wrapper":"","class_group_wrapper":"","class_section_wrapper":"","class_field_wrapper":"","class_field":"","label_mask_form":"","label_mask_group":"","label_mask_section":"","action_humanpresence_intro":"","action_humanpresence_not_enabled":"","action_akismetv1_intro":"","action_akismetv1_not_enabled":"","honeypot":"","spam_threshold":"50","submit_limit":"","submit_limit_count":"","submit_limit_period":"","submit_limit_message":"","submit_limit_message_type":"information","schedule_start":"","schedule_start_datetime":"","schedule_start_message":"","schedule_start_message_type":"information","schedule_end":"","schedule_end_datetime":"","schedule_end_message":"","schedule_end_message_type":"information","user_limit_logged_in":"","user_limit_logged_in_message_type":"danger","user_limit_logged_in_message":"","analytics_google":"","analytics_google_event_tab":"on","analytics_google_event_field":"on","tracking_remote_ip":"","tracking_agent":"","tracking_referrer":"","tracking_os":"","tracking_host":"","tracking_pathname":"","tracking_query_string":"","tracking_geo_location":"","tracking_ip_lookup_latlon":"","tracking_ip_lookup_city":"","tracking_ip_lookup_region":"","tracking_ip_lookup_country":"","tracking_utm_source":"","tracking_utm_medium":"","tracking_utm_campaign":"","tracking_utm_term":"","tracking_utm_content":"","form_populate_enabled":"","form_populate_action_id":"","form_populate_list_id":"","action_post_form_populate_post_id":"","action_user_form_populate_field_mapping":"","form_populate_field_mapping":"","action_post_form_populate_field_mapping_acf":"","action_post_form_populate_meta_mapping":"","action_user_form_populate_field_mapping_acf":"","action_user_form_populate_meta_mapping":"","form_populate_tag_mapping":"","wc_form_assign_intro":"","wc_form_assign":"","wc_form_assign_product_cat_include_mapping":"","wc_form_assign_product_tag_include_mapping":"","wc_form_assign_product_include_mapping":"","wc_form_assign_product_cat_exclude_mapping":"","wc_form_assign_product_tag_exclude_mapping":"","wc_form_assign_product_exclude_mapping":"","wc_catalog_add_to_cart_text":"Select options","wc_price_disable":"","wc_price_prefix":"","wc_price_suffix":"","wc_product_price_variation_hide":"","wc_product_add_to_cart_hide":"","wc_product_quantity_hide":"","wc_product_form_validate":"","wc_product_clear_hidden_meta_values":"on","wc_cart_edit":"","wc_cart_price_plugin_allow_negative":"","wc_actions_fire":"on","breakpoint":"25","tab_index":"0","action":{"rows_per_page":10,"group_index":0,"default":[],"columns":[{"id":0,"label":"Action"},{"id":1,"label":"Data"}],"groups":[{"label":"Actions","page":0,"disabled":"","mask_group":"","rows":[{"id":1,"default":"","required":"","disabled":"","hidden":"","data":["Save Submission","{\"id\":\"database\",\"meta\":{\"action_database_field_filter\":\"\",\"action_database_field_filter_mapping\":\"\",\"action_database_expire\":\"\",\"action_database_expire_duration\":\"90\"},\"events\":[\"save\",\"submit\"]}"]},{"id":2,"default":"","required":"","disabled":"","hidden":"","data":["Show Message","{\"id\":\"message\",\"meta\":{\"action_message_type\":\"success\",\"action_message_message\":\"Thank you for your feedback.\",\"action_message_method\":\"before\",\"action_message_form_hide\":\"on\",\"action_message_clear\":\"on\",\"action_message_scroll_top\":\"\",\"action_message_scroll_top_offset\":\"0\",\"action_message_scroll_top_duration\":\"400\",\"action_message_duration\":\"\",\"action_message_message_hide\":\"\",\"action_message_form_show\":\"\"},\"events\":[\"submit\"]}"]},{"id":3,"default":"","required":"","disabled":"","hidden":"","data":["Send Email","{\"id\":\"email\",\"meta\":{\"action_email_from_email\":\"#blog_admin_email\",\"action_email_from_name\":\"#blog_name\",\"action_email_to\":[{\"action_email_email\":\"#blog_admin_email\",\"action_email_name\":\"#blog_name\"}],\"action_email_cc\":\"\",\"action_email_bcc\":\"\",\"action_email_reply_to_email\":\"\",\"action_email_subject\":\"#form_label\",\"action_email_attachments\":\"\",\"action_email_message_editor\":\"text_editor\",\"action_email_message_wrapper\":\"on\",\"action_email_message_textarea\":\"#email_submission\",\"action_email_message_text_editor\":\"<h3>#email_subject<\\\/h3>\\n\\n#email_submission\",\"action_email_message_html_editor\":\"<h1>#email_subject<\\\/h1>\\n\\n#email_submission\",\"action_email_clear_hidden_meta_values\":\"on\",\"action_email_content_type\":\"text\\\/html\",\"action_email_headers\":\"\",\"action_email_charset\":\"#blog_charset\"},\"events\":[\"submit\"]}"]}]}]},"field_select":"","form_history":"","knowledgebase":"","contact_first_name":"","contact_last_name":"","contact_email":"","contact_inquiry":"","contact_push_form":"","contact_push_system":"","contact_gdpr":"","contact_submit":""},"identifier":"ws_form","version":"1.7.81","time":1603300312,"checksum":"3f5c1c31a0015932347f75e6203565ee"}