{"label":"Feedback","status":"draft","count_stat_view":"0","count_stat_save":"0","count_stat_submit":"0","count_submit":0,"count_submit_unread":"0","id":"475","groups":[{"label":"Tab","sort_index":"1","id":"722","sections":[{"label":"Section","child_count":"0","sort_index":"1","id":"1125","meta":{"label_render":"","hidden_section":"","class_section_wrapper":"","disabled_section":""},"fields":[{"label":"First Name","type":"text","date_updated":"2019-09-13 17:29:55","sort_index":"1","id":"5918","meta":{"label_render":"on","label_position":"default","label_column_width":"default","required":"","hidden":"","default_value":"","placeholder":"","help":"","aria_label":"","exclude_email":"","wc_exclude_cart":"","class_single_vertical_align":"","class_field_wrapper":"","class_field":"","disabled":"","readonly":"","min_length":"","max_length":"","min_length_words":"","max_length_words":"","input_mask":"","pattern":"","dedupe":"","dedupe_message":"","invalid_feedback_render":"on","invalid_feedback":"","custom_attributes":"","data_grid_datalist":{"rows_per_page":10,"group_index":0,"default":[],"columns":[{"id":0,"label":"Value"},{"id":1,"label":"Label"}],"groups":[{"label":"Values","page":0,"disabled":"","mask_group":"","rows":[]}]},"datalist_field_text":"1","datalist_field_value":"0","breakpoint_size_25":"6"}},{"label":"Last Name","type":"text","date_updated":"2019-09-13 17:29:56","sort_index":"2","id":"5919","meta":{"label_render":"on","label_position":"default","label_column_width":"default","required":"","hidden":"","default_value":"","placeholder":"","help":"","aria_label":"","exclude_email":"","wc_exclude_cart":"","class_single_vertical_align":"","class_field_wrapper":"","class_field":"","disabled":"","readonly":"","min_length":"","max_length":"","min_length_words":"","max_length_words":"","input_mask":"","pattern":"","dedupe":"","dedupe_message":"","invalid_feedback_render":"on","invalid_feedback":"","custom_attributes":"","data_grid_datalist":{"rows_per_page":10,"group_index":0,"default":[],"columns":[{"id":0,"label":"Value"},{"id":1,"label":"Label"}],"groups":[{"label":"Values","page":0,"disabled":"","mask_group":"","rows":[]}]},"datalist_field_text":"1","datalist_field_value":"0","breakpoint_size_25":"6"}},{"label":"Email","type":"email","date_updated":"2019-09-13 17:30:14","sort_index":"3","id":"5920","meta":{"label_render":"on","label_position":"default","label_column_width":"default","required":"on","hidden":"","default_value":"","multiple_email":"","placeholder":"","help":"","aria_label":"","exclude_email":"","wc_exclude_cart":"","class_single_vertical_align":"","class_field_wrapper":"","class_field":"","disabled":"","readonly":"","min_length":"","max_length":"","pattern":"","dedupe":"","dedupe_message":"","invalid_feedback_render":"on","invalid_feedback":"","custom_attributes":[],"data_grid_datalist":{"rows_per_page":10,"group_index":0,"default":[],"columns":[{"id":0,"label":"Value"},{"id":1,"label":"Label"}],"groups":[{"label":"Values","page":0,"disabled":"","mask_group":"","rows":[]}]},"datalist_field_text":"1","datalist_field_value":"0","breakpoint_size_25":"12","breakpoint_sizes":"","wsf-data-grid-auto-group":"0"}},{"label":"Key Point 1","type":"radio","date_updated":"2019-09-13 17:32:04","sort_index":"4","id":"5912","meta":{"label_render":"on","label_position":"default","label_column_width":"default","required":"","hidden":"","class_inline":"on","help":"","aria_label":"","exclude_email":"","wc_exclude_cart":"","class_single_vertical_align":"","class_field_wrapper":"","class_field":"","invalid_feedback_render":"on","invalid_feedback":"Please provide an answer.","data_grid_radio":{"rows_per_page":10,"group_index":0,"default":[],"columns":[{"id":0,"label":"Radio"}],"groups":[{"label":"Radios","page":0,"disabled":"","mask_group":"","rows":[{"id":1,"default":"","required":"","disabled":"","hidden":"","data":["Very Satisfied"]},{"id":2,"default":"","required":"","disabled":"","hidden":"","data":["Satisfied"]},{"id":3,"default":"","required":"","disabled":"","hidden":"","data":["Unsatisfied"]},{"id":4,"default":"","disabled":"","required":"","hidden":"","data":["Very Unsatisfied"]}]}]},"radio_field_label":"0","radio_field_value":"0","data_grid_rows_randomize":"","breakpoint_sizes":"","wsf-data-grid-auto-group":"0"}},{"label":"Key Point 2","type":"radio","date_updated":"2019-09-13 17:32:30","sort_index":"5","id":"5913","meta":{"label_render":"on","label_position":"default","label_column_width":"default","required":"","hidden":"","class_inline":"on","help":"","aria_label":"","exclude_email":"","wc_exclude_cart":"","class_single_vertical_align":"","class_field_wrapper":"","class_field":"","invalid_feedback_render":"on","invalid_feedback":"Please provide an answer.","data_grid_radio":{"rows_per_page":10,"group_index":0,"default":[],"columns":[{"id":0,"label":"Radio"}],"groups":[{"label":"Radios","page":0,"disabled":"","mask_group":"","rows":[{"id":1,"default":"","disabled":"","required":"","hidden":"","data":["Very Satisfied"]},{"id":2,"default":"","disabled":"","required":"","hidden":"","data":["Satisfied"]},{"id":3,"default":"","disabled":"","required":"","hidden":"","data":["Unsatisfied"]},{"id":4,"default":"","disabled":"","required":"","hidden":"","data":["Very Unsatisfied"]}]}]},"radio_field_label":"0","radio_field_value":"0","data_grid_rows_randomize":"","breakpoint_sizes":"","wsf-data-grid-auto-group":"0"}},{"label":"Key Point 3","type":"radio","date_updated":"2019-09-13 17:32:36","sort_index":"6","id":"5914","meta":{"label_render":"on","label_position":"default","label_column_width":"default","required":"","hidden":"","class_inline":"on","help":"","aria_label":"","exclude_email":"","wc_exclude_cart":"","class_single_vertical_align":"","class_field_wrapper":"","class_field":"","invalid_feedback_render":"on","invalid_feedback":"Please provide an answer.","data_grid_radio":{"rows_per_page":10,"group_index":0,"default":[],"columns":[{"id":0,"label":"Radio"}],"groups":[{"label":"Radios","page":0,"disabled":"","mask_group":"","rows":[{"id":1,"default":"","disabled":"","required":"","hidden":"","data":["Very Satisfied"]},{"id":2,"default":"","disabled":"","required":"","hidden":"","data":["Satisfied"]},{"id":3,"default":"","disabled":"","required":"","hidden":"","data":["Unsatisfied"]},{"id":4,"default":"","disabled":"","required":"","hidden":"","data":["Very Unsatisfied"]}]}]},"radio_field_label":"0","radio_field_value":"0","data_grid_rows_randomize":"","breakpoint_sizes":"","wsf-data-grid-auto-group":"0"}},{"label":"Key Point 4","type":"radio","date_updated":"2019-09-13 17:32:44","sort_index":"7","id":"5915","meta":{"label_render":"on","label_position":"default","label_column_width":"default","required":"","hidden":"","class_inline":"on","help":"","aria_label":"","exclude_email":"","wc_exclude_cart":"","class_single_vertical_align":"","class_field_wrapper":"","class_field":"","invalid_feedback_render":"on","invalid_feedback":"Please provide an answer.","data_grid_radio":{"rows_per_page":10,"group_index":0,"default":[],"columns":[{"id":0,"label":"Radio"}],"groups":[{"label":"Radios","page":0,"disabled":"","mask_group":"","rows":[{"id":1,"default":"","disabled":"","required":"","hidden":"","data":["Very Satisfied"]},{"id":2,"default":"","disabled":"","required":"","hidden":"","data":["Satisfied"]},{"id":3,"default":"","disabled":"","required":"","hidden":"","data":["Unsatisfied"]},{"id":4,"default":"","disabled":"","required":"","hidden":"","data":["Very Unsatisfied"]}]}]},"radio_field_label":"0","radio_field_value":"0","data_grid_rows_randomize":"","breakpoint_sizes":"","wsf-data-grid-auto-group":"0"}},{"label":"Feel free to add any other comments or suggestions:","type":"textarea","date_updated":"2019-09-13 17:30:57","sort_index":"8","id":"5916","meta":{"label_render":"on","label_position":"default","label_column_width":"default","input_type_textarea":"","input_type_textarea_toolbar":"full","required":"","hidden":"","default_value":"","placeholder":"","help":"The information given within the Feedback Form will be used for service improvement only and are strictly confidential.","aria_label":"","exclude_email":"","wc_exclude_cart":"","class_single_vertical_align":"","class_field_wrapper":"","class_field":"","disabled":"","readonly":"","min_length":"","max_length":"","min_length_words":"","max_length_words":"","input_mask":"","pattern":"","cols":"","rows":"4","dedupe":"","dedupe_message":"","invalid_feedback_render":"on","invalid_feedback":"","custom_attributes":[],"breakpoint_sizes":""}},{"label":"Send Feedback","type":"submit","date_updated":"2019-09-13 17:31:04","sort_index":"9","id":"5917","meta":{"hidden":"","help":"","aria_label":"","class_single_vertical_align":"bottom","class_field_button_type":"primary","class_field_full_button_remove":"","class_field_wrapper":"","class_field":"","disabled":"","custom_attributes":[],"breakpoint_sizes":""}}]}],"meta":{"label_render":"","class_group_wrapper":""}}],"meta":{"label_render":"","tracking_remote_ip":"","tracking_agent":"","tracking_referrer":"","tracking_os":"","tracking_host":"","tracking_geo_location":"","tracking_ip_lookup_latlon":"","tracking_ip_lookup_city":"","tracking_ip_lookup_region":"","tracking_ip_lookup_country":"","tracking_utm_source":"","tracking_utm_medium":"","tracking_utm_campaign":"","tracking_utm_term":"","tracking_utm_content":"","analytics_google":"","analytics_google_event_tab":"on","analytics_google_event_field":"on","honeypot":"","spam_threshold":"50","submit_lock":"on","label_mask_form":"","class_form_wrapper":"","submit_on_enter":"","submit_reload":"on","submit_show_errors":"on","form_action":"","cookie_tab_index":"on","label_mask_group":"","class_group_wrapper":"","label_mask_section":"","class_section_wrapper":"","invalid_field_focus":"on","class_field_wrapper":"","class_field":"","label_position_form":"top","label_column_width_form":"3","label_required":"on","label_mask_required":"","submit_limit":"","submit_limit_count":"","submit_limit_period":"","submit_limit_message":"","submit_limit_message_type":"information","schedule_start":"","schedule_start_datetime":"","schedule_start_message":"","schedule_start_message_type":"information","schedule_end":"","schedule_end_datetime":"","schedule_end_message":"","schedule_end_message_type":"information","user_limit_logged_in":"","user_limit_logged_in_message":"","user_limit_logged_in_message_type":"danger","form_populate_enabled":"","form_populate_action_id":"","form_populate_list_id":"","action_post_form_populate_post_id":"#query_var(\"post_id\")","form_populate_field_mapping":"","action_post_form_populate_meta_mapping":"","form_populate_tag_mapping":"","breakpoint":"25","tab_index":"0","action":{"rows_per_page":10,"group_index":0,"default":[],"columns":[{"id":0,"label":"Action"},{"id":1,"label":"Data"}],"groups":[{"label":"Actions","page":0,"disabled":"","mask_group":"","rows":[{"id":1,"default":"","required":"","disabled":"","hidden":"","data":["Save Submission","{\"id\":\"database\",\"meta\":{\"action_database_field_filter\":\"\",\"action_database_field_filter_mapping\":\"\",\"action_database_expire\":\"\",\"action_database_expire_duration\":\"90\"},\"events\":[\"save\",\"submit\"]}"]},{"id":2,"default":"","required":"","disabled":"","hidden":"","data":["Show Message","{\"id\":\"message\",\"meta\":{\"action_message_message\":\"Thank you for your feedback.\",\"action_message_type\":\"success\",\"action_message_method\":\"before\",\"action_message_form_hide\":\"on\",\"action_message_clear\":\"on\",\"action_message_scroll_top\":\"\",\"action_message_scroll_top_offset\":\"\",\"action_message_scroll_top_duration\":\"\",\"action_message_duration\":\"\",\"action_message_message_hide\":\"\",\"action_message_form_show\":\"\"},\"events\":[\"submit\"]}"]},{"id":3,"default":"","required":"","disabled":"","hidden":"","data":["Send Email","{\"id\":\"email\",\"meta\":{\"action_email_content_type\":\"text\\\/html\",\"action_email_from_email\":\"#blog_admin_email\",\"action_email_from_name\":\"#blog_name\",\"action_email_to\":[{\"action_email_email\":\"#blog_admin_email\",\"action_email_name\":\"#blog_name\"}],\"action_email_cc\":\"\",\"action_email_bcc\":\"\",\"action_email_reply_to_email\":\"\",\"action_email_subject\":\"#form_label\",\"action_email_message_editor\":\"text_editor\",\"action_email_message_wrapper\":\"on\",\"action_email_message_textarea\":\"#email_submission\",\"action_email_message_text_editor\":\"<h3>#email_subject<\\\/h3>\\n\\n#email_submission\",\"action_email_message_html_editor\":\"<h3>#email_subject<\\\/h3>\\n\\n#email_submission\",\"action_email_attachments\":\"\",\"action_email_headers\":\"\",\"action_email_charset\":\"#blog_charset\",\"action_email_pdf_attach\":\"\"},\"events\":[\"submit\"]}"]}]}]},"invalid_field_scroll":"","field_select":"","form_history":"","knowledgebase":"","contact_inquiry":"","contact_push_form":"","contact_push_system":"","contact_gdpr":"","contact_submit":""},"identifier":"ws_form","version":"1.4.30","time":1568396041,"checksum":"af32d532ed30e7e9d3e91d21e7590015"}