{"label":"Cost by Area","status":"draft","count_stat_view":"0","count_stat_save":"0","count_stat_submit":"0","count_submit":0,"count_submit_unread":"0","id":"2870","groups":[{"label":"Tab","sort_index":"1","id":"4895","sections":[{"label":"Section","child_count":"0","sort_index":"1","id":"11059","meta":{"label_render":"","hidden_section":"","section_repeatable":"","section_repeat_label":"","section_repeat_default":"","class_single_vertical_align":"","conversational_full_height_section":"","class_section_wrapper":"","disabled_section":"","section_user_status":"","section_user_roles":"","section_user_capabilities":"","section_repeat_min":"","section_repeat_max":"","section_repeatable_delimiter_section":",","section_repeatable_delimiter_row":";"},"fields":[{"label":"Width (Inches)","type":"number","date_updated":"2021-11-16 02:19:35","sort_index":"1","id":"58313","meta":{"label_render":"on","required":"","hidden":"","default_value":"12","placeholder":"","help":"","autocomplete":"","prepend":"","append":"","aria_label":"","exclude_email":"","wc_exclude_cart":"","hidden_bypass":"","label_position":"default","label_column_width":"default","class_single_vertical_align":"","class_field_wrapper":"","class_field":"","disabled":"","readonly":"","min":"","max":"","step":"any","field_user_status":"","field_user_roles":[],"field_user_capabilities":[],"dedupe":"","dedupe_period":"","dedupe_message":"","invalid_feedback_render":"on","invalid_feedback":"","custom_attributes":[],"data_grid_datalist":{"rows_per_page":10,"group_index":0,"default":[],"columns":[{"id":0,"label":"Value"},{"id":1,"label":"Label"}],"groups":[{"label":"Values","page":0,"disabled":"","mask_group":"","rows":[]}]},"datalist_field_text":"1","datalist_field_value":"0","breakpoint_sizes":"","data_source_id":"","wsf-data-grid-auto-group":"0","breakpoint_size_50":"6"}},{"label":"Height (Inches)","type":"number","date_updated":"2021-11-16 02:19:36","sort_index":"2","id":"58314","meta":{"label_render":"on","required":"","hidden":"","default_value":"12","placeholder":"","help":"","autocomplete":"","prepend":"","append":"","aria_label":"","exclude_email":"","wc_exclude_cart":"","hidden_bypass":"","label_position":"default","label_column_width":"default","class_single_vertical_align":"","class_field_wrapper":"","class_field":"","disabled":"","readonly":"","min":"","max":"","step":"any","field_user_status":"","field_user_roles":[],"field_user_capabilities":[],"dedupe":"","dedupe_period":"","dedupe_message":"","invalid_feedback_render":"on","invalid_feedback":"","custom_attributes":[],"data_grid_datalist":{"rows_per_page":10,"group_index":0,"default":[],"columns":[{"id":0,"label":"Value"},{"id":1,"label":"Label"}],"groups":[{"label":"Values","page":0,"disabled":"","mask_group":"","rows":[]}]},"datalist_field_text":"1","datalist_field_value":"0","breakpoint_sizes":"","data_source_id":"","wsf-data-grid-auto-group":"0","breakpoint_size_50":"6"}},{"label":"Total Sq. Ft.","type":"number","date_updated":"2021-11-16 02:20:47","sort_index":"3","id":"58315","meta":{"label_render":"on","required":"","hidden":"","default_value":"#calc((#field(58313) \/ 12) * (#field(58314) \/ 12))","placeholder":"","help":"","autocomplete":"","prepend":"","append":"","aria_label":"","exclude_email":"","wc_exclude_cart":"","hidden_bypass":"","label_position":"default","label_column_width":"default","class_single_vertical_align":"","class_field_wrapper":"","class_field":"","disabled":"","readonly":"","min":"","max":"","step":"0.0001","field_user_status":"","field_user_roles":[],"field_user_capabilities":[],"dedupe":"","dedupe_period":"","dedupe_message":"","invalid_feedback_render":"on","invalid_feedback":"","custom_attributes":[],"data_grid_datalist":{"rows_per_page":10,"group_index":0,"default":[],"columns":[{"id":0,"label":"Value"},{"id":1,"label":"Label"}],"groups":[{"label":"Values","page":0,"disabled":"","mask_group":"","rows":[]}]},"datalist_field_text":"1","datalist_field_value":"0","breakpoint_sizes":"","data_source_id":"","wsf-data-grid-auto-group":"0","breakpoint_size_50":"6"}},{"label":"Cost per Sq. Ft.","type":"price","date_updated":"2021-11-16 02:19:40","sort_index":"4","id":"58316","meta":{"label_render":"on","hidden":"","text_align":"right","default_value":"200","ecommerce_price_negative":"","placeholder":"","help":"This field is excluded from the cart total and only used for calculation purposes.","autocomplete":"","prepend":"","append":"","aria_label":"","exclude_email":"","exclude_cart_total":"on","wc_exclude_cart":"","hidden_bypass":"","ecommerce_calculation_persist":"","label_position":"default","label_column_width":"default","class_single_vertical_align":"","class_field_wrapper":"","class_field":"","disabled":"","readonly":"","ecommerce_price_min":"","ecommerce_price_max":"","field_user_status":"","field_user_roles":[],"field_user_capabilities":[],"invalid_feedback_render":"on","invalid_feedback":"","custom_attributes":[],"data_grid_datalist":{"rows_per_page":10,"group_index":0,"default":[],"columns":[{"id":0,"label":"Value"},{"id":1,"label":"Label"}],"groups":[{"label":"Values","page":0,"disabled":"","mask_group":"","rows":[]}]},"datalist_field_text":"1","datalist_field_value":"0","breakpoint_sizes":"","data_source_id":"","wsf-data-grid-auto-group":"0","breakpoint_size_50":"6"}},{"label":"Total Cost","type":"price","date_updated":"2021-11-16 02:20:40","sort_index":"5","id":"58317","meta":{"label_render":"on","hidden":"","text_align":"right","default_value":"#calc(#field(58315) * #field(58316))","ecommerce_price_negative":"","placeholder":"","help":"","autocomplete":"","prepend":"","append":"","aria_label":"","exclude_email":"","exclude_cart_total":"","wc_exclude_cart":"","hidden_bypass":"","ecommerce_calculation_persist":"","label_position":"default","label_column_width":"default","class_single_vertical_align":"","class_field_wrapper":"","class_field":"","disabled":"","readonly":"","ecommerce_price_min":"","ecommerce_price_max":"","field_user_status":"","field_user_roles":[],"field_user_capabilities":[],"invalid_feedback_render":"on","invalid_feedback":"","custom_attributes":[],"data_grid_datalist":{"rows_per_page":10,"group_index":0,"default":[],"columns":[{"id":0,"label":"Value"},{"id":1,"label":"Label"}],"groups":[{"label":"Values","page":0,"disabled":"","mask_group":"","rows":[]}]},"datalist_field_text":"1","datalist_field_value":"0","breakpoint_sizes":"","data_source_id":"","wsf-data-grid-auto-group":"0"}}]}],"meta":{"label_render":"","hidden":"","class_group_wrapper":"","group_user_status":"","group_user_roles":"","group_user_capabilities":""}}],"meta":{"label_render":"","submit_on_enter":"","submit_lock":"on","submit_unlock":"on","submit_reload":"on","form_action":"","cookie_tab_index":"on","tab_validation":"","tabs_hide":"","submit_show_errors":"on","invalid_field_focus":"on","error_type":"danger","error_method":"after","error_clear":"on","error_scroll_top":"","error_scroll_top_offset":"0","error_scroll_top_duration":"400","error_form_hide":"","error_duration":"","error_message_hide":"on","error_form_show":"","label_position_form":"top","label_column_width_form":"3","label_required":"on","label_mask_required":"","class_form_wrapper":"","class_tabs_wrapper":"","class_group_wrapper":"","class_section_wrapper":"","class_field_wrapper":"","class_field":"","label_mask_form":"","label_mask_group":"","label_mask_section":"","action_humanpresence_intro":"","action_humanpresence_not_enabled":"","action_akismetv1_intro":"","action_akismetv1_not_enabled":"","honeypot":"","spam_threshold":"50","submit_limit":"","submit_limit_count":"","submit_limit_period":"","submit_limit_message":"","submit_limit_message_type":"information","schedule_start":"","schedule_start_datetime":"","schedule_start_message":"","schedule_start_message_type":"information","schedule_end":"","schedule_end_datetime":"","schedule_end_message":"","schedule_end_message_type":"information","user_limit_logged_in":"","form_user_roles":"","form_user_capabilities":"","user_limit_logged_in_message_type":"danger","user_limit_logged_in_message":"","analytics_google":"","analytics_google_event_form":"on","analytics_google_event_tab":"on","analytics_google_event_field":"on","tracking_remote_ip":"","tracking_agent":"","tracking_referrer":"","tracking_os":"","tracking_host":"","tracking_pathname":"","tracking_query_string":"","tracking_geo_location":"","tracking_ip_lookup_latlon":"","tracking_ip_lookup_city":"","tracking_ip_lookup_region":"","tracking_ip_lookup_country":"","tracking_ip_lookup_time_zone":"","tracking_duration":"","tracking_utm_source":"","tracking_utm_medium":"","tracking_utm_campaign":"","tracking_utm_term":"","tracking_utm_content":"","conversational":"","conversational_preview":"","conversational_customize":"","conversational_slug":"","conversational_view":"","conversational_nav":"on","conversational_nav_progress_help":"#progress_percent","conversational_scroll_duration":"300","form_populate_enabled":"","form_populate_action_id":"","form_populate_list_id":"","action_post_form_populate_post_id":"","action_post_form_populate_author_restrict":"","action_user_form_populate_field_mapping":"","form_populate_field_mapping":"","action_post_form_populate_field_mapping_acf":"","action_post_form_populate_field_mapping_meta_box":"","action_post_form_populate_meta_mapping":"","action_user_form_populate_field_mapping_acf":"","action_user_form_populate_field_mapping_meta_box":"","action_user_form_populate_meta_mapping":"","form_populate_tag_mapping":"","action_post_form_populate_featured_image":"","wc_form_assign_intro":"","wc_form_assign":"","wc_form_assign_product_cat_include_mapping":"","wc_form_assign_product_tag_include_mapping":"","wc_form_assign_product_include_mapping":"","wc_form_assign_product_cat_exclude_mapping":"","wc_form_assign_product_tag_exclude_mapping":"","wc_form_assign_product_exclude_mapping":"","wc_catalog_add_to_cart_text":"Select options","wc_price_disable":"","wc_price_prefix":"","wc_price_suffix":"","wc_product_price_variation_hide":"","wc_product_add_to_cart_hide":"","wc_product_quantity_hide":"","wc_product_form_validate":"","wc_product_clear_hidden_meta_values":"on","wc_cart_edit":"","wc_cart_price_plugin_allow_negative":"","wc_actions_fire":"on","breakpoint":"50","tab_index":0,"action":{"rows_per_page":10,"group_index":0,"default":[],"columns":[{"id":0,"label":"Action"},{"id":1,"label":"Data"}],"groups":[{"label":"Actions","page":0,"disabled":"","mask_group":"","rows":[{"id":1,"default":"","required":"","disabled":"","hidden":"","data":["Save Submission","{\"id\":\"database\",\"meta\":{\"action_database_field_filter\":\"\",\"action_database_field_filter_mapping\":\"\",\"action_database_expire\":\"\",\"action_database_expire_duration\":\"90\"},\"events\":[\"save\",\"submit\"]}"]},{"id":2,"default":"","required":"","disabled":"","hidden":"","data":["Show Message","{\"id\":\"message\",\"meta\":{\"action_message_type\":\"success\",\"action_message_message\":\"Thank you for your submission.\",\"action_message_method\":\"before\",\"action_message_form_hide\":\"on\",\"action_message_clear\":\"on\",\"action_message_scroll_top\":\"\",\"action_message_scroll_top_offset\":\"0\",\"action_message_scroll_top_duration\":\"400\",\"action_message_duration\":\"\",\"action_message_message_hide\":\"\",\"action_message_form_show\":\"\"},\"events\":[\"submit\"]}"]},{"id":3,"default":"","required":"","disabled":"","hidden":"","data":["Send Email","{\"id\":\"email\",\"meta\":{\"action_email_from_email\":\"#blog_admin_email\",\"action_email_from_name\":\"#blog_name\",\"action_email_to\":[{\"action_email_email\":\"#blog_admin_email\",\"action_email_name\":\"#blog_name\"}],\"action_email_to_rr\":\"\",\"action_email_cc\":\"\",\"action_email_bcc\":\"\",\"action_email_reply_to_email\":\"\",\"action_email_subject\":\"#form_label\",\"action_email_message_textarea\":\"#email_submission\",\"action_email_message_text_editor\":\"<h3>#email_subject<\\\/h3>\\n\\n#email_submission\",\"action_email_message_html_editor\":\"<h1>#email_subject<\\\/h1>\\n\\n#email_submission\",\"action_email_message_editor\":\"text_editor\",\"action_email_attachments\":\"\",\"action_email_attachments_media\":\"\",\"action_email_message_file_links\":\"\",\"action_email_message_wrapper\":\"on\",\"action_email_clear_hidden_meta_values\":\"on\",\"action_email_content_type\":\"text\\\/html\",\"action_email_headers\":\"\",\"action_email_charset\":\"#blog_charset\"},\"events\":[\"submit\"]}"]}]}]},"field_select":"","section_select":"","form_history":"","knowledgebase":"","contact_first_name":"","contact_last_name":"","contact_email":"","contact_inquiry":"","contact_support_search_results":"","contact_push_form":"","contact_push_system":"","contact_gdpr":"","contact_submit":""},"identifier":"ws_form","version":"1.8.138","time":1637029258,"checksum":"a41eb1aff11bc89be1d0aac13332892a"}