{"label":"GPA","status":"draft","count_stat_view":"0","count_stat_save":"0","count_stat_submit":"0","count_submit":0,"count_submit_unread":"0","id":"2742","groups":[{"label":"Tab","sort_index":"1","id":"4818","sections":[{"label":"Courses","child_count":"0","sort_index":"1","id":"8490","meta":{"label_render":"on","hidden_section":"","section_repeatable":"on","section_repeat_label":"","section_repeat_default":"","class_single_vertical_align":"","class_section_wrapper":"","disabled_section":"","section_repeat_min":"","section_repeat_max":"","section_repeatable_delimiter_section":",","section_repeatable_delimiter_row":";","breakpoint_sizes":""},"fields":[{"label":"Course Name","type":"text","date_updated":"2020-10-23 00:12:19","sort_index":"1","id":"39728","meta":{"label_render":"on","required":"","hidden":"","autocomplete_off":"","default_value":"","placeholder":"","help":"","prepend":"","append":"","aria_label":"","exclude_email":"","wc_exclude_cart":"","hidden_bypass":"","label_position":"default","label_column_width":"default","class_single_vertical_align":"","class_field_wrapper":"","class_field":"","disabled":"","readonly":"","min_length":"","max_length":"","min_length_words":"","max_length_words":"","input_mask":"","pattern":"","dedupe":"","dedupe_message":"","invalid_feedback_render":"on","invalid_feedback":"","custom_attributes":[],"data_grid_datalist":{"rows_per_page":10,"group_index":0,"default":[],"columns":[{"id":0,"label":"Value"},{"id":1,"label":"Label"}],"groups":[{"label":"Values","page":0,"disabled":"","mask_group":"","rows":[]}]},"datalist_field_text":"1","datalist_field_value":"0","breakpoint_sizes":"","data_source_id":"","wsf-data-grid-auto-group":"0","breakpoint_size_50":"3"}},{"label":"Grade","type":"select","date_updated":"2020-10-22 23:47:52","sort_index":"2","id":"39729","meta":{"label_render":"on","required":"","hidden":"","multiple":"","size":"","placeholder_row":"Select...","help":"","select2_intro":"","select2":"","select2_ajax":"","prepend":"","append":"","aria_label":"","exclude_email":"","wc_exclude_cart":"","hidden_bypass":"","label_position":"default","label_column_width":"default","class_single_vertical_align":"","class_field_wrapper":"","class_field":"","disabled":"","select_min":"","select_max":"","dedupe_value_scope":"","invalid_feedback_render":"on","invalid_feedback":"","custom_attributes":[],"data_grid_select":{"rows_per_page":25,"group_index":0,"default":[],"columns":[{"id":0,"label":"Label"},{"id":1,"label":"Value"}],"groups":[{"label":"Options","page":0,"disabled":"","mask_group":"","rows":[{"id":1,"default":"","required":"","disabled":"","hidden":"","data":["A+","4.33"]},{"id":2,"default":"","required":"","disabled":"","hidden":"","data":["A","4.0"]},{"id":3,"default":"","disabled":"","required":"","hidden":"","data":["A-","3.66"]},{"id":4,"default":"","disabled":"","required":"","hidden":"","data":["B+","3.33"]},{"id":5,"default":"","disabled":"","required":"","hidden":"","data":["B","3.0"]},{"id":6,"default":"","disabled":"","required":"","hidden":"","data":["B+","2.66"]},{"id":7,"default":"","disabled":"","required":"","hidden":"","data":["C+","2.33"]},{"id":8,"default":"","disabled":"","required":"","hidden":"","data":["C","2.0"]},{"id":9,"default":"","disabled":"","required":"","hidden":"","data":["C-","1.66"]},{"id":10,"default":"","disabled":"","required":"","hidden":"","data":["D+","1.33"]},{"id":11,"default":"","disabled":"","required":"","hidden":"","data":["D","1.0"]},{"id":12,"default":"","disabled":"","required":"","hidden":"","data":["D-","0.66"]},{"id":13,"default":"","disabled":"","required":"","hidden":"","data":["F","0.0"]}]}]},"data_grid_rows_randomize":"","select_field_label":"0","select_field_value":"1","select_field_parse_variable":"0","select_field_wc":"0","select_cascade":"","select_cascade_field_filter":"0","select_cascade_field_id":"","select_cascade_no_match":"","select_cascade_option_text_no_rows":"","select_cascade_ajax":"","select_cascade_ajax_option_text_loading":"","breakpoint_size_50":"2","breakpoint_sizes":"","data_source_id":"","wsf-data-grid-auto-group":"0"}},{"label":"Credits","type":"select","date_updated":"2020-10-22 23:44:05","sort_index":"3","id":"39730","meta":{"label_render":"on","required":"","hidden":"","multiple":"","size":"","placeholder_row":"Select...","help":"","select2_intro":"","select2":"","select2_ajax":"","prepend":"","append":"","aria_label":"","exclude_email":"","wc_exclude_cart":"","hidden_bypass":"","label_position":"default","label_column_width":"default","class_single_vertical_align":"","class_field_wrapper":"","class_field":"","disabled":"","select_min":"","select_max":"","dedupe_value_scope":"","invalid_feedback_render":"on","invalid_feedback":"","custom_attributes":[],"data_grid_select":{"rows_per_page":10,"group_index":0,"default":[],"columns":[{"id":0,"label":"Label"}],"groups":[{"label":"Options","page":0,"disabled":"","mask_group":"","rows":[{"id":1,"default":"","required":"","disabled":"","hidden":"","data":["1"]},{"id":2,"default":"","required":"","disabled":"","hidden":"","data":["1.5"]},{"id":3,"default":"on","disabled":"","required":"","hidden":"","data":["2"]},{"id":4,"default":"","disabled":"","required":"","hidden":"","data":["2.5"]},{"id":5,"default":"","disabled":"","required":"","hidden":"","data":["3"]},{"id":6,"default":"","disabled":"","required":"","hidden":"","data":["3.5"]},{"id":7,"default":"","disabled":"","required":"","hidden":"","data":["4"]},{"id":8,"default":"","disabled":"","required":"","hidden":"","data":["4.5"]},{"id":9,"default":"","disabled":"","required":"","hidden":"","data":["5"]},{"id":10,"default":"","disabled":"","required":"","hidden":"","data":["5.5"]}]}]},"data_grid_rows_randomize":"","select_field_label":"0","select_field_value":"0","select_field_parse_variable":"0","select_field_wc":"0","select_cascade":"","select_cascade_field_filter":"0","select_cascade_field_id":"","select_cascade_no_match":"","select_cascade_option_text_no_rows":"","select_cascade_ajax":"","select_cascade_ajax_option_text_loading":"","breakpoint_size_50":"2","breakpoint_sizes":"","data_source_id":"","wsf-data-grid-auto-group":"0"}},{"label":"Type","type":"select","date_updated":"2020-10-22 23:50:42","sort_index":"4","id":"39731","meta":{"label_render":"on","required":"","hidden":"","multiple":"","size":"","placeholder_row":"Select...","help":"","select2_intro":"","select2":"","select2_ajax":"","prepend":"","append":"","aria_label":"","exclude_email":"","wc_exclude_cart":"","hidden_bypass":"","label_position":"default","label_column_width":"default","class_single_vertical_align":"","class_field_wrapper":"","class_field":"","disabled":"","select_min":"","select_max":"","dedupe_value_scope":"","invalid_feedback_render":"on","invalid_feedback":"","custom_attributes":[],"data_grid_select":{"rows_per_page":10,"group_index":0,"default":[],"columns":[{"id":0,"label":"Label"},{"id":1,"label":"Value"}],"groups":[{"label":"Options","page":0,"disabled":"","mask_group":"","rows":[{"id":1,"default":"on","required":"","disabled":"","hidden":"","data":["Regular","0"]},{"id":2,"default":"","required":"","disabled":"","hidden":"","data":["Honors",".5"]},{"id":3,"default":"","disabled":"","required":"","hidden":"","data":["AP","1"]},{"id":4,"default":"","disabled":"","required":"","hidden":"","data":["IB","1"]},{"id":5,"default":"","disabled":"","required":"","hidden":"","data":["College","1"]}]}]},"data_grid_rows_randomize":"","select_field_label":"0","select_field_value":"1","select_field_parse_variable":"0","select_field_wc":"0","select_cascade":"","select_cascade_field_filter":"0","select_cascade_field_id":"","select_cascade_no_match":"","select_cascade_option_text_no_rows":"","select_cascade_ajax":"","select_cascade_ajax_option_text_loading":"","breakpoint_size_50":"3","breakpoint_sizes":"","data_source_id":"","wsf-data-grid-auto-group":"0"}},{"label":"Icons","type":"section_icons","date_updated":"2020-10-22 23:44:05","sort_index":"5","id":"39732","meta":{"hidden":"","section_repeatable_section_id":"8490","section_icons":[{"section_icons_type":"add","section_icons_label":"Add row"},{"section_icons_type":"delete","section_icons_label":"Remove row"},{"section_icons_type":"move-up","section_icons_label":"Move row up"},{"section_icons_type":"move-down","section_icons_label":"Move row down"}],"class_single_vertical_align":"bottom","horizontal_align":"flex-start","section_icons_style":"circle","section_icons_size":"24","section_icons_color_on":"#000000","section_icons_color_off":"#888888","section_icons_html_add":"<span title=\"Add\">Add<\/span>","section_icons_html_delete":"<span title=\"Remove\">Remove<\/span>","section_icons_html_move_up":"<span title=\"Move Up\">Move Up<\/span>","section_icons_html_move_down":"<span title=\"Move Down\">Move Down<\/span>","section_icons_html_drag":"<span title=\"Drag\">Drag<\/span>","section_icons_html_reset":"<span title=\"Reset\">Reset<\/span>","section_icons_html_clear":"<span title=\"clear\">Clear<\/span>","class_field_wrapper":"","class_field":"","disabled":"","custom_attributes":"","breakpoint_size_25":"3","breakpoint_size_50":"2"}},{"label":"Total Grade","type":"hidden","date_updated":"2020-10-22 23:49:45","sort_index":"6","id":"39735","meta":{"default_value":"#calc(#field(39729) + #field(39731))","exclude_email":"on","wc_exclude_cart":"on"}}]},{"label":"Section","child_count":"0","sort_index":"2","id":"8491","meta":{"label_render":"","hidden_section":"","section_repeatable":"","section_repeat_label":"","section_repeat_default":"","class_single_vertical_align":"","class_section_wrapper":"","disabled_section":"","section_repeat_min":"","section_repeat_max":"","section_repeatable_delimiter_section":",","section_repeatable_delimiter_row":";","breakpoint_size_25":"","breakpoint_size_50":"","breakpoint_size_75":"","breakpoint_size_100":"","breakpoint_size_150":""},"fields":[{"label":"GPA","type":"texteditor","date_updated":"2020-10-22 23:50:18","sort_index":"1","id":"39733","meta":{"hidden":"","text_editor":"<h3>GPA: #calc(#round(#field(39735) \/ #section_row_count(8490), 2))<\/h3>","exclude_email":"on","wc_exclude_cart":"on","class_single_vertical_align":"","class_field_wrapper":"","html_editor":"","breakpoint_sizes":""}},{"label":"Total Credits","type":"texteditor","date_updated":"2020-10-22 23:44:05","sort_index":"2","id":"39734","meta":{"hidden":"","text_editor":"<h3>Total Credits: #calc(#field(39730))<\/h3>","exclude_email":"on","wc_exclude_cart":"on","class_single_vertical_align":"","class_field_wrapper":"","html_editor":"","breakpoint_sizes":""}}]}],"meta":{"label_render":"","class_group_wrapper":""}}],"meta":{"label_render":"","submit_on_enter":"","invalid_field_focus":"on","submit_lock":"on","submit_unlock":"on","submit_reload":"on","submit_show_errors":"on","form_action":"","cookie_tab_index":"on","tab_validation":"","label_position_form":"top","label_column_width_form":"3","label_required":"on","label_mask_required":"","class_form_wrapper":"","class_group_wrapper":"","class_section_wrapper":"","class_field_wrapper":"","class_field":"","label_mask_form":"","label_mask_group":"","label_mask_section":"","action_humanpresence_intro":"","action_humanpresence_not_enabled":"","action_akismetv1_intro":"","action_akismetv1_not_enabled":"","honeypot":"","spam_threshold":"50","submit_limit":"","submit_limit_count":"","submit_limit_period":"","submit_limit_message":"","submit_limit_message_type":"information","schedule_start":"","schedule_start_datetime":"","schedule_start_message":"","schedule_start_message_type":"information","schedule_end":"","schedule_end_datetime":"","schedule_end_message":"","schedule_end_message_type":"information","user_limit_logged_in":"","user_limit_logged_in_message_type":"danger","user_limit_logged_in_message":"","analytics_google":"","analytics_google_event_tab":"on","analytics_google_event_field":"on","tracking_remote_ip":"","tracking_agent":"","tracking_referrer":"","tracking_os":"","tracking_host":"","tracking_pathname":"","tracking_query_string":"","tracking_geo_location":"","tracking_ip_lookup_latlon":"","tracking_ip_lookup_city":"","tracking_ip_lookup_region":"","tracking_ip_lookup_country":"","tracking_utm_source":"","tracking_utm_medium":"","tracking_utm_campaign":"","tracking_utm_term":"","tracking_utm_content":"","form_populate_enabled":"","form_populate_action_id":"","form_populate_list_id":"","action_post_form_populate_post_id":"","action_user_form_populate_field_mapping":"","form_populate_field_mapping":"","action_post_form_populate_field_mapping_acf":"","action_post_form_populate_meta_mapping":"","action_user_form_populate_field_mapping_acf":"","action_user_form_populate_meta_mapping":"","form_populate_tag_mapping":"","wc_form_assign_intro":"","wc_form_assign":"","wc_form_assign_product_cat_include_mapping":"","wc_form_assign_product_tag_include_mapping":"","wc_form_assign_product_include_mapping":"","wc_form_assign_product_cat_exclude_mapping":"","wc_form_assign_product_tag_exclude_mapping":"","wc_form_assign_product_exclude_mapping":"","wc_catalog_add_to_cart_text":"Select options","wc_price_disable":"","wc_price_prefix":"","wc_price_suffix":"","wc_product_price_variation_hide":"","wc_product_add_to_cart_hide":"","wc_product_quantity_hide":"","wc_product_form_validate":"","wc_product_clear_hidden_meta_values":"on","wc_cart_edit":"","wc_cart_price_plugin_allow_negative":"","wc_actions_fire":"on","breakpoint":"25","tab_index":"0","action":{"rows_per_page":10,"group_index":0,"default":[],"columns":[{"id":0,"label":"Action"},{"id":1,"label":"Data"}],"groups":[{"label":"Actions","page":0,"disabled":"","mask_group":"","rows":[]}]},"field_select":"","form_history":"","knowledgebase":"","contact_first_name":"","contact_last_name":"","contact_email":"","contact_inquiry":"","contact_push_form":"","contact_push_system":"","contact_gdpr":"","contact_submit":"","conditional":{"rows_per_page":10,"group_index":0,"default":[],"columns":[{"id":0,"label":"Condition"},{"id":1,"label":"Data"}],"groups":[{"label":"Conditions","page":0,"disabled":"","mask_group":"","rows":[]}]}},"identifier":"ws_form","version":"1.7.83","time":1603411948,"checksum":"b525210ae9ec1adbe436c958fa2e2c5b"}