{"label":"Daily Calories","status":"draft","count_stat_view":"0","count_stat_save":"0","count_stat_submit":"0","count_submit":0,"count_submit_unread":"0","id":"2735","groups":[{"label":"Tab","sort_index":"1","id":"4812","sections":[{"label":"Section","child_count":"0","sort_index":"1","id":"8474","meta":{"label_render":"","hidden_section":"","section_repeatable":"","section_repeat_label":"","section_repeat_default":"","class_single_vertical_align":"","class_section_wrapper":"","disabled_section":"","section_repeat_min":"","section_repeat_max":"","section_repeatable_delimiter_section":",","section_repeatable_delimiter_row":";"},"fields":[{"label":"Sex","type":"radio","date_updated":"2020-10-22 22:16:06","sort_index":"1","id":"39695","meta":{"label_render":"on","required":"","hidden":"","help":"","orientation":"horizontal","aria_label":"","exclude_email":"","wc_exclude_cart":"","hidden_bypass":"","label_position":"default","label_column_width":"default","class_single_vertical_align":"","class_field_wrapper":"","class_field":"","dedupe_value_scope":"","invalid_feedback_render":"on","invalid_feedback":"","data_grid_radio":{"rows_per_page":10,"group_index":0,"default":[],"columns":[{"id":0,"label":"Label"},{"id":1,"label":"Value"}],"groups":[{"label":"Radios","page":0,"disabled":"","mask_group":"","label_render":"on","rows":[{"id":1,"default":"","required":"","disabled":"","hidden":"","data":["Male","5"]},{"id":2,"default":"","required":"","disabled":"","hidden":"","data":["Female","-161"]}]}]},"data_grid_rows_randomize":"","radio_field_label":"0","radio_field_value":"1","radio_field_parse_variable":"0","radio_field_wc":"0","radio_cascade":"","radio_cascade_field_filter":"0","radio_cascade_field_id":"","radio_cascade_no_match":"","breakpoint_size_25":"6","orientation_breakpoint_sizes":"","breakpoint_sizes":"","data_source_id":"","wsf-data-grid-auto-group":"0"}},{"label":"Units","type":"radio","date_updated":"2020-10-22 22:16:06","sort_index":"2","id":"39696","meta":{"label_render":"on","required":"","hidden":"","help":"","orientation":"horizontal","aria_label":"","exclude_email":"","wc_exclude_cart":"","hidden_bypass":"","label_position":"default","label_column_width":"default","class_single_vertical_align":"","class_field_wrapper":"","class_field":"","dedupe_value_scope":"","invalid_feedback_render":"on","invalid_feedback":"","data_grid_radio":{"rows_per_page":10,"group_index":0,"default":[],"columns":[{"id":0,"label":"Label"}],"groups":[{"label":"Radios","page":0,"disabled":"","mask_group":"","label_render":"on","rows":[{"id":2,"default":"on","required":"","disabled":"","hidden":"","data":["Imperial"]},{"id":1,"default":"","required":"","disabled":"","hidden":"","data":["Metric"]}]}]},"data_grid_rows_randomize":"","radio_field_label":"0","radio_field_value":"0","radio_field_parse_variable":"0","radio_field_wc":"0","radio_cascade":"","radio_cascade_field_filter":"0","radio_cascade_field_id":"","radio_cascade_no_match":"","orientation_breakpoint_sizes":"","breakpoint_sizes":"","data_source_id":"","wsf-data-grid-auto-group":"0","breakpoint_size_25":"6"}}]},{"label":"Metric","child_count":"0","sort_index":"2","id":"8475","meta":{"label_render":"","hidden_section":"","section_repeatable":"","section_repeat_label":"","section_repeat_default":"","class_single_vertical_align":"","class_section_wrapper":"","disabled_section":"","section_repeat_min":"","section_repeat_max":"","section_repeatable_delimiter_section":",","section_repeatable_delimiter_row":";","breakpoint_size_25":"","breakpoint_size_50":"","breakpoint_size_75":"","breakpoint_size_100":"","breakpoint_size_150":""},"fields":[{"label":"Height","type":"number","date_updated":"2020-10-22 22:16:06","sort_index":"1","id":"39697","meta":{"label_render":"on","required":"","hidden":"","autocomplete_off":"","default_value":"","placeholder":"","help":"","prepend":"","append":"cm","aria_label":"","exclude_email":"","wc_exclude_cart":"","hidden_bypass":"","label_position":"default","label_column_width":"default","class_single_vertical_align":"","class_field_wrapper":"","class_field":"","disabled":"","readonly":"","min":"0","max":"","step":"","dedupe":"","dedupe_message":"","invalid_feedback_render":"on","invalid_feedback":"","custom_attributes":[],"data_grid_datalist":{"rows_per_page":10,"group_index":0,"default":[],"columns":[{"id":0,"label":"Value"},{"id":1,"label":"Label"}],"groups":[{"label":"Values","page":0,"disabled":"","mask_group":"","rows":[]}]},"datalist_field_text":"1","datalist_field_value":"0","breakpoint_size_25":"6","breakpoint_sizes":"","data_source_id":"","wsf-data-grid-auto-group":"0"}},{"label":"Weight","type":"number","date_updated":"2020-10-22 22:16:06","sort_index":"2","id":"39698","meta":{"label_render":"on","required":"","hidden":"","autocomplete_off":"","default_value":"","placeholder":"","help":"","prepend":"","append":"kg","aria_label":"","exclude_email":"","wc_exclude_cart":"","hidden_bypass":"","label_position":"default","label_column_width":"default","class_single_vertical_align":"","class_field_wrapper":"","class_field":"","disabled":"","readonly":"","min":"0","max":"","step":"","dedupe":"","dedupe_message":"","invalid_feedback_render":"on","invalid_feedback":"","custom_attributes":[],"data_grid_datalist":{"rows_per_page":10,"group_index":0,"default":[],"columns":[{"id":0,"label":"Value"},{"id":1,"label":"Label"}],"groups":[{"label":"Values","page":0,"disabled":"","mask_group":"","rows":[]}]},"datalist_field_text":"1","datalist_field_value":"0","breakpoint_size_25":"6","breakpoint_sizes":"","data_source_id":"","wsf-data-grid-auto-group":"0"}}]},{"label":"Imperial","child_count":"0","sort_index":"3","id":"8476","meta":{"label_render":"","hidden_section":"","section_repeatable":"","section_repeat_label":"","section_repeat_default":"","class_single_vertical_align":"","class_section_wrapper":"","disabled_section":"","section_repeat_min":"","section_repeat_max":"","section_repeatable_delimiter_section":",","section_repeatable_delimiter_row":";","breakpoint_size_25":"","breakpoint_size_50":"","breakpoint_size_75":"","breakpoint_size_100":"","breakpoint_size_150":""},"fields":[{"label":"Height","type":"number","date_updated":"2020-10-22 22:16:06","sort_index":"1","id":"39699","meta":{"label_render":"on","required":"","hidden":"","autocomplete_off":"","default_value":"","placeholder":"","help":"","prepend":"","append":"ft","aria_label":"","exclude_email":"","wc_exclude_cart":"","hidden_bypass":"","label_position":"default","label_column_width":"default","class_single_vertical_align":"","class_field_wrapper":"","class_field":"","disabled":"","readonly":"","min":"0","max":"","step":"","dedupe":"","dedupe_message":"","invalid_feedback_render":"on","invalid_feedback":"","custom_attributes":[],"data_grid_datalist":{"rows_per_page":10,"group_index":0,"default":[],"columns":[{"id":0,"label":"Value"},{"id":1,"label":"Label"}],"groups":[{"label":"Values","page":0,"disabled":"","mask_group":"","rows":[]}]},"datalist_field_text":"1","datalist_field_value":"0","breakpoint_size_25":"3","breakpoint_sizes":"","data_source_id":"","wsf-data-grid-auto-group":"0"}},{"label":"Height","type":"number","date_updated":"2020-10-22 22:16:06","sort_index":"2","id":"39700","meta":{"label_render":"","required":"","hidden":"","autocomplete_off":"","default_value":"","placeholder":"","help":"","prepend":"","append":"in","aria_label":"","exclude_email":"","wc_exclude_cart":"","hidden_bypass":"","label_position":"default","label_column_width":"default","class_single_vertical_align":"bottom","class_field_wrapper":"","class_field":"","disabled":"","readonly":"","min":"0","max":"","step":"","dedupe":"","dedupe_message":"","invalid_feedback_render":"on","invalid_feedback":"","custom_attributes":[],"data_grid_datalist":{"rows_per_page":10,"group_index":0,"default":[],"columns":[{"id":0,"label":"Value"},{"id":1,"label":"Label"}],"groups":[{"label":"Values","page":0,"disabled":"","mask_group":"","rows":[]}]},"datalist_field_text":"1","datalist_field_value":"0","breakpoint_size_25":"3","breakpoint_sizes":"","data_source_id":"","wsf-data-grid-auto-group":"0"}},{"label":"Weight","type":"number","date_updated":"2020-10-22 22:16:06","sort_index":"3","id":"39701","meta":{"label_render":"on","required":"","hidden":"","autocomplete_off":"","default_value":"","placeholder":"","help":"","prepend":"","append":"lbs","aria_label":"","exclude_email":"","wc_exclude_cart":"","hidden_bypass":"","label_position":"default","label_column_width":"default","class_single_vertical_align":"","class_field_wrapper":"","class_field":"","disabled":"","readonly":"","min":"0","max":"","step":"","dedupe":"","dedupe_message":"","invalid_feedback_render":"on","invalid_feedback":"","custom_attributes":[],"data_grid_datalist":{"rows_per_page":10,"group_index":0,"default":[],"columns":[{"id":0,"label":"Value"},{"id":1,"label":"Label"}],"groups":[{"label":"Values","page":0,"disabled":"","mask_group":"","rows":[]}]},"datalist_field_text":"1","datalist_field_value":"0","breakpoint_size_25":"6","breakpoint_sizes":"","data_source_id":"","wsf-data-grid-auto-group":"0"}}]},{"label":"Section","child_count":"0","sort_index":"4","id":"8477","meta":{"label_render":"","hidden_section":"","section_repeatable":"","section_repeat_label":"","section_repeat_default":"","class_single_vertical_align":"","class_section_wrapper":"","disabled_section":"","section_repeat_min":"","section_repeat_max":"","section_repeatable_delimiter_section":",","section_repeatable_delimiter_row":";","breakpoint_size_25":"","breakpoint_size_50":"","breakpoint_size_75":"","breakpoint_size_100":"","breakpoint_size_150":""},"fields":[{"label":"Age","type":"number","date_updated":"2020-10-22 22:16:06","sort_index":"1","id":"39702","meta":{"label_render":"on","required":"","hidden":"","autocomplete_off":"","default_value":"","placeholder":"","help":"","prepend":"","append":"","aria_label":"","exclude_email":"","wc_exclude_cart":"","hidden_bypass":"","label_position":"default","label_column_width":"default","class_single_vertical_align":"","class_field_wrapper":"","class_field":"","disabled":"","readonly":"","min":"","max":"","step":"","dedupe":"","dedupe_message":"","invalid_feedback_render":"on","invalid_feedback":"","custom_attributes":"","data_grid_datalist":{"rows_per_page":10,"group_index":0,"default":[],"columns":[{"id":0,"label":"Value"},{"id":1,"label":"Label"}],"groups":[{"label":"Values","page":0,"disabled":"","mask_group":"","rows":[]}]},"datalist_field_text":"1","datalist_field_value":"0","breakpoint_size_50":"3"}},{"label":"Activity Level","type":"select","date_updated":"2020-10-22 22:16:06","sort_index":"2","id":"39703","meta":{"label_render":"on","required":"","hidden":"","multiple":"","size":"","placeholder_row":"Select...","help":"","select2_intro":"","select2":"","select2_ajax":"","prepend":"","append":"","aria_label":"","exclude_email":"","wc_exclude_cart":"","hidden_bypass":"","label_position":"default","label_column_width":"default","class_single_vertical_align":"","class_field_wrapper":"","class_field":"","disabled":"","select_min":"","select_max":"","dedupe_value_scope":"","invalid_feedback_render":"on","invalid_feedback":"","custom_attributes":[],"data_grid_select":{"rows_per_page":10,"group_index":0,"default":[],"columns":[{"id":0,"label":"Label"},{"id":1,"label":"Value"}],"groups":[{"label":"Options","page":0,"disabled":"","mask_group":"","rows":[{"id":1,"default":"","required":"","disabled":"","hidden":"","data":["Sedentary","1.2"]},{"id":2,"default":"","required":"","disabled":"","hidden":"","data":["Lightly active","1.375"]},{"id":3,"default":"","disabled":"","required":"","hidden":"","data":["Moderately active","1.55"]},{"id":4,"default":"","disabled":"","required":"","hidden":"","data":["Very active","1.725"]},{"id":5,"default":"","disabled":"","required":"","hidden":"","data":["Extra active","1.9"]}]}]},"data_grid_rows_randomize":"","select_field_label":"0","select_field_value":"1","select_field_parse_variable":"0","select_field_wc":"0","select_cascade":"","select_cascade_field_filter":"0","select_cascade_field_id":"","select_cascade_no_match":"","select_cascade_option_text_no_rows":"","select_cascade_ajax":"","select_cascade_ajax_option_text_loading":"","breakpoint_size_50":"9","breakpoint_sizes":"","data_source_id":"","wsf-data-grid-auto-group":"0"}}]},{"label":"Section","child_count":"0","sort_index":"5","id":"8478","meta":{"label_render":"","hidden_section":"","section_repeatable":"","section_repeat_label":"","section_repeat_default":"","class_single_vertical_align":"","class_section_wrapper":"","disabled_section":"","section_repeat_min":"","section_repeat_max":"","section_repeatable_delimiter_section":",","section_repeatable_delimiter_row":";","breakpoint_size_25":"","breakpoint_size_50":"","breakpoint_size_75":"","breakpoint_size_100":"","breakpoint_size_150":""},"fields":[{"label":"Weight in Kilos","type":"hidden","date_updated":"2020-10-22 22:16:06","sort_index":"1","id":"39704","meta":{"default_value":"","exclude_email":"on","wc_exclude_cart":"on"}},{"label":"Height in CM","type":"hidden","date_updated":"2020-10-22 22:16:06","sort_index":"2","id":"39705","meta":{"default_value":"","exclude_email":"on","wc_exclude_cart":"on"}},{"label":"Daily Caloric Intake","type":"texteditor","date_updated":"2020-10-22 22:51:34","sort_index":"3","id":"39706","meta":{"hidden":"","text_editor":"<h3>#calc(#round((10 * #field(39704) + 6.25 * #field(39705) - 5 * #field(39702) + #field(39695)) * #field(39703))) Calories\/day<\/h3>","exclude_email":"on","wc_exclude_cart":"on","class_single_vertical_align":"","class_field_wrapper":"","html_editor":"","breakpoint_sizes":""}}]}],"meta":{"label_render":"","class_group_wrapper":""}}],"meta":{"label_render":"","submit_on_enter":"","invalid_field_focus":"on","submit_lock":"on","submit_unlock":"on","submit_reload":"on","submit_show_errors":"on","form_action":"","cookie_tab_index":"on","tab_validation":"","label_position_form":"top","label_column_width_form":"3","label_required":"on","label_mask_required":"","class_form_wrapper":"","class_group_wrapper":"","class_section_wrapper":"","class_field_wrapper":"","class_field":"","label_mask_form":"","label_mask_group":"","label_mask_section":"","action_humanpresence_intro":"","action_humanpresence_not_enabled":"","action_akismetv1_intro":"","action_akismetv1_not_enabled":"","honeypot":"","spam_threshold":"50","submit_limit":"","submit_limit_count":"","submit_limit_period":"","submit_limit_message":"","submit_limit_message_type":"information","schedule_start":"","schedule_start_datetime":"","schedule_start_message":"","schedule_start_message_type":"information","schedule_end":"","schedule_end_datetime":"","schedule_end_message":"","schedule_end_message_type":"information","user_limit_logged_in":"","user_limit_logged_in_message_type":"danger","user_limit_logged_in_message":"","analytics_google":"","analytics_google_event_tab":"on","analytics_google_event_field":"on","tracking_remote_ip":"","tracking_agent":"","tracking_referrer":"","tracking_os":"","tracking_host":"","tracking_pathname":"","tracking_query_string":"","tracking_geo_location":"","tracking_ip_lookup_latlon":"","tracking_ip_lookup_city":"","tracking_ip_lookup_region":"","tracking_ip_lookup_country":"","tracking_utm_source":"","tracking_utm_medium":"","tracking_utm_campaign":"","tracking_utm_term":"","tracking_utm_content":"","form_populate_enabled":"","form_populate_action_id":"","form_populate_list_id":"","action_post_form_populate_post_id":"","action_user_form_populate_field_mapping":"","form_populate_field_mapping":"","action_post_form_populate_field_mapping_acf":"","action_post_form_populate_meta_mapping":"","action_user_form_populate_field_mapping_acf":"","action_user_form_populate_meta_mapping":"","form_populate_tag_mapping":"","wc_form_assign_intro":"","wc_form_assign":"","wc_form_assign_product_cat_include_mapping":"","wc_form_assign_product_tag_include_mapping":"","wc_form_assign_product_include_mapping":"","wc_form_assign_product_cat_exclude_mapping":"","wc_form_assign_product_tag_exclude_mapping":"","wc_form_assign_product_exclude_mapping":"","wc_catalog_add_to_cart_text":"Select options","wc_price_disable":"","wc_price_prefix":"","wc_price_suffix":"","wc_product_price_variation_hide":"","wc_product_add_to_cart_hide":"","wc_product_quantity_hide":"","wc_product_form_validate":"","wc_product_clear_hidden_meta_values":"on","wc_cart_edit":"","wc_cart_price_plugin_allow_negative":"","wc_actions_fire":"on","breakpoint":"25","tab_index":"0","action":{"rows_per_page":10,"group_index":0,"default":[],"columns":[{"id":0,"label":"Action"},{"id":1,"label":"Data"}],"groups":[{"label":"Actions","page":0,"disabled":"","mask_group":"","rows":[]}]},"field_select":"","form_history":"","knowledgebase":"","contact_first_name":"","contact_last_name":"","contact_email":"","contact_inquiry":"","contact_push_form":"","contact_push_system":"","contact_gdpr":"","contact_submit":"","conditional":{"rows_per_page":10,"group_index":0,"default":[],"columns":[{"id":0,"label":"Condition"},{"id":1,"label":"Data"}],"groups":[{"label":"Conditions","page":0,"disabled":"","mask_group":"","rows":[{"id":1,"default":"","disabled":"","required":"","hidden":"","data":["Units","{\"if\":[{\"conditions\":[{\"id\":1,\"object\":\"field\",\"object_id\":39696,\"object_row_id\":\"1\",\"logic\":\"checked\",\"value\":\"\",\"case_sensitive\":true,\"logic_previous\":\"||\"}],\"logic_previous\":\"||\"}],\"then\":[{\"id\":1,\"object\":\"section\",\"object_id\":8475,\"object_row_id\":\"\",\"action\":\"visibility\",\"value\":\"\"},{\"id\":2,\"object\":\"section\",\"object_id\":8476,\"object_row_id\":\"\",\"action\":\"visibility\",\"value\":\"off\"},{\"id\":3,\"object\":\"field\",\"object_id\":39699,\"object_row_id\":\"\",\"action\":\"reset\",\"value\":\"\"},{\"id\":4,\"object\":\"field\",\"object_id\":39700,\"object_row_id\":\"\",\"action\":\"reset\",\"value\":\"\"},{\"id\":5,\"object\":\"field\",\"object_id\":39701,\"object_row_id\":\"\",\"action\":\"reset\",\"value\":\"\"},{\"id\":6,\"object\":\"field\",\"object_id\":39704,\"object_row_id\":\"\",\"action\":\"reset\",\"value\":\"\"},{\"id\":7,\"object\":\"field\",\"object_id\":39705,\"object_row_id\":\"\",\"action\":\"reset\",\"value\":\"\"}],\"else\":[{\"id\":2,\"object\":\"section\",\"object_id\":8475,\"object_row_id\":\"\",\"action\":\"visibility\",\"value\":\"off\"},{\"id\":3,\"object\":\"section\",\"object_id\":8476,\"object_row_id\":\"\",\"action\":\"visibility\",\"value\":\"\"},{\"id\":4,\"object\":\"field\",\"object_id\":39697,\"object_row_id\":\"\",\"action\":\"reset\",\"value\":\"\"},{\"id\":5,\"object\":\"field\",\"object_id\":39698,\"object_row_id\":\"\",\"action\":\"reset\",\"value\":\"\"},{\"id\":6,\"object\":\"field\",\"object_id\":39704,\"object_row_id\":\"\",\"action\":\"reset\",\"value\":\"\"},{\"id\":7,\"object\":\"field\",\"object_id\":39705,\"object_row_id\":\"\",\"action\":\"reset\",\"value\":\"\"}]}"]},{"id":4,"default":"","disabled":"","required":"","hidden":"","data":["Weight (Metric)","{\"if\":[{\"conditions\":[{\"id\":6,\"object\":\"field\",\"object_id\":39698,\"object_row_id\":0,\"logic\":\"change_input\",\"value\":\"\",\"case_sensitive\":true,\"logic_previous\":\"||\"},{\"id\":7,\"object\":\"field\",\"object_id\":39698,\"object_row_id\":0,\"logic\":\"blank_not\",\"value\":\"\",\"case_sensitive\":true,\"logic_previous\":\"&&\"}],\"logic_previous\":\"||\"}],\"then\":[{\"id\":1,\"object\":\"field\",\"object_id\":39704,\"object_row_id\":\"\",\"action\":\"value\",\"value\":\"#field(39698)\"}],\"else\":[]}"]},{"id":5,"default":"","disabled":"","required":"","hidden":"","data":["Weight (Imperial)","{\"if\":[{\"conditions\":[{\"id\":7,\"object\":\"field\",\"object_id\":39701,\"object_row_id\":0,\"logic\":\"change_input\",\"value\":\"\",\"case_sensitive\":true,\"logic_previous\":\"||\"},{\"id\":8,\"object\":\"field\",\"object_id\":39701,\"object_row_id\":0,\"logic\":\"blank_not\",\"value\":\"\",\"case_sensitive\":true,\"logic_previous\":\"&&\"}],\"logic_previous\":\"||\"}],\"then\":[{\"id\":1,\"object\":\"field\",\"object_id\":39704,\"object_row_id\":\"\",\"action\":\"value\",\"value\":\"#calc(#field(39701) * 0.453592)\"}],\"else\":[]}"]},{"id":6,"default":"","disabled":"","required":"","hidden":"","data":["Height (Metric)","{\"if\":[{\"conditions\":[{\"id\":1,\"object\":\"field\",\"object_id\":39697,\"object_row_id\":0,\"logic\":\"change_input\",\"value\":\"\",\"case_sensitive\":true,\"logic_previous\":\"||\"},{\"id\":2,\"object\":\"field\",\"object_id\":39697,\"object_row_id\":0,\"logic\":\"blank_not\",\"value\":\"\",\"case_sensitive\":true,\"logic_previous\":\"&&\"}],\"logic_previous\":\"||\"}],\"then\":[{\"id\":1,\"object\":\"field\",\"object_id\":39705,\"object_row_id\":\"\",\"action\":\"value\",\"value\":\"#field(39697)\"}],\"else\":[]}"]},{"id":7,"default":"","disabled":"","required":"","hidden":"","data":["Height (Imperial)","{\"if\":[{\"conditions\":[{\"id\":2,\"object\":\"field\",\"object_id\":39699,\"object_row_id\":0,\"logic\":\"change_input\",\"value\":\"\",\"case_sensitive\":true,\"logic_previous\":\"||\"},{\"id\":3,\"object\":\"field\",\"object_id\":39699,\"object_row_id\":0,\"logic\":\"blank_not\",\"value\":\"\",\"case_sensitive\":true,\"logic_previous\":\"&&\"}],\"logic_previous\":\"||\"},{\"conditions\":[{\"id\":4,\"object\":\"field\",\"object_id\":39700,\"object_row_id\":0,\"logic\":\"change_input\",\"value\":\"\",\"case_sensitive\":true,\"logic_previous\":\"||\"},{\"id\":5,\"object\":\"field\",\"object_id\":39700,\"object_row_id\":0,\"logic\":\"blank_not\",\"value\":\"\",\"case_sensitive\":true,\"logic_previous\":\"&&\"}],\"logic_previous\":\"||\"}],\"then\":[{\"id\":1,\"object\":\"field\",\"object_id\":39705,\"object_row_id\":\"\",\"action\":\"value\",\"value\":\"#calc((#field(39699) * 30.48) + (#field(39700) * 2.54))\"}],\"else\":[]}"]},{"id":8,"default":"","disabled":"","required":"","hidden":"","data":["Show kcal\/day","{\"if\":[{\"conditions\":[{\"id\":11,\"object\":\"field\",\"object_id\":39695,\"object_row_id\":0,\"logic\":\"checked_any\",\"value\":\"\",\"case_sensitive\":true,\"logic_previous\":\"&&\"},{\"id\":7,\"object\":\"field\",\"object_id\":39704,\"object_row_id\":0,\"logic\":\"blank_not\",\"value\":\"\",\"case_sensitive\":true,\"logic_previous\":\"&&\"},{\"id\":8,\"object\":\"field\",\"object_id\":39705,\"object_row_id\":0,\"logic\":\"blank_not\",\"value\":\"\",\"case_sensitive\":true,\"logic_previous\":\"&&\"},{\"id\":9,\"object\":\"field\",\"object_id\":39702,\"object_row_id\":0,\"logic\":\"blank_not\",\"value\":\"\",\"case_sensitive\":true,\"logic_previous\":\"&&\"},{\"id\":10,\"object\":\"field\",\"object_id\":39703,\"object_row_id\":0,\"logic\":\"selected_any\",\"value\":\"\",\"case_sensitive\":true,\"logic_previous\":\"&&\"}],\"logic_previous\":\"||\"}],\"then\":[{\"id\":1,\"object\":\"field\",\"object_id\":39706,\"object_row_id\":\"\",\"action\":\"visibility\",\"value\":\"\"}],\"else\":[{\"id\":1,\"object\":\"field\",\"object_id\":39706,\"object_row_id\":\"\",\"action\":\"visibility\",\"value\":\"off\"}]}"]}]}]}},"identifier":"ws_form","version":"1.7.83","time":1603407327,"checksum":"46bd46de81fb40ec26467a44aeeb7a38"}