{"label":"Age","status":"draft","count_stat_view":"0","count_stat_save":"0","count_stat_submit":"0","count_submit":0,"count_submit_unread":"0","id":"2144","groups":[{"label":"Tab","sort_index":"1","id":"3635","sections":[{"label":"Section","child_count":"0","sort_index":"1","id":"6148","meta":{"label_render":"","hidden_section":"","section_repeatable":"","section_repeat_label":"","section_repeat_default":"","class_single_vertical_align":"","class_section_wrapper":"","disabled_section":"","section_repeat_min":"","section_repeat_max":"","section_repeatable_delimiter_section":",","section_repeatable_delimiter_row":";"},"fields":[{"label":"Date of Birth","type":"datetime","date_updated":"2020-07-22 15:01:16","sort_index":"1","id":"28870","meta":{"label_render":"on","label_position":"default","label_column_width":"default","input_type_datetime":"date","format_date":"","format_time":"","required":"","hidden":"","default_value":"","help":"","aria_label":"","exclude_email":"","wc_exclude_cart":"","class_single_vertical_align":"","class_field_wrapper":"","class_field":"","disabled":"","readonly":"","min_date":"","max_date":"","year_start":"1900","year_end":"","step":"","input_mask":"","pattern_date":"","dedupe":"","dedupe_message":"","invalid_feedback_render":"on","invalid_feedback":"","custom_attributes":[],"data_grid_datalist":{"rows_per_page":10,"group_index":0,"default":[],"columns":[{"id":0,"label":"Value"},{"id":1,"label":"Label"}],"groups":[{"label":"Values","page":0,"disabled":"","mask_group":"","rows":[]}]},"datalist_field_text":"1","datalist_field_value":"0","breakpoint_sizes":"","data_source_id":"","wsf-data-grid-auto-group":"0"}},{"label":"Age","type":"texteditor","date_updated":"2020-07-22 14:59:35","sort_index":"2","id":"28871","meta":{"hidden":"","text_editor":"<h3>Age: #calc(#floor((#seconds_epoch - #field(28870)) \/ #seconds_year))<\/h3>","exclude_email":"on","wc_exclude_cart":"on","class_single_vertical_align":"","class_field_wrapper":"","html_editor":"","breakpoint_sizes":""}}]}],"meta":{"label_render":"","class_group_wrapper":""}}],"meta":{"label_render":"","analytics_google":"","analytics_google_event_tab":"on","analytics_google_event_field":"on","tracking_remote_ip":"","tracking_agent":"","tracking_referrer":"","tracking_os":"","tracking_host":"","tracking_pathname":"","tracking_query_string":"","tracking_geo_location":"","tracking_ip_lookup_latlon":"","tracking_ip_lookup_city":"","tracking_ip_lookup_region":"","tracking_ip_lookup_country":"","tracking_utm_source":"","tracking_utm_medium":"","tracking_utm_campaign":"","tracking_utm_term":"","tracking_utm_content":"","honeypot":"","spam_threshold":"50","label_mask_form":"","class_form_wrapper":"","submit_on_enter":"","submit_lock":"on","submit_unlock":"on","submit_reload":"on","submit_show_errors":"on","form_action":"","cookie_tab_index":"on","tab_validation":"","label_mask_group":"","class_group_wrapper":"","label_mask_section":"","class_section_wrapper":"","invalid_field_focus":"on","class_field_wrapper":"","class_field":"","label_position_form":"top","label_column_width_form":"3","label_required":"on","label_mask_required":"","submit_limit":"","submit_limit_count":"","submit_limit_period":"","submit_limit_message":"","submit_limit_message_type":"information","schedule_start":"","schedule_start_datetime":"","schedule_start_message":"","schedule_start_message_type":"information","schedule_end":"","schedule_end_datetime":"","schedule_end_message":"","schedule_end_message_type":"information","user_limit_logged_in":"","user_limit_logged_in_message":"","user_limit_logged_in_message_type":"danger","form_populate_enabled":"","form_populate_action_id":"","form_populate_list_id":"","action_post_form_populate_post_id":"","action_user_form_populate_field_mapping":"","form_populate_field_mapping":"","action_post_form_populate_meta_mapping":"","action_user_form_populate_meta_mapping":"","form_populate_tag_mapping":"","wc_form_assign_intro":"","wc_form_assign":"","wc_form_assign_product_cat_include_mapping":"","wc_form_assign_product_tag_include_mapping":"","wc_form_assign_product_include_mapping":"","wc_form_assign_product_cat_exclude_mapping":"","wc_form_assign_product_tag_exclude_mapping":"","wc_form_assign_product_exclude_mapping":"","wc_catalog_add_to_cart_text":"Select options","wc_price_disable":"","wc_price_prefix":"","wc_price_suffix":"","wc_product_price_variation_hide":"","wc_product_add_to_cart_hide":"","wc_product_quantity_hide":"","wc_product_form_validate":"","wc_cart_edit":"","wc_cart_price_plugin_allow_negative":"","wc_actions_fire":"on","breakpoint":"25","tab_index":"0","action":{"rows_per_page":10,"group_index":0,"default":[],"columns":[{"id":0,"label":"Action"},{"id":1,"label":"Data"}],"groups":[{"label":"Actions","page":0,"disabled":"","mask_group":"","rows":[]}]},"field_select":"","form_history":"","knowledgebase":"","contact_first_name":"","contact_last_name":"","contact_email":"","contact_inquiry":"","contact_push_form":"","contact_push_system":"","contact_gdpr":"","contact_submit":"","conditional":{"rows_per_page":10,"group_index":0,"default":[],"columns":[{"id":0,"label":"Condition"},{"id":1,"label":"Data"}],"groups":[{"label":"Conditions","page":0,"disabled":"","mask_group":"","rows":[{"id":1,"default":"","disabled":"","required":"","hidden":"","data":["Date of Birth","{\"if\":[{\"conditions\":[{\"id\":1,\"object\":\"field\",\"object_id\":\"28870\",\"object_row_id\":0,\"logic\":\"blank_not\",\"value\":\"\",\"case_sensitive\":true,\"logic_previous\":\"||\"}],\"logic_previous\":\"||\"}],\"then\":[{\"id\":1,\"object\":\"field\",\"object_id\":\"28871\",\"object_row_id\":\"\",\"action\":\"visibility\",\"value\":\"\"}],\"else\":[{\"id\":1,\"object\":\"field\",\"object_id\":\"28871\",\"object_row_id\":\"\",\"action\":\"visibility\",\"value\":\"off\"}]}"]}]}]}},"identifier":"ws_form","version":"1.7.14","time":1595612329,"checksum":"6678aa0fdd0bea57930156f6941bbea5"}