{"label":"Compound Interest","status":"draft","count_stat_view":"0","count_stat_save":"0","count_stat_submit":"0","count_submit":0,"count_submit_unread":"0","id":"2762","groups":[{"label":"Tab","sort_index":"1","id":"4860","sections":[{"label":"Section","child_count":"0","sort_index":"1","id":"8595","meta":{"label_render":"","hidden_section":"","section_repeatable":"","section_repeat_label":"","section_repeat_default":"","class_single_vertical_align":"","class_section_wrapper":"","disabled_section":"","section_repeat_min":"","section_repeat_max":"","section_repeatable_delimiter_section":",","section_repeatable_delimiter_row":";"},"fields":[{"label":"Initial Amount","type":"number","date_updated":"2020-10-23 19:34:48","sort_index":"1","id":"40003","meta":{"label_render":"on","required":"","hidden":"","autocomplete_off":"","default_value":"","placeholder":"","help":"","prepend":"#ecommerce_currency_symbol","append":"","aria_label":"","exclude_email":"","wc_exclude_cart":"","hidden_bypass":"","label_position":"default","label_column_width":"default","class_single_vertical_align":"","class_field_wrapper":"","class_field":"","disabled":"","readonly":"","min":"0","max":"","step":"","dedupe":"","dedupe_message":"","invalid_feedback_render":"on","invalid_feedback":"","custom_attributes":[],"data_grid_datalist":{"rows_per_page":10,"group_index":0,"default":[],"columns":[{"id":0,"label":"Value"},{"id":1,"label":"Label"}],"groups":[{"label":"Values","page":0,"disabled":"","mask_group":"","rows":[]}]},"datalist_field_text":"1","datalist_field_value":"0","breakpoint_size_50":"6","breakpoint_sizes":"","data_source_id":"","wsf-data-grid-auto-group":"0"}},{"label":"Interest Rate","type":"number","date_updated":"2020-10-23 19:34:33","sort_index":"2","id":"40004","meta":{"label_render":"on","required":"","hidden":"","autocomplete_off":"","default_value":"8","placeholder":"","help":"","prepend":"","append":"%","aria_label":"","exclude_email":"","wc_exclude_cart":"","hidden_bypass":"","label_position":"default","label_column_width":"default","class_single_vertical_align":"","class_field_wrapper":"","class_field":"","disabled":"","readonly":"","min":"0","max":"100","step":"","dedupe":"","dedupe_message":"","invalid_feedback_render":"on","invalid_feedback":"","custom_attributes":[],"data_grid_datalist":{"rows_per_page":10,"group_index":0,"default":[],"columns":[{"id":0,"label":"Value"},{"id":1,"label":"Label"}],"groups":[{"label":"Values","page":0,"disabled":"","mask_group":"","rows":[]}]},"datalist_field_text":"1","datalist_field_value":"0","breakpoint_size_50":"6","breakpoint_sizes":"","data_source_id":"","wsf-data-grid-auto-group":"0"}},{"label":"Term","type":"number","date_updated":"2020-10-23 19:34:33","sort_index":"3","id":"40005","meta":{"label_render":"on","required":"","hidden":"","autocomplete_off":"","default_value":"25","placeholder":"","help":"Years","prepend":"","append":"","aria_label":"","exclude_email":"","wc_exclude_cart":"","hidden_bypass":"","label_position":"default","label_column_width":"default","class_single_vertical_align":"","class_field_wrapper":"","class_field":"","disabled":"","readonly":"","min":"0","max":"","step":"","dedupe":"","dedupe_message":"","invalid_feedback_render":"on","invalid_feedback":"","custom_attributes":[],"data_grid_datalist":{"rows_per_page":10,"group_index":0,"default":[],"columns":[{"id":0,"label":"Value"},{"id":1,"label":"Label"}],"groups":[{"label":"Values","page":0,"disabled":"","mask_group":"","rows":[]}]},"datalist_field_text":"1","datalist_field_value":"0","breakpoint_size_50":"3","breakpoint_sizes":"","data_source_id":"","wsf-data-grid-auto-group":"0","breakpoint_size_25":"6"}},{"label":"Months","type":"number","date_updated":"2020-10-23 19:34:33","sort_index":"4","id":"40006","meta":{"label_render":"","required":"","hidden":"","autocomplete_off":"","default_value":"0","placeholder":"","help":"Months","prepend":"","append":"","aria_label":"","exclude_email":"","wc_exclude_cart":"","hidden_bypass":"","label_position":"default","label_column_width":"default","class_single_vertical_align":"bottom","class_field_wrapper":"","class_field":"","disabled":"","readonly":"","min":"0","max":"","step":"","dedupe":"","dedupe_message":"","invalid_feedback_render":"on","invalid_feedback":"","custom_attributes":[],"data_grid_datalist":{"rows_per_page":10,"group_index":0,"default":[],"columns":[{"id":0,"label":"Value"},{"id":1,"label":"Label"}],"groups":[{"label":"Values","page":0,"disabled":"","mask_group":"","rows":[]}]},"datalist_field_text":"1","datalist_field_value":"0","breakpoint_size_50":"3","breakpoint_sizes":"","data_source_id":"","wsf-data-grid-auto-group":"0","breakpoint_size_25":"6"}},{"label":"Compound Frequency","type":"select","date_updated":"2020-10-23 19:34:33","sort_index":"5","id":"40007","meta":{"label_render":"on","required":"","hidden":"","multiple":"","size":"","placeholder_row":"Select...","help":"","select2_intro":"","select2":"","select2_ajax":"","prepend":"","append":"","aria_label":"","exclude_email":"","wc_exclude_cart":"","hidden_bypass":"","label_position":"default","label_column_width":"default","class_single_vertical_align":"","class_field_wrapper":"","class_field":"","disabled":"","select_min":"","select_max":"","dedupe_value_scope":"","invalid_feedback_render":"on","invalid_feedback":"","custom_attributes":[],"data_grid_select":{"rows_per_page":10,"group_index":0,"default":[],"columns":[{"id":0,"label":"Label"},{"id":1,"label":"Value"}],"groups":[{"label":"Options","page":0,"disabled":"","mask_group":"","rows":[{"id":1,"default":"","required":"","disabled":"","hidden":"","data":["Yearly","1"]},{"id":2,"default":"","required":"","disabled":"","hidden":"","data":["Semi-Annually","2"]},{"id":3,"default":"","disabled":"","required":"","hidden":"","data":["Quarterly","4"]},{"id":4,"default":"on","disabled":"","required":"","hidden":"","data":["Monthly","12"]},{"id":5,"default":"","disabled":"","required":"","hidden":"","data":["Weekly","52"]},{"id":6,"default":"","disabled":"","required":"","hidden":"","data":["Daily","365"]}]}]},"data_grid_rows_randomize":"","select_field_label":"0","select_field_value":"1","select_field_parse_variable":"0","select_field_wc":"0","select_cascade":"","select_cascade_field_filter":"0","select_cascade_field_id":"","select_cascade_no_match":"","select_cascade_option_text_no_rows":"","select_cascade_ajax":"","select_cascade_ajax_option_text_loading":"","breakpoint_size_50":"6","breakpoint_sizes":"","data_source_id":"","wsf-data-grid-auto-group":"0"}},{"label":"Monthly Deposit\/Loan Amount","type":"number","date_updated":"2020-10-23 19:34:57","sort_index":"6","id":"40008","meta":{"label_render":"on","required":"","hidden":"","autocomplete_off":"","default_value":"","placeholder":"","help":"","prepend":"#ecommerce_currency_symbol","append":"","aria_label":"","exclude_email":"","wc_exclude_cart":"","hidden_bypass":"","label_position":"default","label_column_width":"default","class_single_vertical_align":"","class_field_wrapper":"","class_field":"","disabled":"","readonly":"","min":"0","max":"","step":"","dedupe":"","dedupe_message":"","invalid_feedback_render":"on","invalid_feedback":"","custom_attributes":[],"data_grid_datalist":{"rows_per_page":10,"group_index":0,"default":[],"columns":[{"id":0,"label":"Value"},{"id":1,"label":"Label"}],"groups":[{"label":"Values","page":0,"disabled":"","mask_group":"","rows":[]}]},"datalist_field_text":"1","datalist_field_value":"0","breakpoint_size_50":"6","breakpoint_sizes":"","data_source_id":"","wsf-data-grid-auto-group":"0"}},{"label":"Deposited\/Loaned at Beginning or End of Period?","type":"select","date_updated":"2020-10-23 19:34:33","sort_index":"7","id":"40009","meta":{"label_render":"on","required":"","hidden":"","multiple":"","size":"","placeholder_row":"Select...","help":"","select2_intro":"","select2":"","select2_ajax":"","prepend":"","append":"","aria_label":"","exclude_email":"","wc_exclude_cart":"","hidden_bypass":"","label_position":"default","label_column_width":"default","class_single_vertical_align":"","class_field_wrapper":"","class_field":"","disabled":"","select_min":"","select_max":"","dedupe_value_scope":"","invalid_feedback_render":"on","invalid_feedback":"","custom_attributes":[],"data_grid_select":{"rows_per_page":10,"group_index":0,"default":[],"columns":[{"id":0,"label":"Label"},{"id":1,"label":"Value"}],"groups":[{"label":"Options","page":0,"disabled":"","mask_group":"","rows":[{"id":1,"default":"","required":"","disabled":"","hidden":"","data":["Beginning","1"]},{"id":2,"default":"on","required":"","disabled":"","hidden":"","data":["End","0"]}]}]},"data_grid_rows_randomize":"","select_field_label":"0","select_field_value":"1","select_field_parse_variable":"0","select_field_wc":"0","select_cascade":"","select_cascade_field_filter":"0","select_cascade_field_id":"","select_cascade_no_match":"","select_cascade_option_text_no_rows":"","select_cascade_ajax":"","select_cascade_ajax_option_text_loading":"","breakpoint_size_50":"6","breakpoint_sizes":"","data_source_id":"","wsf-data-grid-auto-group":"0"}},{"label":"Principal","type":"hidden","date_updated":"2020-10-23 19:34:34","sort_index":"8","id":"40010","meta":{"default_value":"#calc(#field(40003) * #pow((1 + (0.01 * #field(40004)) \/ #field(40007)) , (#field(40007) * (#field(40005) + #field(40006) \/ 12))))","exclude_email":"on","wc_exclude_cart":"on"}},{"label":"Deposits","type":"hidden","date_updated":"2020-10-23 19:34:34","sort_index":"9","id":"40011","meta":{"default_value":"#calc(#field(40008) * ((#pow( (1 + (.01 * #field(40004)) \/ #field(40007) ) , (#field(40007) * (#field(40005) + #field(40006) \/ 12) ) ) - 1) \/ ((.01 * #field(40004)) \/ #field(40007)) ) * (1 + ((.01 * #field(40004)) * #field(40009) \/ #field(40007))))","exclude_email":"on","wc_exclude_cart":"on"}},{"label":"Compound Interest on Principal","type":"hidden","date_updated":"2020-10-23 19:34:34","sort_index":"10","id":"40012","meta":{"default_value":"#calc(#field(40010) - #field(40003))","exclude_email":"on","wc_exclude_cart":"on"}},{"label":"Compound Interest on Deposits","type":"hidden","date_updated":"2020-10-23 19:34:34","sort_index":"11","id":"40013","meta":{"default_value":"#calc(#field(40011) - (#field(40005) + #field(40006) \/ 12) * (#field(40008) * 12))","exclude_email":"on","wc_exclude_cart":"on"}}]},{"label":"Calculations","child_count":"0","sort_index":"2","id":"8596","meta":{"label_render":"on","hidden_section":"","section_repeatable":"","section_repeat_label":"","section_repeat_default":"","class_single_vertical_align":"","class_section_wrapper":"","disabled_section":"","section_repeat_min":"","section_repeat_max":"","section_repeatable_delimiter_section":",","section_repeatable_delimiter_row":";","breakpoint_size_25":"","breakpoint_size_50":"","breakpoint_size_75":"6","breakpoint_size_100":"","breakpoint_size_150":"","breakpoint_sizes":""},"fields":[{"label":"Principal","type":"texteditor","date_updated":"2020-10-23 19:34:34","sort_index":"1","id":"40014","meta":{"hidden":"","text_editor":"Principal: <strong>#ecommerce_price(#calc(#field(40010)))<\/strong>","exclude_email":"on","wc_exclude_cart":"on","class_single_vertical_align":"","class_field_wrapper":"","html_editor":"","breakpoint_sizes":""}},{"label":"Deposits","type":"texteditor","date_updated":"2020-10-23 19:34:34","sort_index":"2","id":"40015","meta":{"hidden":"","text_editor":"Deposits: <strong>#ecommerce_price(#calc(#field(40011)))<\/strong>","exclude_email":"on","wc_exclude_cart":"on","class_single_vertical_align":"","class_field_wrapper":"","html_editor":"","breakpoint_sizes":""}},{"label":"Compound Interest on Principal","type":"texteditor","date_updated":"2020-10-23 19:34:34","sort_index":"3","id":"40016","meta":{"hidden":"","text_editor":"Compound Interest on Principal: <strong>#ecommerce_price(#calc(#field(40012)))<\/strong>","exclude_email":"on","wc_exclude_cart":"on","class_single_vertical_align":"","class_field_wrapper":"","html_editor":"","breakpoint_sizes":""}},{"label":"Compound Interest on Deposits","type":"texteditor","date_updated":"2020-10-23 19:34:34","sort_index":"4","id":"40017","meta":{"hidden":"","text_editor":"Compound Interest on Deposits: <strong>#ecommerce_price(#calc(#field(40013)))<\/strong>","exclude_email":"on","wc_exclude_cart":"on","class_single_vertical_align":"","class_field_wrapper":"","html_editor":"","breakpoint_sizes":""}},{"label":"Total Compound Interest","type":"texteditor","date_updated":"2020-10-23 19:34:34","sort_index":"5","id":"40018","meta":{"hidden":"","text_editor":"Total Compound Interest: <strong>#ecommerce_price(#calc(#field(40013) + #field(40012)))<\/strong>","exclude_email":"on","wc_exclude_cart":"on","class_single_vertical_align":"","class_field_wrapper":"","html_editor":"","breakpoint_sizes":""}}]},{"label":"Final Balance","child_count":"0","sort_index":"3","id":"8597","meta":{"label_render":"on","hidden_section":"","section_repeatable":"","section_repeat_label":"","section_repeat_default":"","class_single_vertical_align":"","class_section_wrapper":"","disabled_section":"","section_repeat_min":"","section_repeat_max":"","section_repeatable_delimiter_section":",","section_repeatable_delimiter_row":";","breakpoint_size_25":"","breakpoint_size_50":"","breakpoint_size_75":"6","breakpoint_size_100":"","breakpoint_size_150":"","breakpoint_sizes":""},"fields":[{"label":"Final Balance","type":"texteditor","date_updated":"2020-10-23 19:34:34","sort_index":"1","id":"40019","meta":{"hidden":"","text_editor":"<h3>#ecommerce_price(#calc(#field(40010) + #field(40011)))<\/h3>","exclude_email":"on","wc_exclude_cart":"on","class_single_vertical_align":"","class_field_wrapper":"","html_editor":"","breakpoint_sizes":""}}]}],"meta":{"label_render":"","class_group_wrapper":""}}],"meta":{"label_render":"","submit_on_enter":"","invalid_field_focus":"on","submit_lock":"on","submit_unlock":"on","submit_reload":"on","submit_show_errors":"on","form_action":"","cookie_tab_index":"on","tab_validation":"","label_position_form":"top","label_column_width_form":"3","label_required":"on","label_mask_required":"","class_form_wrapper":"","class_group_wrapper":"","class_section_wrapper":"","class_field_wrapper":"","class_field":"","label_mask_form":"","label_mask_group":"","label_mask_section":"","action_humanpresence_intro":"","action_humanpresence_not_enabled":"","action_akismetv1_intro":"","action_akismetv1_not_enabled":"","honeypot":"","spam_threshold":"50","submit_limit":"","submit_limit_count":"","submit_limit_period":"","submit_limit_message":"","submit_limit_message_type":"information","schedule_start":"","schedule_start_datetime":"","schedule_start_message":"","schedule_start_message_type":"information","schedule_end":"","schedule_end_datetime":"","schedule_end_message":"","schedule_end_message_type":"information","user_limit_logged_in":"","user_limit_logged_in_message_type":"danger","user_limit_logged_in_message":"","analytics_google":"","analytics_google_event_tab":"on","analytics_google_event_field":"on","tracking_remote_ip":"","tracking_agent":"","tracking_referrer":"","tracking_os":"","tracking_host":"","tracking_pathname":"","tracking_query_string":"","tracking_geo_location":"","tracking_ip_lookup_latlon":"","tracking_ip_lookup_city":"","tracking_ip_lookup_region":"","tracking_ip_lookup_country":"","tracking_utm_source":"","tracking_utm_medium":"","tracking_utm_campaign":"","tracking_utm_term":"","tracking_utm_content":"","form_populate_enabled":"","form_populate_action_id":"","form_populate_list_id":"","action_post_form_populate_post_id":"","action_user_form_populate_field_mapping":"","form_populate_field_mapping":"","action_post_form_populate_field_mapping_acf":"","action_post_form_populate_meta_mapping":"","action_user_form_populate_field_mapping_acf":"","action_user_form_populate_meta_mapping":"","form_populate_tag_mapping":"","wc_form_assign_intro":"","wc_form_assign":"","wc_form_assign_product_cat_include_mapping":"","wc_form_assign_product_tag_include_mapping":"","wc_form_assign_product_include_mapping":"","wc_form_assign_product_cat_exclude_mapping":"","wc_form_assign_product_tag_exclude_mapping":"","wc_form_assign_product_exclude_mapping":"","wc_catalog_add_to_cart_text":"Select options","wc_price_disable":"","wc_price_prefix":"","wc_price_suffix":"","wc_product_price_variation_hide":"","wc_product_add_to_cart_hide":"","wc_product_quantity_hide":"","wc_product_form_validate":"","wc_product_clear_hidden_meta_values":"on","wc_cart_edit":"","wc_cart_price_plugin_allow_negative":"","wc_actions_fire":"on","breakpoint":"25","tab_index":"0","action":{"rows_per_page":10,"group_index":0,"default":[],"columns":[{"id":0,"label":"Action"},{"id":1,"label":"Data"}],"groups":[{"label":"Actions","page":0,"disabled":"","mask_group":"","rows":[]}]},"field_select":"","form_history":"","knowledgebase":"","contact_first_name":"","contact_last_name":"","contact_email":"","contact_inquiry":"","contact_push_form":"","contact_push_system":"","contact_gdpr":"","contact_submit":"","conditional":{"rows_per_page":10,"group_index":0,"default":[],"columns":[{"id":0,"label":"Condition"},{"id":1,"label":"Data"}],"groups":[{"label":"Conditions","page":0,"disabled":"","mask_group":"","rows":[{"id":1,"default":"","disabled":"","required":"","hidden":"","data":["Show Calculations & Final Balance","{\"if\":[{\"conditions\":[{\"id\":1,\"object\":\"field\",\"object_id\":40003,\"object_row_id\":0,\"logic\":\"blank_not\",\"value\":\"\",\"case_sensitive\":true,\"logic_previous\":\"||\"}],\"logic_previous\":\"||\"}],\"then\":[{\"id\":1,\"object\":\"section\",\"object_id\":8596,\"object_row_id\":\"\",\"action\":\"visibility\",\"value\":\"\"},{\"id\":2,\"object\":\"section\",\"object_id\":8597,\"object_row_id\":\"\",\"action\":\"visibility\",\"value\":\"\"}],\"else\":[{\"id\":1,\"object\":\"section\",\"object_id\":8596,\"object_row_id\":\"\",\"action\":\"visibility\",\"value\":\"off\"},{\"id\":2,\"object\":\"section\",\"object_id\":8597,\"object_row_id\":\"\",\"action\":\"visibility\",\"value\":\"off\"}]}"]},{"id":2,"default":"","disabled":"","required":"","hidden":"","data":["New condition","{\"if\":[{\"conditions\":[{\"id\":2,\"object\":\"field\",\"object_id\":40008,\"object_row_id\":0,\"logic\":\"blank_not\",\"value\":\"\",\"case_sensitive\":true,\"logic_previous\":\"||\"}],\"logic_previous\":\"||\"}],\"then\":[{\"id\":1,\"object\":\"field\",\"object_id\":40015,\"object_row_id\":\"\",\"action\":\"visibility\",\"value\":\"\"},{\"id\":2,\"object\":\"field\",\"object_id\":40017,\"object_row_id\":\"\",\"action\":\"visibility\",\"value\":\"\"}],\"else\":[{\"id\":2,\"object\":\"field\",\"object_id\":40015,\"object_row_id\":\"\",\"action\":\"visibility\",\"value\":\"off\"},{\"id\":3,\"object\":\"field\",\"object_id\":40017,\"object_row_id\":\"\",\"action\":\"visibility\",\"value\":\"off\"}]}"]}]}]}},"identifier":"ws_form","version":"1.7.83","time":1603481714,"checksum":"566fd33f370fc19017abfaa0881b6539"}