{"label":"Paycheck","status":"draft","count_stat_view":"0","count_stat_save":"0","count_stat_submit":"0","count_submit":0,"count_submit_unread":"0","id":"2751","groups":[{"label":"Tab","sort_index":"1","id":"4836","sections":[{"label":"Section","child_count":"0","sort_index":"2","id":"8531","meta":{"label_render":"","hidden_section":"","section_repeatable":"","section_repeat_label":"","section_repeat_default":"","class_single_vertical_align":"","class_section_wrapper":"","disabled_section":"","section_repeat_min":"","section_repeat_max":"","section_repeatable_delimiter_section":",","section_repeatable_delimiter_row":";","breakpoint_size_25":"","breakpoint_size_50":"","breakpoint_size_75":"","breakpoint_size_100":"","breakpoint_size_150":""},"fields":[{"label":"Weekly Hours Worked","type":"range","date_updated":"2020-10-23 19:33:52","sort_index":"1","id":"39846","meta":{"label_render":"on","hidden":"","default_value":"40","help":"#value hours","aria_label":"","exclude_email":"","wc_exclude_cart":"","hidden_bypass":"","label_position":"default","label_column_width":"default","class_single_vertical_align":"","class_fill_lower_track":"","class_field_wrapper":"","class_field":"","disabled":"","min":"0","max":"168","step":"","dedupe":"","dedupe_message":"","invalid_feedback_render":"on","invalid_feedback":"","custom_attributes":[],"data_grid_datalist":{"rows_per_page":10,"group_index":0,"default":[],"columns":[{"id":0,"label":"Value"},{"id":1,"label":"Label"}],"groups":[{"label":"Values","page":0,"disabled":"","mask_group":"","rows":[]}]},"datalist_field_text":"1","datalist_field_value":"0","breakpoint_sizes":"","data_source_id":"","wsf-data-grid-auto-group":"0"}},{"label":"Calculation Method","type":"radio","date_updated":"2020-10-23 19:33:52","sort_index":"2","id":"39847","meta":{"label_render":"on","required":"","hidden":"","help":"","orientation":"horizontal","aria_label":"","exclude_email":"","wc_exclude_cart":"","hidden_bypass":"","label_position":"default","label_column_width":"default","class_single_vertical_align":"","class_field_wrapper":"","class_field":"","dedupe_value_scope":"","invalid_feedback_render":"on","invalid_feedback":"","data_grid_radio":{"rows_per_page":10,"group_index":0,"default":[],"columns":[{"id":0,"label":"Label"}],"groups":[{"label":"Radios","page":0,"disabled":"","mask_group":"","label_render":"on","rows":[{"id":1,"default":"on","required":"","disabled":"","hidden":"","data":["Annual Salary"]},{"id":2,"default":"","required":"","disabled":"","hidden":"","data":["Hourly Wage"]}]}]},"data_grid_rows_randomize":"","radio_field_label":"0","radio_field_value":"0","radio_field_parse_variable":"0","radio_field_wc":"0","radio_cascade":"","radio_cascade_field_filter":"0","radio_cascade_field_id":"","radio_cascade_no_match":"","breakpoint_size_25":"","orientation_breakpoint_sizes":"","breakpoint_sizes":"","data_source_id":"","wsf-data-grid-auto-group":"0","breakpoint_size_50":"6"}},{"label":"Annual Salary","type":"number","date_updated":"2020-10-23 19:49:59","sort_index":"3","id":"39848","meta":{"label_render":"on","required":"","hidden":"","autocomplete_off":"","default_value":"","placeholder":"","help":"","prepend":"#ecommerce_currency_symbol","append":"","aria_label":"","exclude_email":"","wc_exclude_cart":"","hidden_bypass":"","label_position":"default","label_column_width":"default","class_single_vertical_align":"","class_field_wrapper":"","class_field":"","disabled":"","readonly":"","min":"0","max":"","step":"","dedupe":"","dedupe_message":"","invalid_feedback_render":"on","invalid_feedback":"","custom_attributes":[],"data_grid_datalist":{"rows_per_page":10,"group_index":0,"default":[],"columns":[{"id":0,"label":"Value"},{"id":1,"label":"Label"}],"groups":[{"label":"Values","page":0,"disabled":"","mask_group":"","rows":[]}]},"datalist_field_text":"1","datalist_field_value":"0","breakpoint_size_50":"6","breakpoint_sizes":"","data_source_id":"","wsf-data-grid-auto-group":"0"}},{"label":"Hourly Wage","type":"number","date_updated":"2020-10-23 19:33:52","sort_index":"4","id":"39849","meta":{"label_render":"on","required":"","hidden":"","autocomplete_off":"","default_value":"","placeholder":"","help":"","prepend":"$","append":"","aria_label":"","exclude_email":"","wc_exclude_cart":"","hidden_bypass":"","label_position":"default","label_column_width":"default","class_single_vertical_align":"","class_field_wrapper":"","class_field":"","disabled":"","readonly":"","min":"0","max":"","step":"","dedupe":"","dedupe_message":"","invalid_feedback_render":"on","invalid_feedback":"","custom_attributes":[],"data_grid_datalist":{"rows_per_page":10,"group_index":0,"default":[],"columns":[{"id":0,"label":"Value"},{"id":1,"label":"Label"}],"groups":[{"label":"Values","page":0,"disabled":"","mask_group":"","rows":[]}]},"datalist_field_text":"1","datalist_field_value":"0","breakpoint_size_50":"6","breakpoint_sizes":"","data_source_id":"","wsf-data-grid-auto-group":"0"}}]},{"label":"Section","child_count":"0","sort_index":"3","id":"8532","meta":{"label_render":"","hidden_section":"","section_repeatable":"","section_repeat_label":"","section_repeat_default":"","class_single_vertical_align":"","class_section_wrapper":"","disabled_section":"","section_repeat_min":"","section_repeat_max":"","section_repeatable_delimiter_section":",","section_repeatable_delimiter_row":";","breakpoint_size_25":"","breakpoint_size_50":"","breakpoint_size_75":"","breakpoint_size_100":"","breakpoint_size_150":""},"fields":[{"label":"Calculate average net income?","type":"radio","date_updated":"2020-10-23 19:33:52","sort_index":"1","id":"39850","meta":{"label_render":"on","required":"","hidden":"","help":"","orientation":"horizontal","aria_label":"","exclude_email":"","wc_exclude_cart":"","hidden_bypass":"","label_position":"default","label_column_width":"default","class_single_vertical_align":"","class_field_wrapper":"","class_field":"","dedupe_value_scope":"","invalid_feedback_render":"on","invalid_feedback":"","data_grid_radio":{"rows_per_page":10,"group_index":0,"default":[],"columns":[{"id":0,"label":"Label"}],"groups":[{"label":"Radios","page":0,"disabled":"","mask_group":"","label_render":"on","rows":[{"id":1,"default":"","required":"","disabled":"","hidden":"","data":["Yes"]},{"id":2,"default":"on","required":"","disabled":"","hidden":"","data":["No"]}]}]},"data_grid_rows_randomize":"","radio_field_label":"0","radio_field_value":"0","radio_field_parse_variable":"0","radio_field_wc":"0","radio_cascade":"","radio_cascade_field_filter":"0","radio_cascade_field_id":"","radio_cascade_no_match":"","breakpoint_size_25":"","orientation_breakpoint_sizes":"","breakpoint_sizes":"","data_source_id":"","wsf-data-grid-auto-group":"0","breakpoint_size_50":"6"}},{"label":"Income Tax Rate","type":"number","date_updated":"2020-10-23 19:57:26","sort_index":"2","id":"39851","meta":{"label_render":"on","required":"","hidden":"","autocomplete_off":"","default_value":"","placeholder":"","help":"","prepend":"","append":"%","aria_label":"","exclude_email":"","wc_exclude_cart":"","hidden_bypass":"","label_position":"default","label_column_width":"default","class_single_vertical_align":"","class_field_wrapper":"","class_field":"","disabled":"","readonly":"","min":"0","max":"","step":"","dedupe":"","dedupe_message":"","invalid_feedback_render":"on","invalid_feedback":"","custom_attributes":[],"data_grid_datalist":{"rows_per_page":10,"group_index":0,"default":[],"columns":[{"id":0,"label":"Value"},{"id":1,"label":"Label"}],"groups":[{"label":"Values","page":0,"disabled":"","mask_group":"","rows":[]}]},"datalist_field_text":"1","datalist_field_value":"0","breakpoint_sizes":"","data_source_id":"","wsf-data-grid-auto-group":"0","breakpoint_size_25":"","breakpoint_size_50":"6"}}]},{"label":"Annual Calculations","child_count":"0","sort_index":"4","id":"8534","meta":{"label_render":"","hidden_section":"","section_repeatable":"","section_repeat_label":"","section_repeat_default":"","class_single_vertical_align":"","class_section_wrapper":"","disabled_section":"","section_repeat_min":"","section_repeat_max":"","section_repeatable_delimiter_section":",","section_repeatable_delimiter_row":";","breakpoint_size_25":"","breakpoint_size_50":"6","breakpoint_size_75":"","breakpoint_size_100":"","breakpoint_size_150":""},"fields":[{"label":"Annual","type":"hidden","date_updated":"2020-10-23 19:33:52","sort_index":"1","id":"39854","meta":{"default_value":"#calc(#field(39848))","exclude_email":"on","wc_exclude_cart":"on"}},{"label":"Monthly","type":"hidden","date_updated":"2020-10-23 19:33:52","sort_index":"2","id":"39853","meta":{"default_value":"#calc(#field(39848) \/ 12)","exclude_email":"on","wc_exclude_cart":"on"}},{"label":"Weekly","type":"hidden","date_updated":"2020-10-23 19:33:52","sort_index":"3","id":"39855","meta":{"default_value":"#calc(#field(39848) \/ 52)","exclude_email":"on","wc_exclude_cart":"on"}},{"label":"Daily","type":"hidden","date_updated":"2020-10-23 19:33:52","sort_index":"4","id":"39856","meta":{"default_value":"#calc(#field(39855) \/ 7)","exclude_email":"on","wc_exclude_cart":"on"}},{"label":"Hourly","type":"hidden","date_updated":"2020-10-23 19:33:52","sort_index":"6","id":"39857","meta":{"default_value":"#calc(#field(39855) \/ #field(39846))","exclude_email":"on","wc_exclude_cart":"on"}}]},{"label":"Hourly Calculations","child_count":"0","sort_index":"5","id":"8558","meta":{"label_render":"","hidden_section":"","section_repeatable":"","section_repeat_label":"","section_repeat_default":"","class_single_vertical_align":"","class_section_wrapper":"","disabled_section":"","section_repeat_min":"","section_repeat_max":"","section_repeatable_delimiter_section":",","section_repeatable_delimiter_row":";","breakpoint_size_25":"","breakpoint_size_50":"6","breakpoint_size_75":"","breakpoint_size_100":"","breakpoint_size_150":""},"fields":[{"label":"Annual","type":"hidden","date_updated":"2020-10-23 19:33:52","sort_index":"1","id":"39920","meta":{"default_value":"#calc(#field(39849) * #field(39846) * 52)","exclude_email":"on","wc_exclude_cart":"on"}},{"label":"Monthly","type":"hidden","date_updated":"2020-10-23 19:33:52","sort_index":"2","id":"39921","meta":{"default_value":"#calc(#field(39920) \/ 12)","exclude_email":"on","wc_exclude_cart":"on"}},{"label":"Weekly","type":"hidden","date_updated":"2020-10-23 19:33:52","sort_index":"3","id":"39922","meta":{"default_value":"#calc(#field(39849) * #field(39846))","exclude_email":"on","wc_exclude_cart":"on"}},{"label":"Daily","type":"hidden","date_updated":"2020-10-23 19:33:52","sort_index":"4","id":"39932","meta":{"default_value":"#calc(#field(39922) \/ 7)","exclude_email":"on","wc_exclude_cart":"on"}},{"label":"Hourly","type":"hidden","date_updated":"2020-10-23 19:33:52","sort_index":"5","id":"39933","meta":{"default_value":"#calc(#field(39922))","exclude_email":"on","wc_exclude_cart":"on"}}]},{"label":"Paycheck","child_count":"0","sort_index":"6","id":"8533","meta":{"label_render":"on","hidden_section":"","section_repeatable":"","section_repeat_label":"","section_repeat_default":"","class_single_vertical_align":"","class_section_wrapper":"","disabled_section":"","section_repeat_min":"","section_repeat_max":"","section_repeatable_delimiter_section":",","section_repeatable_delimiter_row":";","breakpoint_size_25":"","breakpoint_size_50":"6","breakpoint_size_75":"","breakpoint_size_100":"","breakpoint_size_150":"","breakpoint_sizes":""},"fields":[{"label":"Annual","type":"texteditor","date_updated":"2020-10-23 19:33:52","sort_index":"1","id":"39852","meta":{"hidden":"","text_editor":"Annual: <strong>#ecommerce_price(#calc(#field(39854)))<\/strong>","exclude_email":"on","wc_exclude_cart":"on","class_single_vertical_align":"","class_field_wrapper":"","html_editor":"","breakpoint_sizes":""}},{"label":"Monthly","type":"texteditor","date_updated":"2020-10-23 19:33:52","sort_index":"2","id":"39969","meta":{"hidden":"","text_editor":"Monthly: <strong>#ecommerce_price(#calc(#field(39853)))<\/strong>","exclude_email":"on","wc_exclude_cart":"on","class_single_vertical_align":"","class_field_wrapper":"","html_editor":"","breakpoint_sizes":""}},{"label":"Weekly","type":"texteditor","date_updated":"2020-10-23 19:33:52","sort_index":"3","id":"39970","meta":{"hidden":"","text_editor":"Weekly: <strong>#ecommerce_price(#calc(#field(39855)))<\/strong>","exclude_email":"on","wc_exclude_cart":"on","class_single_vertical_align":"","class_field_wrapper":"","html_editor":"","breakpoint_sizes":""}},{"label":"Daily","type":"texteditor","date_updated":"2020-10-23 19:38:58","sort_index":"4","id":"39972","meta":{"hidden":"","text_editor":"Daily: <strong>#ecommerce_price(#calc(#field(39856)))<\/strong>","exclude_email":"on","wc_exclude_cart":"on","class_single_vertical_align":"","class_field_wrapper":"","html_editor":"","breakpoint_sizes":""}},{"label":"Hourly","type":"texteditor","date_updated":"2020-10-23 19:38:33","sort_index":"5","id":"39973","meta":{"hidden":"","text_editor":"Hourly: <strong>#ecommerce_price(#calc(#field(39857)))<\/strong>","exclude_email":"on","wc_exclude_cart":"on","class_single_vertical_align":"","class_field_wrapper":"","html_editor":"","breakpoint_sizes":""}}]},{"label":"Paycheck","child_count":"0","sort_index":"7","id":"8568","meta":{"label_render":"on","hidden_section":"","section_repeatable":"","section_repeat_label":"","section_repeat_default":"","class_single_vertical_align":"","class_section_wrapper":"","disabled_section":"","section_repeat_min":"","section_repeat_max":"","section_repeatable_delimiter_section":",","section_repeatable_delimiter_row":";","breakpoint_size_25":"","breakpoint_size_50":"6","breakpoint_size_75":"","breakpoint_size_100":"","breakpoint_size_150":"","breakpoint_sizes":""},"fields":[{"label":"Annual","type":"texteditor","date_updated":"2020-10-23 19:33:52","sort_index":"1","id":"39938","meta":{"hidden":"","text_editor":"Annual: <strong>#ecommerce_price(#calc(#field(39920)))<\/strong>","exclude_email":"on","wc_exclude_cart":"on","class_single_vertical_align":"","class_field_wrapper":"","html_editor":"","breakpoint_sizes":""}},{"label":"Monthly","type":"texteditor","date_updated":"2020-10-23 19:33:52","sort_index":"2","id":"39965","meta":{"hidden":"","text_editor":"Monthly: <strong>#ecommerce_price(#calc(#field(39921)))<\/strong>","exclude_email":"on","wc_exclude_cart":"on","class_single_vertical_align":"","class_field_wrapper":"","html_editor":"","breakpoint_sizes":""}},{"label":"Weekly","type":"texteditor","date_updated":"2020-10-23 19:39:05","sort_index":"3","id":"39966","meta":{"hidden":"","text_editor":"Weekly: <strong>#ecommerce_price(#calc(#field(39922)))<\/strong>","exclude_email":"on","wc_exclude_cart":"on","class_single_vertical_align":"","class_field_wrapper":"","html_editor":"","breakpoint_sizes":""}},{"label":"Daily","type":"texteditor","date_updated":"2020-10-23 19:39:12","sort_index":"4","id":"39967","meta":{"hidden":"","text_editor":"Daily: <strong>#ecommerce_price(#calc(#field(39932)))<\/strong>","exclude_email":"on","wc_exclude_cart":"on","class_single_vertical_align":"","class_field_wrapper":"","html_editor":"","breakpoint_sizes":""}},{"label":"Hourly","type":"texteditor","date_updated":"2020-10-23 19:33:52","sort_index":"5","id":"39968","meta":{"hidden":"","text_editor":"Hourly: <strong>#ecommerce_price(#calc(#field(39933)))<\/strong>","exclude_email":"on","wc_exclude_cart":"on","class_single_vertical_align":"","class_field_wrapper":"","html_editor":"","breakpoint_sizes":""}}]},{"label":"Section","child_count":"0","sort_index":"8","id":"8567","meta":{"label_render":"","hidden_section":"","section_repeatable":"","section_repeat_label":"","section_repeat_default":"","class_single_vertical_align":"","class_section_wrapper":"","disabled_section":"","section_repeat_min":"","section_repeat_max":"","section_repeatable_delimiter_section":",","section_repeatable_delimiter_row":";","breakpoint_size_25":"","breakpoint_size_50":"","breakpoint_size_75":"","breakpoint_size_100":"","breakpoint_size_150":""},"fields":[{"label":"Total Income Tax","type":"hidden","date_updated":"2020-10-23 19:33:52","sort_index":"1","id":"39936","meta":{"default_value":"#calc((#field(39920)+#field(39848)) - #field(39937))","exclude_email":"on","wc_exclude_cart":"on"}},{"label":"Annual Net Income","type":"hidden","date_updated":"2020-10-23 19:33:53","sort_index":"1","id":"39937","meta":{"default_value":"#calc((#field(39920) + #field(39848)) - (#field(39920) + #field(39848)) * (#field(39851) * .01))","exclude_email":"on","wc_exclude_cart":"on"}},{"label":"Total Income Tax","type":"texteditor","date_updated":"2020-10-23 19:33:53","sort_index":"1","id":"39961","meta":{"hidden":"","text_editor":"<h3>Total Income Tax: #ecommerce_price(#calc((#field(39920)+#field(39848)) - #field(39937)))<\/h3>","exclude_email":"on","wc_exclude_cart":"on","class_single_vertical_align":"","class_field_wrapper":"","breakpoint_sizes":"","html_editor":"","breakpoint_size_50":"6"}},{"label":"Annual Net Income","type":"texteditor","date_updated":"2020-10-23 19:33:53","sort_index":"2","id":"39962","meta":{"hidden":"","text_editor":"<h3>Annual Net Income: #ecommerce_price(#calc((#field(39920) + #field(39848)) - (#field(39920) + #field(39848)) * (#field(39851) * .01)))<\/h3>","exclude_email":"on","wc_exclude_cart":"on","class_single_vertical_align":"","class_field_wrapper":"","breakpoint_size_50":"6","breakpoint_sizes":"","html_editor":""}}]}],"meta":{"label_render":"","class_group_wrapper":""}}],"meta":{"label_render":"","submit_on_enter":"","invalid_field_focus":"on","submit_lock":"on","submit_unlock":"on","submit_reload":"on","submit_show_errors":"on","form_action":"","cookie_tab_index":"on","tab_validation":"","label_position_form":"top","label_column_width_form":"3","label_required":"on","label_mask_required":"","class_form_wrapper":"","class_group_wrapper":"","class_section_wrapper":"","class_field_wrapper":"","class_field":"","label_mask_form":"","label_mask_group":"","label_mask_section":"","action_humanpresence_intro":"","action_humanpresence_not_enabled":"","action_akismetv1_intro":"","action_akismetv1_not_enabled":"","honeypot":"","spam_threshold":"50","submit_limit":"","submit_limit_count":"","submit_limit_period":"","submit_limit_message":"","submit_limit_message_type":"information","schedule_start":"","schedule_start_datetime":"","schedule_start_message":"","schedule_start_message_type":"information","schedule_end":"","schedule_end_datetime":"","schedule_end_message":"","schedule_end_message_type":"information","user_limit_logged_in":"","user_limit_logged_in_message_type":"danger","user_limit_logged_in_message":"","analytics_google":"","analytics_google_event_tab":"on","analytics_google_event_field":"on","tracking_remote_ip":"","tracking_agent":"","tracking_referrer":"","tracking_os":"","tracking_host":"","tracking_pathname":"","tracking_query_string":"","tracking_geo_location":"","tracking_ip_lookup_latlon":"","tracking_ip_lookup_city":"","tracking_ip_lookup_region":"","tracking_ip_lookup_country":"","tracking_utm_source":"","tracking_utm_medium":"","tracking_utm_campaign":"","tracking_utm_term":"","tracking_utm_content":"","form_populate_enabled":"","form_populate_action_id":"","form_populate_list_id":"","action_post_form_populate_post_id":"","action_user_form_populate_field_mapping":"","form_populate_field_mapping":"","action_post_form_populate_field_mapping_acf":"","action_post_form_populate_meta_mapping":"","action_user_form_populate_field_mapping_acf":"","action_user_form_populate_meta_mapping":"","form_populate_tag_mapping":"","wc_form_assign_intro":"","wc_form_assign":"","wc_form_assign_product_cat_include_mapping":"","wc_form_assign_product_tag_include_mapping":"","wc_form_assign_product_include_mapping":"","wc_form_assign_product_cat_exclude_mapping":"","wc_form_assign_product_tag_exclude_mapping":"","wc_form_assign_product_exclude_mapping":"","wc_catalog_add_to_cart_text":"Select options","wc_price_disable":"","wc_price_prefix":"","wc_price_suffix":"","wc_product_price_variation_hide":"","wc_product_add_to_cart_hide":"","wc_product_quantity_hide":"","wc_product_form_validate":"","wc_product_clear_hidden_meta_values":"on","wc_cart_edit":"","wc_cart_price_plugin_allow_negative":"","wc_actions_fire":"on","breakpoint":"25","tab_index":"0","action":{"rows_per_page":10,"group_index":0,"default":[],"columns":[{"id":0,"label":"Action"},{"id":1,"label":"Data"}],"groups":[{"label":"Actions","page":0,"disabled":"","mask_group":"","rows":[]}]},"field_select":"","form_history":"","knowledgebase":"","contact_first_name":"","contact_last_name":"","contact_email":"","contact_inquiry":"","contact_push_form":"","contact_push_system":"","contact_gdpr":"","contact_submit":"","conditional":{"rows_per_page":10,"group_index":0,"default":[],"columns":[{"id":0,"label":"Condition"},{"id":1,"label":"Data"}],"groups":[{"label":"Conditions","page":0,"disabled":"","mask_group":"","rows":[{"id":1,"default":"","disabled":"","required":"","hidden":"","data":["Annual Salary","{\"if\":[{\"conditions\":[{\"id\":1,\"object\":\"field\",\"object_id\":39847,\"object_row_id\":\"1\",\"logic\":\"checked\",\"value\":\"\",\"case_sensitive\":true,\"logic_previous\":\"||\"}],\"logic_previous\":\"||\"}],\"then\":[{\"id\":1,\"object\":\"field\",\"object_id\":39848,\"object_row_id\":\"\",\"action\":\"visibility\",\"value\":\"\"}],\"else\":[{\"id\":2,\"object\":\"field\",\"object_id\":39848,\"object_row_id\":\"\",\"action\":\"visibility\",\"value\":\"off\"},{\"id\":3,\"object\":\"field\",\"object_id\":\"39848\",\"object_row_id\":\"\",\"action\":\"reset\",\"value\":\"\"}]}"]},{"id":2,"default":"","disabled":"","required":"","hidden":"","data":["Hourly Wage","{\"if\":[{\"conditions\":[{\"id\":2,\"object\":\"field\",\"object_id\":39847,\"object_row_id\":\"2\",\"logic\":\"checked\",\"value\":\"\",\"case_sensitive\":true,\"logic_previous\":\"||\"}],\"logic_previous\":\"||\"}],\"then\":[{\"id\":1,\"object\":\"field\",\"object_id\":39849,\"object_row_id\":\"\",\"action\":\"visibility\",\"value\":\"\"}],\"else\":[{\"id\":2,\"object\":\"field\",\"object_id\":39849,\"object_row_id\":\"\",\"action\":\"visibility\",\"value\":\"off\"},{\"id\":3,\"object\":\"field\",\"object_id\":\"39849\",\"object_row_id\":\"\",\"action\":\"reset\",\"value\":\"\"}]}"]},{"id":3,"default":"","disabled":"","required":"","hidden":"","data":["Calculate average net income?","{\"if\":[{\"conditions\":[{\"id\":3,\"object\":\"field\",\"object_id\":39850,\"object_row_id\":\"1\",\"logic\":\"checked\",\"value\":\"\",\"case_sensitive\":true,\"logic_previous\":\"||\"}],\"logic_previous\":\"||\"}],\"then\":[{\"id\":1,\"object\":\"field\",\"object_id\":39851,\"object_row_id\":\"\",\"action\":\"visibility\",\"value\":\"\"},{\"id\":2,\"object\":\"section\",\"object_id\":\"8567\",\"object_row_id\":\"\",\"action\":\"visibility\",\"value\":\"\"}],\"else\":[{\"id\":1,\"object\":\"field\",\"object_id\":39851,\"object_row_id\":\"\",\"action\":\"visibility\",\"value\":\"off\"},{\"id\":2,\"object\":\"field\",\"object_id\":\"39851\",\"object_row_id\":\"\",\"action\":\"reset\",\"value\":\"\"},{\"id\":3,\"object\":\"section\",\"object_id\":\"8567\",\"object_row_id\":\"\",\"action\":\"visibility\",\"value\":\"off\"}]}"]},{"id":4,"default":"","disabled":"","required":"","hidden":"","data":["Annual Calculations","{\"if\":[{\"conditions\":[{\"id\":4,\"object\":\"field\",\"object_id\":\"39848\",\"object_row_id\":0,\"logic\":\"blank_not\",\"value\":\"\",\"case_sensitive\":true,\"logic_previous\":\"||\"}],\"logic_previous\":\"||\"}],\"then\":[{\"id\":1,\"object\":\"section\",\"object_id\":\"8533\",\"object_row_id\":\"\",\"action\":\"visibility\",\"value\":\"\"}],\"else\":[{\"id\":1,\"object\":\"section\",\"object_id\":\"8533\",\"object_row_id\":\"\",\"action\":\"visibility\",\"value\":\"off\"}]}"]},{"id":5,"default":"","disabled":"","required":"","hidden":"","data":["Hourly Calculations","{\"if\":[{\"conditions\":[{\"id\":5,\"object\":\"field\",\"object_id\":\"39849\",\"object_row_id\":0,\"logic\":\"blank_not\",\"value\":\"\",\"case_sensitive\":true,\"logic_previous\":\"||\"}],\"logic_previous\":\"||\"}],\"then\":[{\"id\":1,\"object\":\"section\",\"object_id\":\"8568\",\"object_row_id\":\"\",\"action\":\"visibility\",\"value\":\"\"}],\"else\":[{\"id\":1,\"object\":\"section\",\"object_id\":\"8568\",\"object_row_id\":\"\",\"action\":\"visibility\",\"value\":\"off\"}]}"]},{"id":6,"default":"","disabled":"","required":"","hidden":"","data":["Totals","{\"if\":[{\"conditions\":[{\"id\":3,\"object\":\"field\",\"object_id\":\"39848\",\"object_row_id\":0,\"logic\":\"blank_not\",\"value\":\"\",\"case_sensitive\":true,\"logic_previous\":\"||\"},{\"id\":4,\"object\":\"field\",\"object_id\":\"39849\",\"object_row_id\":0,\"logic\":\"blank_not\",\"value\":\"\",\"case_sensitive\":true,\"logic_previous\":\"||\"}],\"logic_previous\":\"||\"},{\"conditions\":[{\"id\":5,\"object\":\"field\",\"object_id\":\"39850\",\"object_row_id\":\"1\",\"logic\":\"checked\",\"value\":\"\",\"case_sensitive\":true,\"logic_previous\":\"||\"}],\"logic_previous\":\"&&\"}],\"then\":[{\"id\":1,\"object\":\"section\",\"object_id\":\"8567\",\"object_row_id\":\"\",\"action\":\"visibility\",\"value\":\"\"}],\"else\":[{\"id\":1,\"object\":\"section\",\"object_id\":\"8567\",\"object_row_id\":\"\",\"action\":\"visibility\",\"value\":\"off\"}]}"]},{"id":7,"default":"","disabled":"","required":"","hidden":"","data":["Total Income Tax","{\"if\":[{\"conditions\":[{\"id\":4,\"object\":\"field\",\"object_id\":\"39851\",\"object_row_id\":0,\"logic\":\"blank_not\",\"value\":\"\",\"case_sensitive\":true,\"logic_previous\":\"||\"}],\"logic_previous\":\"||\"}],\"then\":[{\"id\":1,\"object\":\"field\",\"object_id\":\"39961\",\"object_row_id\":\"\",\"action\":\"visibility\",\"value\":\"\"}],\"else\":[{\"id\":1,\"object\":\"field\",\"object_id\":\"39961\",\"object_row_id\":\"\",\"action\":\"visibility\",\"value\":\"off\"}]}"]}]}]}},"identifier":"ws_form","version":"1.7.83","time":1603483136,"checksum":"265982116ad5ff6a94613afbef5d56d2"}