{"label":"Basic Arithmetic","status":"draft","count_stat_view":"0","count_stat_save":"0","count_stat_submit":"0","count_submit":0,"count_submit_unread":"0","id":"2946","groups":[{"label":"Arithmetic","sort_index":"1","id":"4964","sections":[{"label":"Addition","child_count":"0","sort_index":"1","id":"11201","meta":{"label_render":"on","hidden_section":"","section_repeatable":"","section_repeat_label":"","section_repeat_default":"","class_single_vertical_align":"","conversational_full_height_section":"","class_section_wrapper":"","disabled_section":"","section_user_status":"","section_user_roles":"","section_user_capabilities":"","section_repeat_min":"","section_repeat_max":"","section_repeatable_delimiter_section":",","section_repeatable_delimiter_row":";","breakpoint_sizes":"","breakpoint_size_75":"6"},"fields":[{"label":"Input A","type":"number","date_updated":"2021-11-21 21:47:39","sort_index":"1","id":"59108","meta":{"label_render":"on","required":"","hidden":"","default_value":"3","placeholder":"","help":"","autocomplete":"","prepend":"","append":"","aria_label":"","exclude_email":"","wc_exclude_cart":"","hidden_bypass":"","label_position":"default","label_column_width":"default","class_single_vertical_align":"","class_field_wrapper":"","class_field":"","disabled":"","readonly":"","min":"","max":"","step":"any","field_user_status":"","field_user_roles":[],"field_user_capabilities":[],"dedupe":"","dedupe_period":"","dedupe_message":"","invalid_feedback_render":"on","invalid_feedback":"","custom_attributes":[],"data_grid_datalist":{"rows_per_page":10,"group_index":0,"default":[],"columns":[{"id":0,"label":"Value"},{"id":1,"label":"Label"}],"groups":[{"label":"Values","page":0,"disabled":"","mask_group":"","rows":[]}]},"datalist_field_text":"1","datalist_field_value":"0","autocomplete_off":"","breakpoint_size_25":"4","breakpoint_sizes":"","wsf-data-grid-auto-group":"0","data_source_id":""}},{"label":"Input B","type":"number","date_updated":"2021-11-21 21:47:43","sort_index":"2","id":"59109","meta":{"label_render":"on","required":"","hidden":"","default_value":"6","placeholder":"","help":"","autocomplete":"","prepend":"","append":"","aria_label":"","exclude_email":"","wc_exclude_cart":"","hidden_bypass":"","label_position":"default","label_column_width":"default","class_single_vertical_align":"","class_field_wrapper":"","class_field":"","disabled":"","readonly":"","min":"","max":"","step":"any","field_user_status":"","field_user_roles":[],"field_user_capabilities":[],"dedupe":"","dedupe_period":"","dedupe_message":"","invalid_feedback_render":"on","invalid_feedback":"","custom_attributes":[],"data_grid_datalist":{"rows_per_page":10,"group_index":0,"default":[],"columns":[{"id":0,"label":"Value"},{"id":1,"label":"Label"}],"groups":[{"label":"Values","page":0,"disabled":"","mask_group":"","rows":[]}]},"datalist_field_text":"1","datalist_field_value":"0","autocomplete_off":"","breakpoint_size_25":"4","breakpoint_sizes":"","wsf-data-grid-auto-group":"0","data_source_id":""}},{"label":"Output","type":"number","date_updated":"2021-11-21 21:47:15","sort_index":"3","id":"59110","meta":{"label_render":"on","required":"","hidden":"","default_value":"#calc(#field(59108) + #field(59109))","placeholder":"","help":"","autocomplete":"","prepend":"","append":"","aria_label":"","exclude_email":"","wc_exclude_cart":"","hidden_bypass":"","label_position":"default","label_column_width":"default","class_single_vertical_align":"","class_field_wrapper":"","class_field":"","disabled":"","readonly":"on","min":"","max":"","step":"any","field_user_status":"","field_user_roles":[],"field_user_capabilities":[],"dedupe":"","dedupe_period":"","dedupe_message":"","invalid_feedback_render":"on","invalid_feedback":"","custom_attributes":[],"data_grid_datalist":{"rows_per_page":10,"group_index":0,"default":[],"columns":[{"id":0,"label":"Value"},{"id":1,"label":"Label"}],"groups":[{"label":"Values","page":0,"disabled":"","mask_group":"","rows":[]}]},"datalist_field_text":"1","datalist_field_value":"0","autocomplete_off":"","breakpoint_size_25":"4","breakpoint_sizes":"","wsf-data-grid-auto-group":"0","data_source_id":""}}]},{"label":"Subtraction","child_count":"0","sort_index":"2","id":"11202","meta":{"label_render":"on","hidden_section":"","section_repeatable":"","section_repeat_label":"","section_repeat_default":"","class_single_vertical_align":"","conversational_full_height_section":"","class_section_wrapper":"","disabled_section":"","section_user_status":"","section_user_roles":"","section_user_capabilities":"","section_repeat_min":"","section_repeat_max":"","section_repeatable_delimiter_section":",","section_repeatable_delimiter_row":";","breakpoint_sizes":"","breakpoint_size_75":"6","breakpoint_offset_75":"0"},"fields":[{"label":"Input A","type":"number","date_updated":"2021-11-21 21:47:48","sort_index":"1","id":"59111","meta":{"label_render":"on","required":"","hidden":"","default_value":"9","placeholder":"","help":"","autocomplete":"","prepend":"","append":"","aria_label":"","exclude_email":"","wc_exclude_cart":"","hidden_bypass":"","label_position":"default","label_column_width":"default","class_single_vertical_align":"","class_field_wrapper":"","class_field":"","disabled":"","readonly":"","min":"","max":"","step":"any","field_user_status":"","field_user_roles":[],"field_user_capabilities":[],"dedupe":"","dedupe_period":"","dedupe_message":"","invalid_feedback_render":"on","invalid_feedback":"","custom_attributes":[],"data_grid_datalist":{"rows_per_page":10,"group_index":0,"default":[],"columns":[{"id":0,"label":"Value"},{"id":1,"label":"Label"}],"groups":[{"label":"Values","page":0,"disabled":"","mask_group":"","rows":[]}]},"datalist_field_text":"1","datalist_field_value":"0","autocomplete_off":"","breakpoint_size_25":"4","breakpoint_sizes":"","wsf-data-grid-auto-group":"0","data_source_id":""}},{"label":"Input B","type":"number","date_updated":"2021-11-21 21:47:54","sort_index":"2","id":"59112","meta":{"label_render":"on","required":"","hidden":"","default_value":"6","placeholder":"","help":"","autocomplete":"","prepend":"","append":"","aria_label":"","exclude_email":"","wc_exclude_cart":"","hidden_bypass":"","label_position":"default","label_column_width":"default","class_single_vertical_align":"","class_field_wrapper":"","class_field":"","disabled":"","readonly":"","min":"","max":"","step":"any","field_user_status":"","field_user_roles":[],"field_user_capabilities":[],"dedupe":"","dedupe_period":"","dedupe_message":"","invalid_feedback_render":"on","invalid_feedback":"","custom_attributes":[],"data_grid_datalist":{"rows_per_page":10,"group_index":0,"default":[],"columns":[{"id":0,"label":"Value"},{"id":1,"label":"Label"}],"groups":[{"label":"Values","page":0,"disabled":"","mask_group":"","rows":[]}]},"datalist_field_text":"1","datalist_field_value":"0","autocomplete_off":"","breakpoint_size_25":"4","breakpoint_sizes":"","wsf-data-grid-auto-group":"0","data_source_id":""}},{"label":"Output","type":"number","date_updated":"2021-11-21 21:47:23","sort_index":"3","id":"59113","meta":{"label_render":"on","required":"","hidden":"","default_value":"#calc(#field(59111) - #field(59112))","placeholder":"","help":"","autocomplete":"","prepend":"","append":"","aria_label":"","exclude_email":"","wc_exclude_cart":"","hidden_bypass":"","label_position":"default","label_column_width":"default","class_single_vertical_align":"","class_field_wrapper":"","class_field":"","disabled":"","readonly":"on","min":"","max":"","step":"any","field_user_status":"","field_user_roles":[],"field_user_capabilities":[],"dedupe":"","dedupe_period":"","dedupe_message":"","invalid_feedback_render":"on","invalid_feedback":"","custom_attributes":[],"data_grid_datalist":{"rows_per_page":10,"group_index":0,"default":[],"columns":[{"id":0,"label":"Value"},{"id":1,"label":"Label"}],"groups":[{"label":"Values","page":0,"disabled":"","mask_group":"","rows":[]}]},"datalist_field_text":"1","datalist_field_value":"0","autocomplete_off":"","breakpoint_size_25":"4","breakpoint_sizes":"","wsf-data-grid-auto-group":"0","data_source_id":""}}]},{"label":"Multiplication","child_count":"0","sort_index":"3","id":"11203","meta":{"label_render":"on","hidden_section":"","section_repeatable":"","section_repeat_label":"","section_repeat_default":"","class_single_vertical_align":"","conversational_full_height_section":"","class_section_wrapper":"","disabled_section":"","section_user_status":"","section_user_roles":"","section_user_capabilities":"","section_repeat_min":"","section_repeat_max":"","section_repeatable_delimiter_section":",","section_repeatable_delimiter_row":";","breakpoint_sizes":"","breakpoint_size_75":"6"},"fields":[{"label":"Input A","type":"number","date_updated":"2021-11-21 21:47:58","sort_index":"1","id":"59114","meta":{"label_render":"on","required":"","hidden":"","default_value":"9","placeholder":"","help":"","autocomplete":"","prepend":"","append":"","aria_label":"","exclude_email":"","wc_exclude_cart":"","hidden_bypass":"","label_position":"default","label_column_width":"default","class_single_vertical_align":"","class_field_wrapper":"","class_field":"","disabled":"","readonly":"","min":"","max":"","step":"any","field_user_status":"","field_user_roles":[],"field_user_capabilities":[],"dedupe":"","dedupe_period":"","dedupe_message":"","invalid_feedback_render":"on","invalid_feedback":"","custom_attributes":[],"data_grid_datalist":{"rows_per_page":10,"group_index":0,"default":[],"columns":[{"id":0,"label":"Value"},{"id":1,"label":"Label"}],"groups":[{"label":"Values","page":0,"disabled":"","mask_group":"","rows":[]}]},"datalist_field_text":"1","datalist_field_value":"0","autocomplete_off":"","breakpoint_size_25":"4","breakpoint_sizes":"","wsf-data-grid-auto-group":"0","data_source_id":""}},{"label":"Input B","type":"number","date_updated":"2021-11-21 21:48:02","sort_index":"2","id":"59115","meta":{"label_render":"on","required":"","hidden":"","default_value":"6","placeholder":"","help":"","autocomplete":"","prepend":"","append":"","aria_label":"","exclude_email":"","wc_exclude_cart":"","hidden_bypass":"","label_position":"default","label_column_width":"default","class_single_vertical_align":"","class_field_wrapper":"","class_field":"","disabled":"","readonly":"","min":"","max":"","step":"any","field_user_status":"","field_user_roles":[],"field_user_capabilities":[],"dedupe":"","dedupe_period":"","dedupe_message":"","invalid_feedback_render":"on","invalid_feedback":"","custom_attributes":[],"data_grid_datalist":{"rows_per_page":10,"group_index":0,"default":[],"columns":[{"id":0,"label":"Value"},{"id":1,"label":"Label"}],"groups":[{"label":"Values","page":0,"disabled":"","mask_group":"","rows":[]}]},"datalist_field_text":"1","datalist_field_value":"0","autocomplete_off":"","breakpoint_size_25":"4","breakpoint_sizes":"","wsf-data-grid-auto-group":"0","data_source_id":""}},{"label":"Output","type":"number","date_updated":"2021-11-21 21:47:27","sort_index":"3","id":"59116","meta":{"label_render":"on","required":"","hidden":"","default_value":"#calc(#field(59114) * #field(59115))","placeholder":"","help":"","autocomplete":"","prepend":"","append":"","aria_label":"","exclude_email":"","wc_exclude_cart":"","hidden_bypass":"","label_position":"default","label_column_width":"default","class_single_vertical_align":"","class_field_wrapper":"","class_field":"","disabled":"","readonly":"on","min":"","max":"","step":"any","field_user_status":"","field_user_roles":[],"field_user_capabilities":[],"dedupe":"","dedupe_period":"","dedupe_message":"","invalid_feedback_render":"on","invalid_feedback":"","custom_attributes":[],"data_grid_datalist":{"rows_per_page":10,"group_index":0,"default":[],"columns":[{"id":0,"label":"Value"},{"id":1,"label":"Label"}],"groups":[{"label":"Values","page":0,"disabled":"","mask_group":"","rows":[]}]},"datalist_field_text":"1","datalist_field_value":"0","autocomplete_off":"","breakpoint_size_25":"4","breakpoint_sizes":"","wsf-data-grid-auto-group":"0","data_source_id":""}}]},{"label":"Division","child_count":"0","sort_index":"4","id":"11204","meta":{"label_render":"on","hidden_section":"","section_repeatable":"","section_repeat_label":"","section_repeat_default":"","class_single_vertical_align":"","conversational_full_height_section":"","class_section_wrapper":"","disabled_section":"","section_user_status":"","section_user_roles":"","section_user_capabilities":"","section_repeat_min":"","section_repeat_max":"","section_repeatable_delimiter_section":",","section_repeatable_delimiter_row":";","breakpoint_sizes":"","breakpoint_size_75":"6","breakpoint_offset_75":"0"},"fields":[{"label":"Input A","type":"number","date_updated":"2021-11-21 21:48:13","sort_index":"1","id":"59117","meta":{"label_render":"on","required":"","hidden":"","default_value":"9","placeholder":"","help":"","autocomplete":"","prepend":"","append":"","aria_label":"","exclude_email":"","wc_exclude_cart":"","hidden_bypass":"","label_position":"default","label_column_width":"default","class_single_vertical_align":"","class_field_wrapper":"","class_field":"","disabled":"","readonly":"","min":"","max":"","step":"any","field_user_status":"","field_user_roles":[],"field_user_capabilities":[],"dedupe":"","dedupe_period":"","dedupe_message":"","invalid_feedback_render":"on","invalid_feedback":"","custom_attributes":[],"data_grid_datalist":{"rows_per_page":10,"group_index":0,"default":[],"columns":[{"id":0,"label":"Value"},{"id":1,"label":"Label"}],"groups":[{"label":"Values","page":0,"disabled":"","mask_group":"","rows":[]}]},"datalist_field_text":"1","datalist_field_value":"0","autocomplete_off":"","breakpoint_size_25":"4","breakpoint_sizes":"","wsf-data-grid-auto-group":"0","data_source_id":""}},{"label":"Input B","type":"number","date_updated":"2021-11-21 21:48:08","sort_index":"2","id":"59118","meta":{"label_render":"on","required":"","hidden":"","default_value":"6","placeholder":"","help":"","autocomplete":"","prepend":"","append":"","aria_label":"","exclude_email":"","wc_exclude_cart":"","hidden_bypass":"","label_position":"default","label_column_width":"default","class_single_vertical_align":"","class_field_wrapper":"","class_field":"","disabled":"","readonly":"","min":"","max":"","step":"any","field_user_status":"","field_user_roles":[],"field_user_capabilities":[],"dedupe":"","dedupe_period":"","dedupe_message":"","invalid_feedback_render":"on","invalid_feedback":"","custom_attributes":[],"data_grid_datalist":{"rows_per_page":10,"group_index":0,"default":[],"columns":[{"id":0,"label":"Value"},{"id":1,"label":"Label"}],"groups":[{"label":"Values","page":0,"disabled":"","mask_group":"","rows":[]}]},"datalist_field_text":"1","datalist_field_value":"0","autocomplete_off":"","breakpoint_size_25":"4","breakpoint_sizes":"","wsf-data-grid-auto-group":"0","data_source_id":""}},{"label":"Output","type":"number","date_updated":"2021-11-21 21:47:33","sort_index":"3","id":"59119","meta":{"label_render":"on","required":"","hidden":"","default_value":"#calc(#field(59117) \/ #field(59118))","placeholder":"","help":"","autocomplete":"","prepend":"","append":"","aria_label":"","exclude_email":"","wc_exclude_cart":"","hidden_bypass":"","label_position":"default","label_column_width":"default","class_single_vertical_align":"","class_field_wrapper":"","class_field":"","disabled":"","readonly":"on","min":"","max":"","step":"any","field_user_status":"","field_user_roles":[],"field_user_capabilities":[],"dedupe":"","dedupe_period":"","dedupe_message":"","invalid_feedback_render":"on","invalid_feedback":"","custom_attributes":[],"data_grid_datalist":{"rows_per_page":10,"group_index":0,"default":[],"columns":[{"id":0,"label":"Value"},{"id":1,"label":"Label"}],"groups":[{"label":"Values","page":0,"disabled":"","mask_group":"","rows":[]}]},"datalist_field_text":"1","datalist_field_value":"0","autocomplete_off":"","breakpoint_size_25":"4","breakpoint_sizes":"","wsf-data-grid-auto-group":"0","data_source_id":""}}]}],"meta":{"label_render":"","hidden":"","class_group_wrapper":"","group_user_status":"","group_user_roles":"","group_user_capabilities":""}}],"meta":{"label_render":"","submit_on_enter":"","submit_lock":"on","submit_unlock":"on","submit_reload":"on","form_action":"","cookie_tab_index":"on","tab_validation":"","tabs_hide":"","submit_show_errors":"on","invalid_field_focus":"on","error_type":"danger","error_method":"after","error_clear":"on","error_scroll_top":"","error_scroll_top_offset":"0","error_scroll_top_duration":"400","error_form_hide":"","error_duration":"","error_message_hide":"on","error_form_show":"","label_position_form":"top","label_column_width_form":"3","label_required":"on","label_mask_required":"","class_form_wrapper":"","class_tabs_wrapper":"","class_group_wrapper":"","class_section_wrapper":"","class_field_wrapper":"","class_field":"","label_mask_form":"","label_mask_group":"","label_mask_section":"","action_humanpresence_intro":"","action_humanpresence_not_enabled":"","action_akismetv1_intro":"","action_akismetv1_not_enabled":"","honeypot":"","spam_threshold":"50","submit_limit":"","submit_limit_count":"","submit_limit_period":"","submit_limit_message":"","submit_limit_message_type":"information","schedule_start":"","schedule_start_datetime":"","schedule_start_message":"","schedule_start_message_type":"information","schedule_end":"","schedule_end_datetime":"","schedule_end_message":"","schedule_end_message_type":"information","user_limit_logged_in":"","form_user_roles":"","form_user_capabilities":"","user_limit_logged_in_message_type":"danger","user_limit_logged_in_message":"","analytics_google":"","analytics_google_event_form":"on","analytics_google_event_tab":"on","analytics_google_event_field":"on","tracking_remote_ip":"","tracking_agent":"","tracking_referrer":"","tracking_os":"","tracking_host":"","tracking_pathname":"","tracking_query_string":"","tracking_geo_location":"","tracking_ip_lookup_latlon":"","tracking_ip_lookup_city":"","tracking_ip_lookup_region":"","tracking_ip_lookup_country":"","tracking_ip_lookup_time_zone":"","tracking_duration":"","tracking_utm_source":"","tracking_utm_medium":"","tracking_utm_campaign":"","tracking_utm_term":"","tracking_utm_content":"","conversational":"","conversational_preview":"","conversational_customize":"","conversational_slug":"","conversational_view":"","conversational_nav":"on","conversational_nav_progress_help":"#progress_percent","conversational_scroll_duration":"300","form_populate_enabled":"","form_populate_action_id":"","form_populate_list_id":"","action_post_form_populate_post_id":"","action_post_form_populate_author_restrict":"","action_user_form_populate_field_mapping":[],"form_populate_field_mapping":[],"action_post_form_populate_field_mapping_woocommerce":"","action_post_form_populate_field_mapping_acf":"","action_post_form_populate_field_mapping_meta_box":"","action_post_form_populate_meta_mapping":"","action_user_form_populate_field_mapping_acf":[],"action_user_form_populate_field_mapping_meta_box":"","action_user_form_populate_meta_mapping":[],"form_populate_tag_mapping":[],"action_post_form_populate_featured_image":"","wc_form_assign_intro":"","wc_form_assign":"","wc_form_assign_product_cat_include_mapping":"","wc_form_assign_product_tag_include_mapping":"","wc_form_assign_product_include_mapping":"","wc_form_assign_product_cat_exclude_mapping":"","wc_form_assign_product_tag_exclude_mapping":"","wc_form_assign_product_exclude_mapping":"","wc_catalog_add_to_cart_text":"Select options","wc_price_disable":"","wc_price_prefix":"","wc_price_suffix":"","wc_product_price_variation_hide":"","wc_product_add_to_cart_hide":"","wc_product_quantity_hide":"","wc_product_form_validate":"","wc_product_clear_hidden_meta_values":"on","wc_cart_edit":"","wc_cart_price_plugin_allow_negative":"","wc_actions_fire":"on","breakpoint":"25","tab_index":0,"action":{"rows_per_page":10,"group_index":0,"default":[],"columns":[{"id":0,"label":"Action"},{"id":1,"label":"Data"}],"groups":[{"label":"Actions","page":0,"disabled":"","mask_group":"","rows":[]}]},"field_select":"","form_history":"","knowledgebase":"","contact_first_name":"","contact_last_name":"","contact_email":"","contact_inquiry":"","contact_push_form":"","contact_push_system":"","contact_gdpr":"","contact_submit":""},"identifier":"ws_form","version":"1.8.142","time":1637531310,"checksum":"6f6f0c4473547056132398662d9f7b85"}