{"label":"Mortgage + Costs","status":"draft","count_stat_view":"0","count_stat_save":"0","count_stat_submit":"0","count_submit":0,"count_submit_unread":"0","id":"2749","groups":[{"label":"Tab","sort_index":"1","id":"4832","sections":[{"label":"Section","child_count":"0","sort_index":"1","id":"8523","meta":{"label_render":"","hidden_section":"","section_repeatable":"","section_repeat_label":"","section_repeat_default":"","class_single_vertical_align":"","class_section_wrapper":"","disabled_section":"","section_repeat_min":"","section_repeat_max":"","section_repeatable_delimiter_section":",","section_repeatable_delimiter_row":";"},"fields":[{"label":"Home Value","type":"number","date_updated":"2020-10-23 15:35:59","sort_index":"1","id":"39824","meta":{"label_render":"on","required":"","hidden":"","autocomplete_off":"","default_value":"","placeholder":"","help":"","prepend":"#ecommerce_currency_symbol","append":".00","aria_label":"","exclude_email":"","wc_exclude_cart":"","hidden_bypass":"","label_position":"default","label_column_width":"default","class_single_vertical_align":"","class_field_wrapper":"","class_field":"","disabled":"","readonly":"","min":"0","max":"","step":"1","dedupe":"","dedupe_message":"","invalid_feedback_render":"on","invalid_feedback":"","custom_attributes":[],"data_grid_datalist":{"rows_per_page":10,"group_index":0,"default":[],"columns":[{"id":0,"label":"Value"},{"id":1,"label":"Label"}],"groups":[{"label":"Values","page":0,"disabled":"","mask_group":"","rows":[]}]},"datalist_field_text":"1","datalist_field_value":"0","breakpoint_sizes":"","data_source_id":"","wsf-data-grid-auto-group":"0","breakpoint_size_50":"6","breakpoint_size_25":"6"}},{"label":"Loan Amount","type":"number","date_updated":"2020-10-23 15:35:59","sort_index":"2","id":"39825","meta":{"label_render":"on","required":"","hidden":"","autocomplete_off":"","default_value":"","placeholder":"","help":"","prepend":"#ecommerce_currency_symbol","append":".00","aria_label":"","exclude_email":"","wc_exclude_cart":"","hidden_bypass":"","label_position":"default","label_column_width":"default","class_single_vertical_align":"","class_field_wrapper":"","class_field":"","disabled":"","readonly":"","min":"0","max":"","step":"1","dedupe":"","dedupe_message":"","invalid_feedback_render":"on","invalid_feedback":"","custom_attributes":[],"data_grid_datalist":{"rows_per_page":10,"group_index":0,"default":[],"columns":[{"id":0,"label":"Value"},{"id":1,"label":"Label"}],"groups":[{"label":"Values","page":0,"disabled":"","mask_group":"","rows":[]}]},"datalist_field_text":"1","datalist_field_value":"0","breakpoint_sizes":"","data_source_id":"","wsf-data-grid-auto-group":"0","breakpoint_size_50":"6","breakpoint_size_25":"6"}},{"label":"Annual Taxes","type":"number","date_updated":"2020-10-23 18:07:50","sort_index":"3","id":"39828","meta":{"label_render":"on","required":"","hidden":"","autocomplete_off":"","default_value":"","placeholder":"","help":"","prepend":"#ecommerce_currency_symbol","append":".00","aria_label":"","exclude_email":"","wc_exclude_cart":"","hidden_bypass":"","label_position":"default","label_column_width":"default","class_single_vertical_align":"","class_field_wrapper":"","class_field":"","disabled":"","readonly":"","min":"0","max":"","step":"1","dedupe":"","dedupe_message":"","invalid_feedback_render":"on","invalid_feedback":"","custom_attributes":[],"data_grid_datalist":{"rows_per_page":10,"group_index":0,"default":[],"columns":[{"id":0,"label":"Value"},{"id":1,"label":"Label"}],"groups":[{"label":"Values","page":0,"disabled":"","mask_group":"","rows":[]}]},"datalist_field_text":"1","datalist_field_value":"0","breakpoint_sizes":"","data_source_id":"","wsf-data-grid-auto-group":"0","breakpoint_size_50":"","breakpoint_size_25":"4"}},{"label":"Annual Insurance","type":"number","date_updated":"2020-10-23 18:07:54","sort_index":"4","id":"39829","meta":{"label_render":"on","required":"","hidden":"","autocomplete_off":"","default_value":"","placeholder":"","help":"","prepend":"#ecommerce_currency_symbol","append":".00","aria_label":"","exclude_email":"","wc_exclude_cart":"","hidden_bypass":"","label_position":"default","label_column_width":"default","class_single_vertical_align":"","class_field_wrapper":"","class_field":"","disabled":"","readonly":"","min":"0","max":"","step":"1","dedupe":"","dedupe_message":"","invalid_feedback_render":"on","invalid_feedback":"","custom_attributes":[],"data_grid_datalist":{"rows_per_page":10,"group_index":0,"default":[],"columns":[{"id":0,"label":"Value"},{"id":1,"label":"Label"}],"groups":[{"label":"Values","page":0,"disabled":"","mask_group":"","rows":[]}]},"datalist_field_text":"1","datalist_field_value":"0","breakpoint_sizes":"","data_source_id":"","wsf-data-grid-auto-group":"0","breakpoint_size_50":"","breakpoint_size_25":"4"}},{"label":"Annual PMI","type":"number","date_updated":"2020-10-23 18:07:57","sort_index":"5","id":"39830","meta":{"label_render":"on","required":"","hidden":"","autocomplete_off":"","default_value":"","placeholder":"","help":"","prepend":"","append":"%","aria_label":"","exclude_email":"","wc_exclude_cart":"","hidden_bypass":"","label_position":"default","label_column_width":"default","class_single_vertical_align":"","class_field_wrapper":"","class_field":"","disabled":"","readonly":"","min":"0","max":"100","step":"0.01","dedupe":"","dedupe_message":"","invalid_feedback_render":"on","invalid_feedback":"","custom_attributes":[],"data_grid_datalist":{"rows_per_page":10,"group_index":0,"default":[],"columns":[{"id":0,"label":"Value"},{"id":1,"label":"Label"}],"groups":[{"label":"Values","page":0,"disabled":"","mask_group":"","rows":[]}]},"datalist_field_text":"1","datalist_field_value":"0","breakpoint_sizes":"","data_source_id":"","wsf-data-grid-auto-group":"0","breakpoint_size_50":"","breakpoint_size_25":"4"}},{"label":"Interest Rate","type":"range","date_updated":"2020-10-23 18:08:06","sort_index":"6","id":"39826","meta":{"label_render":"on","hidden":"","default_value":"5","help":"#value %","aria_label":"","exclude_email":"","wc_exclude_cart":"","hidden_bypass":"","label_position":"default","label_column_width":"default","class_single_vertical_align":"","class_fill_lower_track":"","class_field_wrapper":"","class_field":"","disabled":"","min":"0","max":"20","step":"0.01","dedupe":"","dedupe_message":"","invalid_feedback_render":"on","invalid_feedback":"","custom_attributes":[],"data_grid_datalist":{"rows_per_page":10,"group_index":0,"default":[],"columns":[{"id":0,"label":"Value"},{"id":1,"label":"Label"}],"groups":[{"label":"Values","page":0,"disabled":"","mask_group":"","rows":[]}]},"datalist_field_text":"1","datalist_field_value":"0","breakpoint_sizes":"","data_source_id":"","wsf-data-grid-auto-group":"0","breakpoint_size_25":"","breakpoint_size_50":"6"}},{"label":"Length","type":"range","date_updated":"2020-10-23 18:08:10","sort_index":"7","id":"39827","meta":{"label_render":"on","hidden":"","default_value":"30","help":"#value years","aria_label":"","exclude_email":"","wc_exclude_cart":"","hidden_bypass":"","label_position":"default","label_column_width":"default","class_single_vertical_align":"","class_fill_lower_track":"","class_field_wrapper":"","class_field":"","disabled":"","min":"1","max":"50","step":"","dedupe":"","dedupe_message":"","invalid_feedback_render":"on","invalid_feedback":"","custom_attributes":[],"data_grid_datalist":{"rows_per_page":10,"group_index":0,"default":[],"columns":[{"id":0,"label":"Value"},{"id":1,"label":"Label"}],"groups":[{"label":"Values","page":0,"disabled":"","mask_group":"","rows":[]}]},"datalist_field_text":"1","datalist_field_value":"0","breakpoint_sizes":"","data_source_id":"","wsf-data-grid-auto-group":"0","breakpoint_size_25":"","breakpoint_size_50":"6"}}]},{"label":"Section","child_count":"0","sort_index":"2","id":"8525","meta":{"label_render":"","hidden_section":"","section_repeatable":"","section_repeat_label":"","section_repeat_default":"","class_single_vertical_align":"","class_section_wrapper":"","disabled_section":"","section_repeat_min":"","section_repeat_max":"","section_repeatable_delimiter_section":",","section_repeatable_delimiter_row":";","breakpoint_size_25":"","breakpoint_size_50":"","breakpoint_size_75":"","breakpoint_size_100":"","breakpoint_size_150":""},"fields":[{"label":"Monthly Principal and Interest Calculation","type":"hidden","date_updated":"2020-10-23 17:58:32","sort_index":"1","id":"39837","meta":{"default_value":"#calc(#field(39825) * (#field(39826) \/ 1200) \/ (1 - (#pow(1 \/ (1 + (#field(39826) \/ 1200)), (#field(39827) * 12)))))","exclude_email":"on","wc_exclude_cart":"on"}},{"label":"Monthly Insurance Calculation","type":"hidden","date_updated":"2020-10-23 17:58:34","sort_index":"2","id":"39838","meta":{"default_value":"#calc(#field(39829) \/ 12)","exclude_email":"on","wc_exclude_cart":"on"}},{"label":"Monthly Taxes Calculation","type":"hidden","date_updated":"2020-10-23 17:58:36","sort_index":"3","id":"39839","meta":{"default_value":"#calc(#field(39828) \/ 12)","exclude_email":"on","wc_exclude_cart":"on"}},{"label":"Loan to Value Calculation","type":"hidden","date_updated":"2020-10-23 17:58:38","sort_index":"4","id":"39840","meta":{"default_value":"#calc((#field(39825) \/ #field(39824)) * 100)","exclude_email":"on","wc_exclude_cart":"on"}},{"label":"Monthly PMI Calculation","type":"hidden","date_updated":"2020-10-23 17:58:40","sort_index":"5","id":"39841","meta":{"default_value":"#calc((#field(39825) * (#field(39830) \/ 100)) \/ 12)","exclude_email":"on","wc_exclude_cart":"on"}}]},{"label":"Financial Analysis","child_count":"0","sort_index":"3","id":"8524","meta":{"label_render":"on","hidden_section":"","section_repeatable":"","section_repeat_label":"","section_repeat_default":"","class_single_vertical_align":"","class_section_wrapper":"","disabled_section":"","section_repeat_min":"","section_repeat_max":"","section_repeatable_delimiter_section":",","section_repeatable_delimiter_row":";","breakpoint_size_25":"","breakpoint_size_50":"","breakpoint_size_75":"6","breakpoint_size_100":"","breakpoint_size_150":"","breakpoint_sizes":""},"fields":[{"label":"Monthly Principal and Interest","type":"texteditor","date_updated":"2020-10-23 18:11:10","sort_index":"1","id":"39831","meta":{"hidden":"","text_editor":"Monthly Principal and Interest: <strong>#ecommerce_price(#calc(#field(39837)))<\/strong>","exclude_email":"on","wc_exclude_cart":"on","class_single_vertical_align":"","class_field_wrapper":"","breakpoint_sizes":"","html_editor":""}},{"label":"Monthly Insurance","type":"texteditor","date_updated":"2020-10-23 18:11:14","sort_index":"2","id":"39832","meta":{"hidden":"","text_editor":"Monthly Insurance: <strong>#ecommerce_price(#calc(#field(39838)))<\/strong>","exclude_email":"on","wc_exclude_cart":"on","class_single_vertical_align":"","class_field_wrapper":"","html_editor":"","breakpoint_sizes":""}},{"label":"Monthly Taxes","type":"texteditor","date_updated":"2020-10-23 18:11:19","sort_index":"3","id":"39833","meta":{"hidden":"","text_editor":"Monthly Taxes: <strong>#ecommerce_price(#calc(#field(39839)))<\/strong>","exclude_email":"on","wc_exclude_cart":"on","class_single_vertical_align":"","class_field_wrapper":"","html_editor":"","breakpoint_sizes":""}},{"label":"Loan to Value","type":"texteditor","date_updated":"2020-10-23 18:11:22","sort_index":"4","id":"39834","meta":{"hidden":"","text_editor":"Loan to Value: <strong>#round(#calc(#field(39840)),2) %<\/strong>","exclude_email":"on","wc_exclude_cart":"on","class_single_vertical_align":"","class_field_wrapper":"","html_editor":"","breakpoint_sizes":""}},{"label":"Monthly PMI","type":"texteditor","date_updated":"2020-10-23 18:11:26","sort_index":"5","id":"39836","meta":{"hidden":"","text_editor":"Monthly PMI: <strong>#ecommerce_price(#calc(#field(39841)))<\/strong>","exclude_email":"on","wc_exclude_cart":"on","class_single_vertical_align":"","class_field_wrapper":"","html_editor":"","breakpoint_sizes":""}}]},{"label":"Monthly Payment","child_count":"0","sort_index":"4","id":"8528","meta":{"label_render":"on","hidden_section":"","section_repeatable":"","section_repeat_label":"","section_repeat_default":"","class_single_vertical_align":"","class_section_wrapper":"","disabled_section":"","section_repeat_min":"","section_repeat_max":"","section_repeatable_delimiter_section":",","section_repeatable_delimiter_row":";","breakpoint_size_25":"","breakpoint_size_50":"","breakpoint_size_75":"6","breakpoint_size_100":"","breakpoint_size_150":"","breakpoint_sizes":""},"fields":[{"label":"Monthly Payment","type":"texteditor","date_updated":"2020-10-23 18:10:33","sort_index":"1","id":"39835","meta":{"hidden":"","text_editor":"<h3>#ecommerce_price(#calc(#field(39837)+#field(39838)+#field(39839)+#field(39841)))<\/h3>","exclude_email":"on","wc_exclude_cart":"on","class_single_vertical_align":"","class_field_wrapper":"","html_editor":"","breakpoint_sizes":""}}]}],"meta":{"label_render":"","class_group_wrapper":""}}],"meta":{"label_render":"","submit_on_enter":"","invalid_field_focus":"on","submit_lock":"on","submit_unlock":"on","submit_reload":"on","submit_show_errors":"on","form_action":"","cookie_tab_index":"on","tab_validation":"","label_position_form":"top","label_column_width_form":"3","label_required":"on","label_mask_required":"","class_form_wrapper":"","class_group_wrapper":"","class_section_wrapper":"","class_field_wrapper":"","class_field":"","label_mask_form":"","label_mask_group":"","label_mask_section":"","action_humanpresence_intro":"","action_humanpresence_not_enabled":"","action_akismetv1_intro":"","action_akismetv1_not_enabled":"","honeypot":"","spam_threshold":"50","submit_limit":"","submit_limit_count":"","submit_limit_period":"","submit_limit_message":"","submit_limit_message_type":"information","schedule_start":"","schedule_start_datetime":"","schedule_start_message":"","schedule_start_message_type":"information","schedule_end":"","schedule_end_datetime":"","schedule_end_message":"","schedule_end_message_type":"information","user_limit_logged_in":"","user_limit_logged_in_message_type":"danger","user_limit_logged_in_message":"","analytics_google":"","analytics_google_event_tab":"on","analytics_google_event_field":"on","tracking_remote_ip":"","tracking_agent":"","tracking_referrer":"","tracking_os":"","tracking_host":"","tracking_pathname":"","tracking_query_string":"","tracking_geo_location":"","tracking_ip_lookup_latlon":"","tracking_ip_lookup_city":"","tracking_ip_lookup_region":"","tracking_ip_lookup_country":"","tracking_utm_source":"","tracking_utm_medium":"","tracking_utm_campaign":"","tracking_utm_term":"","tracking_utm_content":"","form_populate_enabled":"","form_populate_action_id":"","form_populate_list_id":"","action_post_form_populate_post_id":"","action_user_form_populate_field_mapping":"","form_populate_field_mapping":"","action_post_form_populate_field_mapping_acf":"","action_post_form_populate_meta_mapping":"","action_user_form_populate_field_mapping_acf":"","action_user_form_populate_meta_mapping":"","form_populate_tag_mapping":"","wc_form_assign_intro":"","wc_form_assign":"","wc_form_assign_product_cat_include_mapping":"","wc_form_assign_product_tag_include_mapping":"","wc_form_assign_product_include_mapping":"","wc_form_assign_product_cat_exclude_mapping":"","wc_form_assign_product_tag_exclude_mapping":"","wc_form_assign_product_exclude_mapping":"","wc_catalog_add_to_cart_text":"Select options","wc_price_disable":"","wc_price_prefix":"","wc_price_suffix":"","wc_product_price_variation_hide":"","wc_product_add_to_cart_hide":"","wc_product_quantity_hide":"","wc_product_form_validate":"","wc_product_clear_hidden_meta_values":"on","wc_cart_edit":"","wc_cart_price_plugin_allow_negative":"","wc_actions_fire":"on","breakpoint":"25","tab_index":"0","action":{"rows_per_page":10,"group_index":0,"default":[],"columns":[{"id":0,"label":"Action"},{"id":1,"label":"Data"}],"groups":[{"label":"Actions","page":0,"disabled":"","mask_group":"","rows":[]}]},"field_select":"","form_history":"","knowledgebase":"","contact_first_name":"","contact_last_name":"","contact_email":"","contact_inquiry":"","contact_push_form":"","contact_push_system":"","contact_gdpr":"","contact_submit":"","conditional":{"rows_per_page":10,"group_index":0,"default":[],"columns":[{"id":0,"label":"Condition"},{"id":1,"label":"Data"}],"groups":[{"label":"Conditions","page":0,"disabled":"","mask_group":"","rows":[{"id":6,"default":"","disabled":"","required":"","hidden":"","data":["Financial Analysis \/ Monthly Payment","{\"if\":[{\"conditions\":[{\"id\":10,\"object\":\"field\",\"object_id\":\"39825\",\"object_row_id\":0,\"logic\":\"blank_not\",\"value\":\"\",\"case_sensitive\":true,\"logic_previous\":\"||\"},{\"id\":11,\"object\":\"field\",\"object_id\":\"39828\",\"object_row_id\":0,\"logic\":\"blank_not\",\"value\":\"\",\"case_sensitive\":true,\"logic_previous\":\"||\"},{\"id\":12,\"object\":\"field\",\"object_id\":\"39829\",\"object_row_id\":0,\"logic\":\"blank_not\",\"value\":\"\",\"case_sensitive\":true,\"logic_previous\":\"||\"},{\"id\":13,\"object\":\"field\",\"object_id\":\"39830\",\"object_row_id\":0,\"logic\":\"blank_not\",\"value\":\"\",\"case_sensitive\":true,\"logic_previous\":\"||\"}],\"logic_previous\":\"||\"}],\"then\":[{\"id\":1,\"object\":\"section\",\"object_id\":\"8524\",\"object_row_id\":\"\",\"action\":\"visibility\",\"value\":\"\"},{\"id\":2,\"object\":\"section\",\"object_id\":\"8528\",\"object_row_id\":\"\",\"action\":\"visibility\",\"value\":\"\"}],\"else\":[{\"id\":1,\"object\":\"section\",\"object_id\":\"8524\",\"object_row_id\":\"\",\"action\":\"visibility\",\"value\":\"off\"},{\"id\":2,\"object\":\"section\",\"object_id\":\"8528\",\"object_row_id\":\"\",\"action\":\"visibility\",\"value\":\"off\"}]}"]},{"id":5,"default":"","disabled":"","required":"","hidden":"","data":["Monthly Principal and Interest","{\"if\":[{\"conditions\":[{\"id\":9,\"object\":\"field\",\"object_id\":\"39825\",\"object_row_id\":0,\"logic\":\"blank_not\",\"value\":\"\",\"case_sensitive\":true,\"logic_previous\":\"||\"}],\"logic_previous\":\"||\"}],\"then\":[{\"id\":1,\"object\":\"field\",\"object_id\":\"39831\",\"object_row_id\":\"\",\"action\":\"visibility\",\"value\":\"\"}],\"else\":[{\"id\":1,\"object\":\"field\",\"object_id\":\"39831\",\"object_row_id\":\"\",\"action\":\"visibility\",\"value\":\"off\"}]}"]},{"id":4,"default":"","disabled":"","required":"","hidden":"","data":["Loan to Value","{\"if\":[{\"conditions\":[{\"id\":7,\"object\":\"field\",\"object_id\":\"39824\",\"object_row_id\":0,\"logic\":\"blank_not\",\"value\":\"\",\"case_sensitive\":true,\"logic_previous\":\"||\"},{\"id\":8,\"object\":\"field\",\"object_id\":\"39825\",\"object_row_id\":0,\"logic\":\"blank_not\",\"value\":\"\",\"case_sensitive\":true,\"logic_previous\":\"&&\"}],\"logic_previous\":\"||\"}],\"then\":[{\"id\":1,\"object\":\"field\",\"object_id\":\"39834\",\"object_row_id\":\"\",\"action\":\"visibility\",\"value\":\"\"}],\"else\":[{\"id\":1,\"object\":\"field\",\"object_id\":\"39834\",\"object_row_id\":\"\",\"action\":\"visibility\",\"value\":\"off\"}]}"]},{"id":1,"default":"","disabled":"","required":"","hidden":"","data":["Monthly Taxes","{\"if\":[{\"conditions\":[{\"id\":1,\"object\":\"field\",\"object_id\":\"39828\",\"object_row_id\":0,\"logic\":\"blank_not\",\"value\":\"\",\"case_sensitive\":true,\"logic_previous\":\"||\"}],\"logic_previous\":\"||\"}],\"then\":[{\"id\":1,\"object\":\"field\",\"object_id\":\"39833\",\"object_row_id\":\"\",\"action\":\"visibility\",\"value\":\"\"}],\"else\":[{\"id\":1,\"object\":\"field\",\"object_id\":\"39833\",\"object_row_id\":\"\",\"action\":\"visibility\",\"value\":\"off\"}]}"]},{"id":2,"default":"","disabled":"","required":"","hidden":"","data":["Monthly Insurance","{\"if\":[{\"conditions\":[{\"id\":2,\"object\":\"field\",\"object_id\":\"39829\",\"object_row_id\":0,\"logic\":\"blank_not\",\"value\":\"\",\"case_sensitive\":true,\"logic_previous\":\"||\"}],\"logic_previous\":\"||\"}],\"then\":[{\"id\":1,\"object\":\"field\",\"object_id\":\"39832\",\"object_row_id\":\"\",\"action\":\"visibility\",\"value\":\"\"}],\"else\":[{\"id\":1,\"object\":\"field\",\"object_id\":\"39832\",\"object_row_id\":\"\",\"action\":\"visibility\",\"value\":\"off\"}]}"]},{"id":3,"default":"","disabled":"","required":"","hidden":"","data":["PMI","{\"if\":[{\"conditions\":[{\"id\":5,\"object\":\"field\",\"object_id\":\"39825\",\"object_row_id\":0,\"logic\":\"blank_not\",\"value\":\"\",\"case_sensitive\":true,\"logic_previous\":\"||\"},{\"id\":6,\"object\":\"field\",\"object_id\":\"39830\",\"object_row_id\":0,\"logic\":\"blank_not\",\"value\":\"\",\"case_sensitive\":true,\"logic_previous\":\"&&\"}],\"logic_previous\":\"||\"}],\"then\":[{\"id\":1,\"object\":\"field\",\"object_id\":\"39836\",\"object_row_id\":\"\",\"action\":\"visibility\",\"value\":\"\"}],\"else\":[{\"id\":1,\"object\":\"field\",\"object_id\":\"39836\",\"object_row_id\":\"\",\"action\":\"visibility\",\"value\":\"off\"}]}"]}]}]}},"identifier":"ws_form","version":"1.7.83","time":1603479194,"checksum":"7606e679fce4cf39748c7735ca180fd2"}