{"label":"Car Payment","status":"draft","count_stat_view":"0","count_stat_save":"0","count_stat_submit":"0","count_submit":0,"count_submit_unread":"0","id":"2752","groups":[{"label":"Tab","sort_index":"1","id":"4838","sections":[{"label":"Section","child_count":"0","sort_index":"1","id":"8536","meta":{"label_render":"","hidden_section":"","section_repeatable":"","section_repeat_label":"","section_repeat_default":"","class_single_vertical_align":"","class_section_wrapper":"","disabled_section":"","section_repeat_min":"","section_repeat_max":"","section_repeatable_delimiter_section":",","section_repeatable_delimiter_row":";","breakpoint_size_25":"","breakpoint_offset_25":"","breakpoint_size_50":"","breakpoint_offset_50":"","breakpoint_size_75":"","breakpoint_offset_75":"","breakpoint_size_100":"","breakpoint_offset_100":"","breakpoint_size_150":"","breakpoint_offset_150":""},"fields":[{"label":"Price of Car","type":"number","date_updated":"2020-10-23 18:21:06","sort_index":"1","id":"39858","meta":{"label_render":"on","required":"","hidden":"","autocomplete_off":"","default_value":"","placeholder":"","help":"","prepend":"#ecommerce_currency_symbol","append":".00","aria_label":"","exclude_email":"","wc_exclude_cart":"","hidden_bypass":"","label_position":"default","label_column_width":"default","class_single_vertical_align":"","class_field_wrapper":"","class_field":"","disabled":"","readonly":"","min":"0","max":"","step":"","dedupe":"","dedupe_message":"","invalid_feedback_render":"on","invalid_feedback":"","custom_attributes":[],"data_grid_datalist":{"rows_per_page":10,"group_index":0,"default":[],"columns":[{"id":0,"label":"Value"},{"id":1,"label":"Label"}],"groups":[{"label":"Values","page":0,"disabled":"","mask_group":"","rows":[]}]},"datalist_field_text":"1","datalist_field_value":"0","breakpoint_sizes":"","data_source_id":"","wsf-data-grid-auto-group":"0","breakpoint_size_50":"","breakpoint_size_25":"6"}},{"label":"Sales Tax","type":"number","date_updated":"2020-10-23 18:21:06","sort_index":"2","id":"39859","meta":{"label_render":"on","required":"","hidden":"","autocomplete_off":"","default_value":"","placeholder":"","help":"","prepend":"","append":"%","aria_label":"","exclude_email":"","wc_exclude_cart":"","hidden_bypass":"","label_position":"default","label_column_width":"default","class_single_vertical_align":"","class_field_wrapper":"","class_field":"","disabled":"","readonly":"","min":"0","max":"","step":"","dedupe":"","dedupe_message":"","invalid_feedback_render":"on","invalid_feedback":"","custom_attributes":[],"data_grid_datalist":{"rows_per_page":10,"group_index":0,"default":[],"columns":[{"id":0,"label":"Value"},{"id":1,"label":"Label"}],"groups":[{"label":"Values","page":0,"disabled":"","mask_group":"","rows":[]}]},"datalist_field_text":"1","datalist_field_value":"0","breakpoint_size_25":"6","breakpoint_sizes":"","data_source_id":"","wsf-data-grid-auto-group":"0","breakpoint_offset_25":"","breakpoint_size_50":"","breakpoint_offset_50":"","breakpoint_size_75":"","breakpoint_offset_75":"","breakpoint_size_100":"","breakpoint_offset_100":"","breakpoint_size_150":"","breakpoint_offset_150":""}}]},{"label":"Section","child_count":"0","sort_index":"2","id":"8537","meta":{"label_render":"","hidden_section":"","section_repeatable":"","section_repeat_label":"","section_repeat_default":"","class_single_vertical_align":"","class_section_wrapper":"","disabled_section":"","section_repeat_min":"","section_repeat_max":"","section_repeatable_delimiter_section":",","section_repeatable_delimiter_row":";","breakpoint_size_25":"","breakpoint_size_50":"","breakpoint_size_75":"","breakpoint_size_100":"","breakpoint_size_150":"","breakpoint_offset_25":"","breakpoint_offset_50":"","breakpoint_offset_75":"","breakpoint_offset_100":"","breakpoint_offset_150":""},"fields":[{"label":"Are you trading in a car?","type":"radio","date_updated":"2020-10-23 18:21:06","sort_index":"1","id":"39862","meta":{"label_render":"on","required":"","hidden":"","help":"","orientation":"horizontal","aria_label":"","exclude_email":"","wc_exclude_cart":"","hidden_bypass":"","label_position":"default","label_column_width":"default","class_single_vertical_align":"","class_field_wrapper":"","class_field":"","dedupe_value_scope":"","invalid_feedback_render":"on","invalid_feedback":"","data_grid_radio":{"rows_per_page":10,"group_index":0,"default":[],"columns":[{"id":0,"label":"Label"}],"groups":[{"label":"Radios","page":0,"disabled":"","mask_group":"","label_render":"on","rows":[{"id":1,"default":"","required":"","disabled":"","hidden":"","data":["Yes"]},{"id":2,"default":"","required":"","disabled":"","hidden":"","data":["No"]}]}]},"data_grid_rows_randomize":"","radio_field_label":"0","radio_field_value":"0","radio_field_parse_variable":"0","radio_field_wc":"0","radio_cascade":"","radio_cascade_field_filter":"0","radio_cascade_field_id":"","radio_cascade_no_match":"","breakpoint_size_25":"6","orientation_breakpoint_sizes":"","breakpoint_sizes":"","data_source_id":"","wsf-data-grid-auto-group":"0","breakpoint_offset_25":"","breakpoint_size_50":"","breakpoint_offset_50":"","breakpoint_size_75":"","breakpoint_offset_75":"","breakpoint_size_100":"","breakpoint_offset_100":"","breakpoint_size_150":"","breakpoint_offset_150":""}},{"label":"Trade-In Value","type":"number","date_updated":"2020-10-23 18:21:06","sort_index":"2","id":"39863","meta":{"label_render":"on","required":"","hidden":"","autocomplete_off":"","default_value":"","placeholder":"","help":"","prepend":"#ecommerce_currency_symbol","append":".00","aria_label":"","exclude_email":"","wc_exclude_cart":"","hidden_bypass":"","label_position":"default","label_column_width":"default","class_single_vertical_align":"","class_field_wrapper":"","class_field":"","disabled":"","readonly":"","min":"0","max":"","step":"","dedupe":"","dedupe_message":"","invalid_feedback_render":"on","invalid_feedback":"","custom_attributes":[],"data_grid_datalist":{"rows_per_page":10,"group_index":0,"default":[],"columns":[{"id":0,"label":"Value"},{"id":1,"label":"Label"}],"groups":[{"label":"Values","page":0,"disabled":"","mask_group":"","rows":[]}]},"datalist_field_text":"1","datalist_field_value":"0","breakpoint_sizes":"","data_source_id":"","wsf-data-grid-auto-group":"0","breakpoint_size_50":"","breakpoint_size_25":"6"}}]},{"label":"Section","child_count":"0","sort_index":"3","id":"8538","meta":{"label_render":"","hidden_section":"","section_repeatable":"","section_repeat_label":"","section_repeat_default":"","class_single_vertical_align":"","class_section_wrapper":"","disabled_section":"","section_repeat_min":"","section_repeat_max":"","section_repeatable_delimiter_section":",","section_repeatable_delimiter_row":";","breakpoint_size_25":"","breakpoint_size_50":"","breakpoint_size_75":"","breakpoint_size_100":"","breakpoint_size_150":"","breakpoint_offset_25":"","breakpoint_offset_50":"","breakpoint_offset_75":"","breakpoint_offset_100":"","breakpoint_offset_150":""},"fields":[{"label":"Dealer Fees","type":"number","date_updated":"2020-10-23 18:21:06","sort_index":"1","id":"39864","meta":{"label_render":"on","required":"","hidden":"","autocomplete_off":"","default_value":"","placeholder":"","help":"","prepend":"#ecommerce_currency_symbol","append":".00","aria_label":"","exclude_email":"","wc_exclude_cart":"","hidden_bypass":"","label_position":"default","label_column_width":"default","class_single_vertical_align":"","class_field_wrapper":"","class_field":"","disabled":"","readonly":"","min":"0","max":"","step":"","dedupe":"","dedupe_message":"","invalid_feedback_render":"on","invalid_feedback":"","custom_attributes":[],"data_grid_datalist":{"rows_per_page":10,"group_index":0,"default":[],"columns":[{"id":0,"label":"Value"},{"id":1,"label":"Label"}],"groups":[{"label":"Values","page":0,"disabled":"","mask_group":"","rows":[]}]},"datalist_field_text":"1","datalist_field_value":"0","breakpoint_sizes":"","data_source_id":"","wsf-data-grid-auto-group":"0","breakpoint_size_50":"4","breakpoint_size_25":""}},{"label":"Rebates","type":"number","date_updated":"2020-10-23 18:21:06","sort_index":"2","id":"39865","meta":{"label_render":"on","required":"","hidden":"","autocomplete_off":"","default_value":"","placeholder":"","help":"","prepend":"#ecommerce_currency_symbol","append":".00","aria_label":"","exclude_email":"","wc_exclude_cart":"","hidden_bypass":"","label_position":"default","label_column_width":"default","class_single_vertical_align":"","class_field_wrapper":"","class_field":"","disabled":"","readonly":"","min":"0","max":"","step":"","dedupe":"","dedupe_message":"","invalid_feedback_render":"on","invalid_feedback":"","custom_attributes":[],"data_grid_datalist":{"rows_per_page":10,"group_index":0,"default":[],"columns":[{"id":0,"label":"Value"},{"id":1,"label":"Label"}],"groups":[{"label":"Values","page":0,"disabled":"","mask_group":"","rows":[]}]},"datalist_field_text":"1","datalist_field_value":"0","breakpoint_sizes":"","data_source_id":"","wsf-data-grid-auto-group":"0","breakpoint_size_50":"4","breakpoint_size_25":""}},{"label":"Down Payment","type":"number","date_updated":"2020-10-23 18:21:06","sort_index":"3","id":"39866","meta":{"label_render":"on","required":"","hidden":"","autocomplete_off":"","default_value":"","placeholder":"","help":"","prepend":"#ecommerce_currency_symbol","append":".00","aria_label":"","exclude_email":"","wc_exclude_cart":"","hidden_bypass":"","label_position":"default","label_column_width":"default","class_single_vertical_align":"","class_field_wrapper":"","class_field":"","disabled":"","readonly":"","min":"0","max":"","step":"","dedupe":"","dedupe_message":"","invalid_feedback_render":"on","invalid_feedback":"","custom_attributes":[],"data_grid_datalist":{"rows_per_page":10,"group_index":0,"default":[],"columns":[{"id":0,"label":"Value"},{"id":1,"label":"Label"}],"groups":[{"label":"Values","page":0,"disabled":"","mask_group":"","rows":[]}]},"datalist_field_text":"1","datalist_field_value":"0","breakpoint_sizes":"","data_source_id":"","wsf-data-grid-auto-group":"0","breakpoint_size_50":"4","breakpoint_size_25":""}},{"label":"Annual Interest","type":"range","date_updated":"2020-10-23 18:21:06","sort_index":"4","id":"39860","meta":{"label_render":"on","hidden":"","default_value":"3.5","help":"#value %","aria_label":"","exclude_email":"","wc_exclude_cart":"","hidden_bypass":"","label_position":"default","label_column_width":"default","class_single_vertical_align":"","class_fill_lower_track":"","class_field_wrapper":"","class_field":"","disabled":"","min":"0","max":"25","step":"0.01","dedupe":"","dedupe_message":"","invalid_feedback_render":"on","invalid_feedback":"","custom_attributes":[],"data_grid_datalist":{"rows_per_page":10,"group_index":0,"default":[],"columns":[{"id":0,"label":"Value"},{"id":1,"label":"Label"}],"groups":[{"label":"Values","page":0,"disabled":"","mask_group":"","rows":[]}]},"datalist_field_text":"1","datalist_field_value":"0","breakpoint_size_25":"","breakpoint_sizes":"","data_source_id":"","wsf-data-grid-auto-group":"0","breakpoint_offset_25":"","breakpoint_size_50":"6","breakpoint_offset_50":"","breakpoint_size_75":"","breakpoint_offset_75":"","breakpoint_size_100":"","breakpoint_offset_100":"","breakpoint_size_150":"","breakpoint_offset_150":""}},{"label":"Length of Loan","type":"range","date_updated":"2020-10-23 18:21:06","sort_index":"5","id":"39861","meta":{"label_render":"on","hidden":"","default_value":"60","help":"#value months","aria_label":"","exclude_email":"","wc_exclude_cart":"","hidden_bypass":"","label_position":"default","label_column_width":"default","class_single_vertical_align":"","class_fill_lower_track":"","class_field_wrapper":"","class_field":"","disabled":"","min":"3","max":"97","step":"","dedupe":"","dedupe_message":"","invalid_feedback_render":"on","invalid_feedback":"","custom_attributes":[],"data_grid_datalist":{"rows_per_page":10,"group_index":0,"default":[],"columns":[{"id":0,"label":"Value"},{"id":1,"label":"Label"}],"groups":[{"label":"Values","page":0,"disabled":"","mask_group":"","rows":[]}]},"datalist_field_text":"1","datalist_field_value":"0","breakpoint_size_25":"","breakpoint_sizes":"","data_source_id":"","wsf-data-grid-auto-group":"0","breakpoint_offset_25":"","breakpoint_size_50":"6","breakpoint_offset_50":"","breakpoint_size_75":"","breakpoint_offset_75":"","breakpoint_size_100":"","breakpoint_offset_100":"","breakpoint_size_150":"","breakpoint_offset_150":""}}]},{"label":"Loan Calculation","child_count":"0","sort_index":"4","id":"8539","meta":{"label_render":"on","hidden_section":"","section_repeatable":"","section_repeat_label":"","section_repeat_default":"","class_single_vertical_align":"","class_section_wrapper":"","disabled_section":"","section_repeat_min":"","section_repeat_max":"","section_repeatable_delimiter_section":",","section_repeatable_delimiter_row":";","breakpoint_size_25":"","breakpoint_size_50":"","breakpoint_size_75":"","breakpoint_size_100":"","breakpoint_size_150":"","breakpoint_sizes":""},"fields":[{"label":"Price of Car & Fees","type":"hidden","date_updated":"2020-10-23 18:21:06","sort_index":"1","id":"39867","meta":{"default_value":"#calc(#field(39858) + #field(39864))","exclude_email":"on","wc_exclude_cart":"on"}},{"label":"Price of Car & Fees","type":"texteditor","date_updated":"2020-10-23 18:21:06","sort_index":"2","id":"39868","meta":{"hidden":"","text_editor":"Price of Car &amp; Fees: <strong>#ecommerce_price(#calc(#field(39867)))<\/strong>","exclude_email":"on","wc_exclude_cart":"on","class_single_vertical_align":"","class_field_wrapper":"","html_editor":"","breakpoint_sizes":""}},{"label":"Taxes","type":"hidden","date_updated":"2020-10-23 18:21:06","sort_index":"3","id":"39869","meta":{"default_value":"#calc((#field(39858) - #field(39863)) * #field(39859) * 0.01)","exclude_email":"on","wc_exclude_cart":"on"}},{"label":"Taxes","type":"texteditor","date_updated":"2020-10-23 18:21:06","sort_index":"4","id":"39870","meta":{"hidden":"","text_editor":"Taxes: <strong>#ecommerce_price(#calc(#field(39869)))<\/strong>","exclude_email":"on","wc_exclude_cart":"on","class_single_vertical_align":"","class_field_wrapper":"","html_editor":"","breakpoint_sizes":""}},{"label":"Rebates","type":"texteditor","date_updated":"2020-10-23 18:21:06","sort_index":"5","id":"39871","meta":{"hidden":"","text_editor":"Rebates: <strong>#ecommerce_price(#calc(#field(39865)))<\/strong>","exclude_email":"on","wc_exclude_cart":"on","class_single_vertical_align":"","class_field_wrapper":"","html_editor":"","breakpoint_sizes":""}},{"label":"Down Payment","type":"texteditor","date_updated":"2020-10-23 18:21:06","sort_index":"6","id":"39872","meta":{"hidden":"","text_editor":"Down Payment: <strong>#ecommerce_price(#calc(#field(39866)))<\/strong>","exclude_email":"on","wc_exclude_cart":"on","class_single_vertical_align":"","class_field_wrapper":"","html_editor":"","breakpoint_sizes":""}},{"label":"Trade-In Value","type":"texteditor","date_updated":"2020-10-23 18:21:06","sort_index":"7","id":"39873","meta":{"hidden":"","text_editor":"Trade-In Value: <strong>#ecommerce_price(#calc(#field(39863)))<\/strong>","exclude_email":"on","wc_exclude_cart":"on","class_single_vertical_align":"","class_field_wrapper":"","html_editor":"","breakpoint_sizes":""}},{"label":"Loan Amount","type":"hidden","date_updated":"2020-10-23 18:21:06","sort_index":"8","id":"39874","meta":{"default_value":"#calc(#field(39867) + #field(39869) - #field(39865) - #field(39863) - #field(39866))","exclude_email":"on","wc_exclude_cart":"on"}},{"label":"Loan Amount","type":"texteditor","date_updated":"2020-10-23 18:21:06","sort_index":"9","id":"39875","meta":{"hidden":"","text_editor":"Loan Amount: <strong>#ecommerce_price(#calc(#field(39874)))<\/strong>","exclude_email":"on","wc_exclude_cart":"on","class_single_vertical_align":"","class_field_wrapper":"","html_editor":"","breakpoint_sizes":""}},{"label":"Calc Part 1","type":"hidden","date_updated":"2020-10-23 18:21:06","sort_index":"10","id":"39876","meta":{"default_value":"#calc(#field(39860) \/ 12 \/ 100)","exclude_email":"on","wc_exclude_cart":"on"}},{"label":"Calc Part 2","type":"hidden","date_updated":"2020-10-23 18:21:06","sort_index":"11","id":"39877","meta":{"default_value":"#calc(#pow((1 + #field(39876)), #field(39861)))","exclude_email":"on","wc_exclude_cart":"on"}},{"label":"Monthly Payment","type":"texteditor","date_updated":"2020-10-23 18:21:06","sort_index":"12","id":"39878","meta":{"hidden":"","text_editor":"<h3>Monthly Payment: #ecommerce_price(#calc(#field(39874) * (#field(39876) * #field(39877)) \/ (#field(39877) - 1)))<\/h3>","exclude_email":"on","wc_exclude_cart":"on","class_single_vertical_align":"","class_field_wrapper":"","html_editor":"","breakpoint_size_25":"","breakpoint_offset_25":"","breakpoint_size_50":"","breakpoint_offset_50":"","breakpoint_size_75":"","breakpoint_offset_75":"","breakpoint_size_100":"","breakpoint_offset_100":"","breakpoint_size_150":"","breakpoint_offset_150":"","breakpoint_sizes":""}}]}],"meta":{"label_render":"","class_group_wrapper":""}}],"meta":{"label_render":"","submit_on_enter":"","invalid_field_focus":"on","submit_lock":"on","submit_unlock":"on","submit_reload":"on","submit_show_errors":"on","form_action":"","cookie_tab_index":"on","tab_validation":"","label_position_form":"top","label_column_width_form":"3","label_required":"on","label_mask_required":"","class_form_wrapper":"","class_group_wrapper":"","class_section_wrapper":"","class_field_wrapper":"","class_field":"","label_mask_form":"","label_mask_group":"","label_mask_section":"","action_humanpresence_intro":"","action_humanpresence_not_enabled":"","action_akismetv1_intro":"","action_akismetv1_not_enabled":"","honeypot":"","spam_threshold":"50","submit_limit":"","submit_limit_count":"","submit_limit_period":"","submit_limit_message":"","submit_limit_message_type":"information","schedule_start":"","schedule_start_datetime":"","schedule_start_message":"","schedule_start_message_type":"information","schedule_end":"","schedule_end_datetime":"","schedule_end_message":"","schedule_end_message_type":"information","user_limit_logged_in":"","user_limit_logged_in_message_type":"danger","user_limit_logged_in_message":"","analytics_google":"","analytics_google_event_tab":"on","analytics_google_event_field":"on","tracking_remote_ip":"","tracking_agent":"","tracking_referrer":"","tracking_os":"","tracking_host":"","tracking_pathname":"","tracking_query_string":"","tracking_geo_location":"","tracking_ip_lookup_latlon":"","tracking_ip_lookup_city":"","tracking_ip_lookup_region":"","tracking_ip_lookup_country":"","tracking_utm_source":"","tracking_utm_medium":"","tracking_utm_campaign":"","tracking_utm_term":"","tracking_utm_content":"","form_populate_enabled":"","form_populate_action_id":"","form_populate_list_id":"","action_post_form_populate_post_id":"","action_user_form_populate_field_mapping":"","form_populate_field_mapping":"","action_post_form_populate_field_mapping_acf":"","action_post_form_populate_meta_mapping":"","action_user_form_populate_field_mapping_acf":"","action_user_form_populate_meta_mapping":"","form_populate_tag_mapping":"","wc_form_assign_intro":"","wc_form_assign":"","wc_form_assign_product_cat_include_mapping":"","wc_form_assign_product_tag_include_mapping":"","wc_form_assign_product_include_mapping":"","wc_form_assign_product_cat_exclude_mapping":"","wc_form_assign_product_tag_exclude_mapping":"","wc_form_assign_product_exclude_mapping":"","wc_catalog_add_to_cart_text":"Select options","wc_price_disable":"","wc_price_prefix":"","wc_price_suffix":"","wc_product_price_variation_hide":"","wc_product_add_to_cart_hide":"","wc_product_quantity_hide":"","wc_product_form_validate":"","wc_product_clear_hidden_meta_values":"on","wc_cart_edit":"","wc_cart_price_plugin_allow_negative":"","wc_actions_fire":"on","breakpoint":"25","tab_index":"0","action":{"rows_per_page":10,"group_index":0,"default":[],"columns":[{"id":0,"label":"Action"},{"id":1,"label":"Data"}],"groups":[{"label":"Actions","page":0,"disabled":"","mask_group":"","rows":[]}]},"field_select":"","form_history":"","knowledgebase":"","contact_first_name":"","contact_last_name":"","contact_email":"","contact_inquiry":"","contact_push_form":"","contact_push_system":"","contact_gdpr":"","contact_submit":"","conditional":{"rows_per_page":10,"group_index":0,"default":[],"columns":[{"id":0,"label":"Condition"},{"id":1,"label":"Data"}],"groups":[{"label":"Conditions","page":0,"disabled":"","mask_group":"","rows":[{"id":1,"default":"","disabled":"","required":"","hidden":"","data":["Price of Car & Fees","{\"if\":[{\"conditions\":[{\"id\":2,\"object\":\"field\",\"object_id\":39858,\"object_row_id\":0,\"logic\":\"blank_not\",\"value\":\"\",\"case_sensitive\":true,\"logic_previous\":\"||\"}],\"logic_previous\":\"||\"}],\"then\":[{\"id\":1,\"object\":\"section\",\"object_id\":8539,\"object_row_id\":\"\",\"action\":\"visibility\",\"value\":\"\"}],\"else\":[{\"id\":1,\"object\":\"section\",\"object_id\":8539,\"object_row_id\":\"\",\"action\":\"visibility\",\"value\":\"off\"}]}"]},{"id":2,"default":"","disabled":"","required":"","hidden":"","data":["Taxes","{\"if\":[{\"conditions\":[{\"id\":3,\"object\":\"field\",\"object_id\":39859,\"object_row_id\":0,\"logic\":\"blank_not\",\"value\":\"\",\"case_sensitive\":true,\"logic_previous\":\"||\"}],\"logic_previous\":\"||\"}],\"then\":[{\"id\":1,\"object\":\"field\",\"object_id\":39870,\"object_row_id\":\"\",\"action\":\"visibility\",\"value\":\"\"}],\"else\":[{\"id\":1,\"object\":\"field\",\"object_id\":39870,\"object_row_id\":\"\",\"action\":\"visibility\",\"value\":\"off\"}]}"]},{"id":4,"default":"","disabled":"","required":"","hidden":"","data":["Are you trading in a car?","{\"if\":[{\"conditions\":[{\"id\":5,\"object\":\"field\",\"object_id\":39862,\"object_row_id\":\"1\",\"logic\":\"checked\",\"value\":\"\",\"case_sensitive\":true,\"logic_previous\":\"||\"}],\"logic_previous\":\"||\"}],\"then\":[{\"id\":1,\"object\":\"field\",\"object_id\":39863,\"object_row_id\":\"\",\"action\":\"visibility\",\"value\":\"\"},{\"id\":2,\"object\":\"field\",\"object_id\":39863,\"object_row_id\":\"\",\"action\":\"focus\",\"value\":\"\"}],\"else\":[{\"id\":1,\"object\":\"field\",\"object_id\":39863,\"object_row_id\":\"\",\"action\":\"visibility\",\"value\":\"off\"},{\"id\":2,\"object\":\"field\",\"object_id\":39863,\"object_row_id\":\"\",\"action\":\"reset\",\"value\":\"\"}]}"]},{"id":6,"default":"","disabled":"","required":"","hidden":"","data":["Trade-In Value","{\"if\":[{\"conditions\":[{\"id\":6,\"object\":\"field\",\"object_id\":39863,\"object_row_id\":0,\"logic\":\"blank_not\",\"value\":\"\",\"case_sensitive\":true,\"logic_previous\":\"||\"}],\"logic_previous\":\"||\"}],\"then\":[{\"id\":1,\"object\":\"field\",\"object_id\":39873,\"object_row_id\":\"\",\"action\":\"visibility\",\"value\":\"\"}],\"else\":[{\"id\":1,\"object\":\"field\",\"object_id\":39873,\"object_row_id\":\"\",\"action\":\"visibility\",\"value\":\"off\"}]}"]},{"id":3,"default":"","disabled":"","required":"","hidden":"","data":["Rebates","{\"if\":[{\"conditions\":[{\"id\":4,\"object\":\"field\",\"object_id\":39865,\"object_row_id\":0,\"logic\":\"blank_not\",\"value\":\"\",\"case_sensitive\":true,\"logic_previous\":\"||\"}],\"logic_previous\":\"||\"}],\"then\":[{\"id\":1,\"object\":\"field\",\"object_id\":39871,\"object_row_id\":\"\",\"action\":\"visibility\",\"value\":\"\"}],\"else\":[{\"id\":1,\"object\":\"field\",\"object_id\":39871,\"object_row_id\":\"\",\"action\":\"visibility\",\"value\":\"off\"}]}"]},{"id":5,"default":"","disabled":"","required":"","hidden":"","data":["Down Payment","{\"if\":[{\"conditions\":[{\"id\":6,\"object\":\"field\",\"object_id\":39866,\"object_row_id\":0,\"logic\":\"blank_not\",\"value\":\"\",\"case_sensitive\":true,\"logic_previous\":\"||\"}],\"logic_previous\":\"||\"}],\"then\":[{\"id\":1,\"object\":\"field\",\"object_id\":39872,\"object_row_id\":\"\",\"action\":\"visibility\",\"value\":\"\"}],\"else\":[{\"id\":1,\"object\":\"field\",\"object_id\":39872,\"object_row_id\":\"\",\"action\":\"visibility\",\"value\":\"off\"}]}"]}]}]}},"identifier":"ws_form","version":"1.7.83","time":1603477347,"checksum":"525d8da13fa9bfb28d1a9d2427772920"}