{"label":"E-Commerce Advanced","status":"draft","count_stat_view":"0","count_stat_save":"0","count_stat_submit":"0","count_submit":0,"count_submit_unread":"0","id":"831","groups":[{"label":"Cart","sort_index":"1","id":"1739","sections":[{"label":"Cart","child_count":"0","sort_index":"1","id":"3848","meta":{"label_render":"on","hidden_section":"","section_repeatable":"","section_repeat_label":"","section_repeat_default":"1","class_single_vertical_align":"","class_section_wrapper":"","disabled_section":"","section_repeat_min":"","section_repeat_max":"","section_repeatable_delimiter_section":",","section_repeatable_delimiter_row":";","breakpoint_sizes":""},"fields":[{"label":"Price (Enter Amount)","type":"price","date_updated":"2021-02-26 16:17:29","sort_index":"1","id":"18237","meta":{"label_render":"on","hidden":"","text_align":"right","default_value":"","ecommerce_price_negative":"on","placeholder":"","help":"","autocomplete":"","prepend":"","append":"","aria_label":"","exclude_email":"","wc_exclude_cart":"","hidden_bypass":"","ecommerce_calculation_persist":"","label_position":"default","label_column_width":"default","class_single_vertical_align":"","class_field_wrapper":"","class_field":"","disabled":"","readonly":"","ecommerce_price_min":"","ecommerce_price_max":"","field_user_status":"","field_user_roles":[],"field_user_capabilities":[],"invalid_feedback_render":"on","invalid_feedback":"","custom_attributes":[],"data_grid_datalist":{"rows_per_page":10,"group_index":0,"default":[],"columns":[{"id":0,"label":"Value"},{"id":1,"label":"Label"}],"groups":[{"label":"Values","page":0,"disabled":"","mask_group":"","rows":[]}]},"datalist_field_text":"1","datalist_field_value":"0","required":"","min_ecommerce":"0","max":"","step_ecommerce":"0.01","input_mask":"","breakpoint_sizes":"","wsf-data-grid-auto-group":"0","breakpoint_size_25":"6","ecommerce_price_type":"subtotal","data_source_id":""}},{"label":"Quantity","type":"quantity","date_updated":"2021-02-26 16:17:32","sort_index":"2","id":"18238","meta":{"label_render":"on","required":"","hidden":"","text_align":"center","ecommerce_field_id":"18237","default_value":"1","placeholder":"","help":"","autocomplete":"","prepend":"","append":"","aria_label":"","exclude_email":"","wc_exclude_cart":"","hidden_bypass":"","label_position":"default","label_column_width":"default","class_single_vertical_align":"","class_field_wrapper":"","class_field":"","disabled":"","readonly":"","ecommerce_quantity_min":"0","max":"","step":"","field_user_status":"","field_user_roles":[],"field_user_capabilities":[],"invalid_feedback_render":"on","invalid_feedback":"","custom_attributes":[],"data_grid_datalist":{"rows_per_page":10,"group_index":0,"default":[],"columns":[{"id":0,"label":"Value"},{"id":1,"label":"Label"}],"groups":[{"label":"Values","page":0,"disabled":"","mask_group":"","rows":[]}]},"datalist_field_text":"1","datalist_field_value":"0","ecommerce_quantity_field_id":"","breakpoint_size_25":"3","ecommerce_quantity_id":"2216","breakpoint_sizes":"","wsf-data-grid-auto-group":"0","data_source_id":""}},{"label":"Subtotal","type":"price_subtotal","date_updated":"2021-02-26 16:17:37","sort_index":"3","id":"18239","meta":{"label_render":"on","hidden":"","text_align":"right","ecommerce_field_id":"18237","ecommerce_price_negative":"","prepend":"","append":"","aria_label":"","exclude_email":"","wc_exclude_cart":"","hidden_bypass":"","label_position":"default","label_column_width":"default","class_single_vertical_align":"","class_field_wrapper":"","class_field":"","field_user_status":"","field_user_roles":[],"field_user_capabilities":[],"custom_attributes":[],"breakpoint_size_25":"3","breakpoint_sizes":""}},{"label":"Price Select","type":"price_select","date_updated":"2021-02-26 16:17:41","sort_index":"4","id":"18240","meta":{"label_render":"on","required":"","hidden":"","multiple":"","size":"","placeholder_row":"Select...","help":"","autocomplete":"","select2_intro":"","select2":"","select2_ajax":"","select2_tags":"","prepend":"","append":"","aria_label":"","exclude_email":"","wc_exclude_cart":"","hidden_bypass":"","ecommerce_calculation_persist":"","label_position":"default","label_column_width":"default","class_single_vertical_align":"","class_field_wrapper":"","class_field":"","disabled":"","select_min":"","select_max":"","field_user_status":"","field_user_roles":[],"field_user_capabilities":[],"dedupe_value_scope":"","invalid_feedback_render":"on","invalid_feedback":"","custom_attributes":[],"data_grid_select_price":{"rows_per_page":10,"group_index":0,"default":[],"columns":[{"id":0,"label":"Label"},{"id":1,"label":"Price"}],"groups":[{"label":"Options","page":0,"disabled":"","mask_group":"","rows":[{"id":1,"default":"","required":"","disabled":"","hidden":"","data":["Option 1 (#data_grid_row_price_currency)","1"]},{"id":2,"default":"","required":"","disabled":"","hidden":"","data":["Option 2 (#data_grid_row_price_currency)","2"]},{"id":3,"default":"","disabled":"","required":"","hidden":"","data":["Option 3 (#data_grid_row_price_currency)","3"]}]}]},"data_grid_rows_randomize":"","select_price_field_label":"0","select_price_field_value":"0","select_price_field_price":"1","select_price_field_parse_variable":"0","select_price_field_wc":"0","price_select_cascade":"","price_select_cascade_field_filter":"0","price_select_cascade_field_id":"","price_select_cascade_option_text_no_rows":"","price_select_cascade_no_match":"","price_select_cascade_ajax":"","price_select_cascade_ajax_option_text_loading":"","breakpoint_size_25":"6","ecommerce_price_type":"subtotal","breakpoint_sizes":"","wsf-data-grid-auto-group":"0","data_source_id":""}},{"label":"Quantity","type":"quantity","date_updated":"2021-02-26 16:17:44","sort_index":"5","id":"18241","meta":{"label_render":"on","required":"","hidden":"","text_align":"center","ecommerce_field_id":"18240","default_value":"1","placeholder":"","help":"","autocomplete":"","prepend":"","append":"","aria_label":"","exclude_email":"","wc_exclude_cart":"","hidden_bypass":"","label_position":"default","label_column_width":"default","class_single_vertical_align":"","class_field_wrapper":"","class_field":"","disabled":"","readonly":"","ecommerce_quantity_min":"0","max":"","step":"","field_user_status":"","field_user_roles":[],"field_user_capabilities":[],"invalid_feedback_render":"on","invalid_feedback":"","custom_attributes":[],"data_grid_datalist":{"rows_per_page":10,"group_index":0,"default":[],"columns":[{"id":0,"label":"Value"},{"id":1,"label":"Label"}],"groups":[{"label":"Values","page":0,"disabled":"","mask_group":"","rows":[]}]},"datalist_field_text":"1","datalist_field_value":"0","ecommerce_quantity_field_id":"","breakpoint_size_25":"3","ecommerce_quantity_id":"2216","breakpoint_sizes":"","wsf-data-grid-auto-group":"0","data_source_id":""}},{"label":"Subtotal","type":"price_subtotal","date_updated":"2021-02-26 16:17:47","sort_index":"6","id":"18242","meta":{"label_render":"on","hidden":"","text_align":"right","ecommerce_field_id":"18240","ecommerce_price_negative":"","prepend":"","append":"","aria_label":"","exclude_email":"","wc_exclude_cart":"","hidden_bypass":"","label_position":"default","label_column_width":"default","class_single_vertical_align":"","class_field_wrapper":"","class_field":"","field_user_status":"","field_user_roles":[],"field_user_capabilities":[],"custom_attributes":[],"breakpoint_size_25":"3","breakpoint_sizes":""}},{"label":"Price Checkbox","type":"price_checkbox","date_updated":"2021-02-26 16:17:51","sort_index":"7","id":"18243","meta":{"label_render":"on","hidden":"","select_all":"","select_all_label":"","help":"","orientation":"horizontal","aria_label":"","exclude_email":"","wc_exclude_cart":"","hidden_bypass":"","ecommerce_calculation_persist":"","label_position":"default","label_column_width":"default","class_single_vertical_align":"","class_field_wrapper":"","class_field":"","checkbox_min":"","checkbox_max":"","field_user_status":"","field_user_roles":[],"field_user_capabilities":[],"dedupe_value_scope":"","invalid_feedback_render":"on","invalid_feedback":"","data_grid_checkbox_price":{"rows_per_page":10,"group_index":0,"default":[],"columns":[{"id":0,"label":"Label"},{"id":1,"label":"Price"}],"groups":[{"label":"Checkboxes","page":0,"disabled":"","mask_group":"","rows":[{"id":1,"default":"","required":"","disabled":"","hidden":"","data":["Option 1 (#data_grid_row_price_currency)","2"]},{"id":2,"default":"","required":"","disabled":"","hidden":"","data":["Option 2 (#data_grid_row_price_currency)","3"]},{"id":3,"default":"","disabled":"","required":"","hidden":"","data":["Option 3 (#data_grid_row_price_currency)","4"]}]}]},"data_grid_rows_randomize":"","checkbox_price_field_label":"0","checkbox_price_field_value":"0","checkbox_price_field_price":"1","checkbox_price_field_parse_variable":"0","checkbox_price_field_wc":"0","price_checkbox_cascade":"","price_checkbox_cascade_field_filter":"0","price_checkbox_cascade_field_id":"","price_checkbox_cascade_no_match":"","class_inline":"","breakpoint_size_25":"6","breakpoint_sizes":"","wsf-data-grid-auto-group":"0","orientation_breakpoint_sizes":"","data_source_id":""}},{"label":"Quantity","type":"quantity","date_updated":"2021-02-26 16:17:54","sort_index":"8","id":"18244","meta":{"label_render":"on","required":"","hidden":"","text_align":"center","ecommerce_field_id":"18243","default_value":"1","placeholder":"","help":"","autocomplete":"","prepend":"","append":"","aria_label":"","exclude_email":"","wc_exclude_cart":"","hidden_bypass":"","label_position":"default","label_column_width":"default","class_single_vertical_align":"","class_field_wrapper":"","class_field":"","disabled":"","readonly":"","ecommerce_quantity_min":"0","max":"","step":"","field_user_status":"","field_user_roles":[],"field_user_capabilities":[],"invalid_feedback_render":"on","invalid_feedback":"","custom_attributes":[],"data_grid_datalist":{"rows_per_page":10,"group_index":0,"default":[],"columns":[{"id":0,"label":"Value"},{"id":1,"label":"Label"}],"groups":[{"label":"Values","page":0,"disabled":"","mask_group":"","rows":[]}]},"datalist_field_text":"1","datalist_field_value":"0","ecommerce_quantity_field_id":"","breakpoint_size_25":"3","ecommerce_quantity_id":"2216","breakpoint_sizes":"","wsf-data-grid-auto-group":"0","data_source_id":""}},{"label":"Subtotal","type":"price_subtotal","date_updated":"2021-02-26 16:17:57","sort_index":"9","id":"18245","meta":{"label_render":"on","hidden":"","text_align":"right","ecommerce_field_id":"18243","ecommerce_price_negative":"","prepend":"","append":"","aria_label":"","exclude_email":"","wc_exclude_cart":"","hidden_bypass":"","label_position":"default","label_column_width":"default","class_single_vertical_align":"","class_field_wrapper":"","class_field":"","field_user_status":"","field_user_roles":[],"field_user_capabilities":[],"custom_attributes":[],"breakpoint_size_25":"3","breakpoint_sizes":""}},{"label":"Price Radio","type":"price_radio","date_updated":"2021-02-26 16:18:01","sort_index":"10","id":"18246","meta":{"label_render":"on","required":"","hidden":"","help":"","orientation":"horizontal","aria_label":"","exclude_email":"","wc_exclude_cart":"","hidden_bypass":"","ecommerce_calculation_persist":"","label_position":"default","label_column_width":"default","class_single_vertical_align":"","class_field_wrapper":"","class_field":"","field_user_status":"","field_user_roles":[],"field_user_capabilities":[],"dedupe_value_scope":"","invalid_feedback_render":"on","invalid_feedback":"","data_grid_radio_price":{"rows_per_page":10,"group_index":0,"default":[],"columns":[{"id":0,"label":"Product"},{"id":1,"label":"Price"}],"groups":[{"label":"Radios","page":0,"disabled":"","mask_group":"","rows":[{"id":1,"default":"","required":"","disabled":"","hidden":"","data":["Option 1 (#data_grid_row_price_currency)","3"]},{"id":2,"default":"","required":"","disabled":"","hidden":"","data":["Option 2 (#data_grid_row_price_currency)","4"]},{"id":3,"default":"","disabled":"","required":"","hidden":"","data":["Option 3 (#data_grid_row_price_currency)","5"]}]}]},"data_grid_rows_randomize":"","radio_price_field_label":"0","radio_price_field_value":"0","radio_price_field_price":"1","radio_price_field_parse_variable":"0","radio_price_field_wc":"0","price_radio_cascade":"","price_radio_cascade_field_filter":"0","price_radio_cascade_field_id":"","price_radio_cascade_no_match":"","class_inline":"","breakpoint_size_25":"6","ecommerce_price_type":"subtotal","breakpoint_sizes":"","wsf-data-grid-auto-group":"0","orientation_breakpoint_sizes":"","data_source_id":""}},{"label":"Quantity","type":"quantity","date_updated":"2021-02-26 16:18:04","sort_index":"11","id":"18247","meta":{"label_render":"on","required":"","hidden":"","text_align":"center","ecommerce_field_id":"18246","default_value":"1","placeholder":"","help":"","autocomplete":"","prepend":"","append":"","aria_label":"","exclude_email":"","wc_exclude_cart":"","hidden_bypass":"","label_position":"default","label_column_width":"default","class_single_vertical_align":"","class_field_wrapper":"","class_field":"","disabled":"","readonly":"","ecommerce_quantity_min":"0","max":"","step":"","field_user_status":"","field_user_roles":[],"field_user_capabilities":[],"invalid_feedback_render":"on","invalid_feedback":"","custom_attributes":[],"data_grid_datalist":{"rows_per_page":10,"group_index":0,"default":[],"columns":[{"id":0,"label":"Value"},{"id":1,"label":"Label"}],"groups":[{"label":"Values","page":0,"disabled":"","mask_group":"","rows":[]}]},"datalist_field_text":"1","datalist_field_value":"0","ecommerce_quantity_field_id":"","breakpoint_size_25":"3","ecommerce_quantity_id":"2216","breakpoint_sizes":"","wsf-data-grid-auto-group":"0","data_source_id":""}},{"label":"Subtotal","type":"price_subtotal","date_updated":"2021-02-26 16:18:07","sort_index":"12","id":"18248","meta":{"label_render":"on","hidden":"","text_align":"right","ecommerce_field_id":"18246","ecommerce_price_negative":"","prepend":"","append":"","aria_label":"","exclude_email":"","wc_exclude_cart":"","hidden_bypass":"","label_position":"default","label_column_width":"default","class_single_vertical_align":"","class_field_wrapper":"","class_field":"","field_user_status":"","field_user_roles":[],"field_user_capabilities":[],"custom_attributes":[],"breakpoint_size_25":"3","breakpoint_sizes":""}},{"label":"Price Range","type":"price_range","date_updated":"2021-02-26 16:18:11","sort_index":"13","id":"18249","meta":{"label_render":"on","hidden":"","default_value":"0","help":"#ecommerce_currency_symbol#value","autocomplete":"","aria_label":"","exclude_email":"","wc_exclude_cart":"","hidden_bypass":"","ecommerce_calculation_persist":"","label_position":"default","label_column_width":"default","class_single_vertical_align":"","class_fill_lower_track":"","class_field_wrapper":"","class_field":"","disabled":"","min":"","max":"","step":"","field_user_status":"","field_user_roles":[],"field_user_capabilities":[],"invalid_feedback_render":"on","invalid_feedback":"","custom_attributes":[],"data_grid_datalist":{"rows_per_page":10,"group_index":0,"default":[],"columns":[{"id":0,"label":"Value"},{"id":1,"label":"Label"}],"groups":[{"label":"Values","page":0,"disabled":"","mask_group":"","rows":[]}]},"datalist_field_text":"1","datalist_field_value":"0","breakpoint_size_25":"6","breakpoint_sizes":"","data_source_id":"","wsf-data-grid-auto-group":"0"}},{"label":"Quantity","type":"quantity","date_updated":"2021-02-26 16:18:14","sort_index":"14","id":"18250","meta":{"label_render":"on","required":"","hidden":"","text_align":"center","ecommerce_field_id":"18249","default_value":"1","placeholder":"","help":"","autocomplete":"","prepend":"","append":"","aria_label":"","exclude_email":"","wc_exclude_cart":"","hidden_bypass":"","label_position":"default","label_column_width":"default","class_single_vertical_align":"","class_field_wrapper":"","class_field":"","disabled":"","readonly":"","ecommerce_quantity_min":"0","max":"","step":"","field_user_status":"","field_user_roles":[],"field_user_capabilities":[],"invalid_feedback_render":"on","invalid_feedback":"","custom_attributes":[],"data_grid_datalist":{"rows_per_page":10,"group_index":0,"default":[],"columns":[{"id":0,"label":"Value"},{"id":1,"label":"Label"}],"groups":[{"label":"Values","page":0,"disabled":"","mask_group":"","rows":[]}]},"datalist_field_text":"1","datalist_field_value":"0","breakpoint_size_25":"3","breakpoint_sizes":"","wsf-data-grid-auto-group":"0","data_source_id":""}},{"label":"Subtotal","type":"price_subtotal","date_updated":"2021-02-26 16:18:17","sort_index":"15","id":"18251","meta":{"label_render":"on","hidden":"","text_align":"right","ecommerce_field_id":"18249","ecommerce_price_negative":"","prepend":"","append":"","aria_label":"","exclude_email":"","wc_exclude_cart":"","hidden_bypass":"","label_position":"default","label_column_width":"default","class_single_vertical_align":"","class_field_wrapper":"","class_field":"","field_user_status":"","field_user_roles":[],"field_user_capabilities":[],"custom_attributes":[],"breakpoint_size_25":"3","breakpoint_sizes":""}},{"label":"Total","type":"texteditor","date_updated":"2021-02-26 16:17:20","sort_index":"16","id":"18252","meta":{"hidden":"","text_editor":"<h3 style=\"text-align: right;\">Total: #ecommerce_price(#calc(#field(18264)))<\/h3>","exclude_email":"on","wc_exclude_cart":"on","class_single_vertical_align":"","class_field_wrapper":"","field_user_status":"","field_user_roles":"","field_user_capabilities":"","html_editor":"","breakpoint_size_75":"","breakpoint_offset_75":"0","breakpoint_sizes":""}},{"label":"Proceed to Checkout","type":"tab_next","date_updated":"2021-02-26 16:17:20","sort_index":"17","id":"18277","meta":{"hidden":"","help":"","scroll_to_top":"","scroll_to_top_offset":"0","scroll_to_top_duration":"400","aria_label":"","class_single_vertical_align":"bottom","class_field_button_type":"default","class_field_full_button_remove":"","class_field_wrapper":"","class_field":"","disabled":"","field_user_status":"","field_user_roles":"","field_user_capabilities":"","custom_attributes":"","breakpoint_size_25":"6","breakpoint_offset_25":"6","breakpoint_size_75":"3","breakpoint_offset_75":"9","breakpoint_size_50":"3","breakpoint_offset_50":"9"}}]}],"meta":{"label_render":"","hidden":"","class_group_wrapper":""}},{"label":"Checkout","sort_index":"2","id":"1740","sections":[{"label":"Customer Information","child_count":"0","sort_index":"1","id":"3849","meta":{"label_render":"on","hidden_section":"","section_repeatable":"","section_repeat_label":"","section_repeat_default":"","class_single_vertical_align":"","class_section_wrapper":"","disabled_section":"","section_repeat_min":"","section_repeat_max":"","section_repeatable_delimiter_section":",","section_repeatable_delimiter_row":";","breakpoint_size_25":"","breakpoint_size_50":"6","breakpoint_size_75":"","breakpoint_size_100":"","breakpoint_size_150":"","breakpoint_sizes":""},"fields":[{"label":"First Name","type":"text","date_updated":"2021-02-26 16:17:20","sort_index":"1","id":"18254","meta":{"label_render":"on","required":"on","hidden":"","default_value":"#user_first_name","placeholder":"","help":"","autocomplete":"","prepend":"","append":"","aria_label":"","exclude_email":"","wc_exclude_cart":"","hidden_bypass":"","label_position":"default","label_column_width":"default","class_single_vertical_align":"","class_field_wrapper":"","class_field":"","disabled":"","readonly":"","min_length":"","max_length":"","min_length_words":"","max_length_words":"","input_mask":"","pattern":"","field_user_status":"","field_user_roles":"","field_user_capabilities":"","dedupe":"","dedupe_period":"","dedupe_message":"","invalid_feedback_render":"on","invalid_feedback":"","custom_attributes":[],"data_grid_datalist":{"rows_per_page":10,"group_index":0,"default":[],"columns":[{"id":0,"label":"Value"},{"id":1,"label":"Label"}],"groups":[{"label":"Values","page":0,"disabled":"","mask_group":"","rows":[]}]},"datalist_field_text":"1","datalist_field_value":"0","autocomplete_off":"","breakpoint_size_75":"","breakpoint_sizes":"","data_source_id":"","wsf-data-grid-auto-group":"0","breakpoint_size_50":"6"}},{"label":"Last Name","type":"text","date_updated":"2021-02-26 16:17:21","sort_index":"2","id":"18255","meta":{"label_render":"on","required":"on","hidden":"","default_value":"#user_last_name","placeholder":"","help":"","autocomplete":"","prepend":"","append":"","aria_label":"","exclude_email":"","wc_exclude_cart":"","hidden_bypass":"","label_position":"default","label_column_width":"default","class_single_vertical_align":"","class_field_wrapper":"","class_field":"","disabled":"","readonly":"","min_length":"","max_length":"","min_length_words":"","max_length_words":"","input_mask":"","pattern":"","field_user_status":"","field_user_roles":"","field_user_capabilities":"","dedupe":"","dedupe_period":"","dedupe_message":"","invalid_feedback_render":"on","invalid_feedback":"","custom_attributes":[],"data_grid_datalist":{"rows_per_page":10,"group_index":0,"default":[],"columns":[{"id":0,"label":"Value"},{"id":1,"label":"Label"}],"groups":[{"label":"Values","page":0,"disabled":"","mask_group":"","rows":[]}]},"datalist_field_text":"1","datalist_field_value":"0","autocomplete_off":"","breakpoint_size_75":"","breakpoint_sizes":"","data_source_id":"","wsf-data-grid-auto-group":"0","breakpoint_size_50":"6"}},{"label":"Company","type":"text","date_updated":"2021-02-26 16:17:21","sort_index":"3","id":"18256","meta":{"label_render":"on","required":"","hidden":"","default_value":"","placeholder":"","help":"","autocomplete":"","prepend":"","append":"","aria_label":"","exclude_email":"","wc_exclude_cart":"","hidden_bypass":"","label_position":"default","label_column_width":"default","class_single_vertical_align":"","class_field_wrapper":"","class_field":"","disabled":"","readonly":"","min_length":"","max_length":"","min_length_words":"","max_length_words":"","input_mask":"","pattern":"","field_user_status":"","field_user_roles":"","field_user_capabilities":"","dedupe":"","dedupe_period":"","dedupe_message":"","invalid_feedback_render":"on","invalid_feedback":"","custom_attributes":"","data_grid_datalist":{"rows_per_page":10,"group_index":0,"default":[],"columns":[{"id":0,"label":"Value"},{"id":1,"label":"Label"}],"groups":[{"label":"Values","page":0,"disabled":"","mask_group":"","rows":[]}]},"datalist_field_text":"1","datalist_field_value":"0","autocomplete_off":""}},{"label":"Email","type":"email","date_updated":"2021-02-26 16:17:21","sort_index":"4","id":"18257","meta":{"label_render":"on","required":"on","hidden":"","default_value":"#user_email","multiple_email":"","placeholder":"","help":"","autocomplete":"","prepend":"","append":"","aria_label":"","exclude_email":"","wc_exclude_cart":"","hidden_bypass":"","label_position":"default","label_column_width":"default","class_single_vertical_align":"","class_field_wrapper":"","class_field":"","disabled":"","readonly":"","min_length":"","max_length":"","pattern":"","field_user_status":"","field_user_roles":"","field_user_capabilities":"","dedupe":"","dedupe_period":"","dedupe_message":"","invalid_feedback_render":"on","invalid_feedback":"","custom_attributes":[],"data_grid_datalist":{"rows_per_page":10,"group_index":0,"default":[],"columns":[{"id":0,"label":"Value"},{"id":1,"label":"Label"}],"groups":[{"label":"Values","page":0,"disabled":"","mask_group":"","rows":[]}]},"datalist_field_text":"1","datalist_field_value":"0","autocomplete_off":"","breakpoint_size_75":"6","breakpoint_sizes":"","data_source_id":"","wsf-data-grid-auto-group":"0"}},{"label":"Phone","type":"tel","date_updated":"2021-02-26 16:17:21","sort_index":"5","id":"18258","meta":{"label_render":"on","required":"on","hidden":"","default_value":"","placeholder":"","help":"","autocomplete":"","prepend":"","append":"","aria_label":"","exclude_email":"","wc_exclude_cart":"","hidden_bypass":"","label_position":"default","label_column_width":"default","class_single_vertical_align":"","class_field_wrapper":"","class_field":"","disabled":"","readonly":"","min_length":"","max_length":"","input_mask":"","pattern_tel":"","field_user_status":"","field_user_roles":"","field_user_capabilities":"","dedupe":"","dedupe_period":"","dedupe_message":"","invalid_feedback_render":"on","invalid_feedback":"","custom_attributes":[],"data_grid_datalist":{"rows_per_page":10,"group_index":0,"default":[],"columns":[{"id":0,"label":"Value"},{"id":1,"label":"Label"}],"groups":[{"label":"Values","page":0,"disabled":"","mask_group":"","rows":[]}]},"datalist_field_text":"1","datalist_field_value":"0","autocomplete_off":"","breakpoint_size_75":"6","breakpoint_sizes":"","data_source_id":"","wsf-data-grid-auto-group":"0"}},{"label":"Address Line 1","type":"text","date_updated":"2021-02-26 16:17:21","sort_index":"6","id":"18259","meta":{"label_render":"on","required":"on","hidden":"","default_value":"","placeholder":"","help":"","autocomplete":"","prepend":"","append":"","aria_label":"","exclude_email":"","wc_exclude_cart":"","hidden_bypass":"","label_position":"default","label_column_width":"default","class_single_vertical_align":"","class_field_wrapper":"","class_field":"","disabled":"","readonly":"","min_length":"","max_length":"","min_length_words":"","max_length_words":"","input_mask":"","pattern":"","field_user_status":"","field_user_roles":"","field_user_capabilities":"","dedupe":"","dedupe_period":"","dedupe_message":"","invalid_feedback_render":"on","invalid_feedback":"","custom_attributes":[],"data_grid_datalist":{"rows_per_page":10,"group_index":0,"default":[],"columns":[{"id":0,"label":"Value"},{"id":1,"label":"Label"}],"groups":[{"label":"Values","page":0,"disabled":"","mask_group":"","rows":[]}]},"datalist_field_text":"1","datalist_field_value":"0","autocomplete_off":"","breakpoint_sizes":"","data_source_id":"","wsf-data-grid-auto-group":"0","breakpoint_size_75":"6"}},{"label":"Address Line 2","type":"text","date_updated":"2021-02-26 16:17:21","sort_index":"7","id":"18260","meta":{"label_render":"on","required":"","hidden":"","default_value":"","placeholder":"","help":"","autocomplete":"","prepend":"","append":"","aria_label":"","exclude_email":"","wc_exclude_cart":"","hidden_bypass":"","label_position":"default","label_column_width":"default","class_single_vertical_align":"","class_field_wrapper":"","class_field":"","disabled":"","readonly":"","min_length":"","max_length":"","min_length_words":"","max_length_words":"","input_mask":"","pattern":"","field_user_status":"","field_user_roles":"","field_user_capabilities":"","dedupe":"","dedupe_period":"","dedupe_message":"","invalid_feedback_render":"on","invalid_feedback":"","custom_attributes":"","data_grid_datalist":{"rows_per_page":10,"group_index":0,"default":[],"columns":[{"id":0,"label":"Value"},{"id":1,"label":"Label"}],"groups":[{"label":"Values","page":0,"disabled":"","mask_group":"","rows":[]}]},"datalist_field_text":"1","datalist_field_value":"0","autocomplete_off":"","breakpoint_size_75":"6"}},{"label":"City","type":"text","date_updated":"2021-02-26 16:17:21","sort_index":"8","id":"18261","meta":{"label_render":"on","required":"on","hidden":"","default_value":"","placeholder":"","help":"","autocomplete":"","prepend":"","append":"","aria_label":"","exclude_email":"","wc_exclude_cart":"","hidden_bypass":"","label_position":"default","label_column_width":"default","class_single_vertical_align":"","class_field_wrapper":"","class_field":"","disabled":"","readonly":"","min_length":"","max_length":"","min_length_words":"","max_length_words":"","input_mask":"","pattern":"","field_user_status":"","field_user_roles":"","field_user_capabilities":"","dedupe":"","dedupe_period":"","dedupe_message":"","invalid_feedback_render":"on","invalid_feedback":"","custom_attributes":[],"data_grid_datalist":{"rows_per_page":10,"group_index":0,"default":[],"columns":[{"id":0,"label":"Value"},{"id":1,"label":"Label"}],"groups":[{"label":"Values","page":0,"disabled":"","mask_group":"","rows":[]}]},"datalist_field_text":"1","datalist_field_value":"0","autocomplete_off":"","breakpoint_sizes":"","data_source_id":"","wsf-data-grid-auto-group":"0","breakpoint_size_75":"4"}},{"label":"State","type":"select","date_updated":"2021-02-26 16:17:21","sort_index":"9","id":"18262","meta":{"label_render":"on","required":"on","hidden":"","multiple":"","size":"","placeholder_row":"Select...","help":"","autocomplete":"","select2_intro":"","select2":"","select2_ajax":"","select2_tags":"","prepend":"","append":"","aria_label":"","exclude_email":"","wc_exclude_cart":"","hidden_bypass":"","label_position":"default","label_column_width":"default","class_single_vertical_align":"","class_field_wrapper":"","class_field":"","disabled":"","select_min":"","select_max":"","field_user_status":"","field_user_roles":"","field_user_capabilities":"","dedupe_value_scope":"","invalid_feedback_render":"on","invalid_feedback":"","custom_attributes":[],"data_grid_select":{"rows_per_page":10,"group_index":0,"default":[],"columns":[{"id":0,"label":"State"},{"id":1,"label":"Abbreviation"}],"groups":[{"label":"States (US)","page":0,"disabled":"","mask_group":"","rows":[{"id":1,"default":"","disabled":"","required":"","hidden":"","data":["Alabama","AL"]},{"id":2,"default":"","disabled":"","required":"","hidden":"","data":["Alaska","AK"]},{"id":3,"default":"","disabled":"","required":"","hidden":"","data":["Arizona","AZ"]},{"id":4,"default":"","disabled":"","required":"","hidden":"","data":["Arkansas","AR"]},{"id":5,"default":"","disabled":"","required":"","hidden":"","data":["California","CA"]},{"id":6,"default":"","disabled":"","required":"","hidden":"","data":["Colorado","CO"]},{"id":7,"default":"","disabled":"","required":"","hidden":"","data":["Connecticut","CT"]},{"id":8,"default":"","disabled":"","required":"","hidden":"","data":["Delaware","DE"]},{"id":9,"default":"","disabled":"","required":"","hidden":"","data":["District of Columbia","DC"]},{"id":10,"default":"","disabled":"","required":"","hidden":"","data":["Florida","FL"]},{"id":11,"default":"","disabled":"","required":"","hidden":"","data":["Georgia","GA"]},{"id":12,"default":"","disabled":"","required":"","hidden":"","data":["Hawaii","HI"]},{"id":13,"default":"","disabled":"","required":"","hidden":"","data":["Idaho","ID"]},{"id":14,"default":"","disabled":"","required":"","hidden":"","data":["Illinois","IL"]},{"id":15,"default":"","disabled":"","required":"","hidden":"","data":["Indiana","IN"]},{"id":16,"default":"","disabled":"","required":"","hidden":"","data":["Iowa","IA"]},{"id":17,"default":"","disabled":"","required":"","hidden":"","data":["Kansas","KS"]},{"id":18,"default":"","disabled":"","required":"","hidden":"","data":["Kentucky","KY"]},{"id":19,"default":"","disabled":"","required":"","hidden":"","data":["Louisiana","LA"]},{"id":20,"default":"","disabled":"","required":"","hidden":"","data":["Maine","ME"]},{"id":21,"default":"","disabled":"","required":"","hidden":"","data":["Maryland","MD"]},{"id":22,"default":"","disabled":"","required":"","hidden":"","data":["Massachusetts","MA"]},{"id":23,"default":"","disabled":"","required":"","hidden":"","data":["Michigan","MI"]},{"id":24,"default":"","disabled":"","required":"","hidden":"","data":["Minnesota","MN"]},{"id":25,"default":"","disabled":"","required":"","hidden":"","data":["Mississippi","MS"]},{"id":26,"default":"","disabled":"","required":"","hidden":"","data":["Missouri","MO"]},{"id":27,"default":"","disabled":"","required":"","hidden":"","data":["Montana","MT"]},{"id":28,"default":"","disabled":"","required":"","hidden":"","data":["Nebraska","NE"]},{"id":29,"default":"","disabled":"","required":"","hidden":"","data":["Nevada","NV"]},{"id":30,"default":"","disabled":"","required":"","hidden":"","data":["New Hampshire","NH"]},{"id":31,"default":"","disabled":"","required":"","hidden":"","data":["New Jersey","NJ"]},{"id":32,"default":"","disabled":"","required":"","hidden":"","data":["New Mexico","NM"]},{"id":33,"default":"","disabled":"","required":"","hidden":"","data":["New York","NY"]},{"id":34,"default":"","disabled":"","required":"","hidden":"","data":["North Carolina","NC"]},{"id":35,"default":"","disabled":"","required":"","hidden":"","data":["North Dakota","ND"]},{"id":36,"default":"","disabled":"","required":"","hidden":"","data":["Ohio","OH"]},{"id":37,"default":"","disabled":"","required":"","hidden":"","data":["Oklahoma","OK"]},{"id":38,"default":"","disabled":"","required":"","hidden":"","data":["Oregon","OR"]},{"id":39,"default":"","disabled":"","required":"","hidden":"","data":["Pennsylvania","PA"]},{"id":40,"default":"","disabled":"","required":"","hidden":"","data":["Rhode Island","RI"]},{"id":41,"default":"","disabled":"","required":"","hidden":"","data":["South Carolina","SC"]},{"id":42,"default":"","disabled":"","required":"","hidden":"","data":["South Dakota","SD"]},{"id":43,"default":"","disabled":"","required":"","hidden":"","data":["Tennessee","TN"]},{"id":44,"default":"","disabled":"","required":"","hidden":"","data":["Texas","TX"]},{"id":45,"default":"","disabled":"","required":"","hidden":"","data":["Utah","UT"]},{"id":46,"default":"","disabled":"","required":"","hidden":"","data":["Vermont","VT"]},{"id":47,"default":"","disabled":"","required":"","hidden":"","data":["Virginia","VA"]},{"id":48,"default":"","disabled":"","required":"","hidden":"","data":["Washington","WA"]},{"id":49,"default":"","disabled":"","required":"","hidden":"","data":["West Virginia","WV"]},{"id":50,"default":"","disabled":"","required":"","hidden":"","data":["Wisconsin","WI"]},{"id":51,"default":"","disabled":"","required":"","hidden":"","data":["Wyoming","WY"]}]}]},"data_grid_rows_randomize":"","select_field_label":"0","select_field_value":"1","select_field_parse_variable":"0","select_field_wc":"0","select_cascade":"","select_cascade_field_filter":"0","select_cascade_field_id":"","select_cascade_no_match":"","select_cascade_option_text_no_rows":"","select_cascade_ajax":"","select_cascade_ajax_option_text_loading":"","breakpoint_sizes":"","data_source_id":"","wsf-data-grid-auto-group":"0","data_source_preset_preset_id":"10615","data_source_preset_get":"","data_source_get":"","breakpoint_size_75":"4","breakpoint_size_25":"6"}},{"label":"Postal Code","type":"text","date_updated":"2021-02-26 16:17:21","sort_index":"10","id":"18263","meta":{"label_render":"on","required":"on","hidden":"","default_value":"","placeholder":"","help":"","autocomplete":"","prepend":"","append":"","aria_label":"","exclude_email":"","wc_exclude_cart":"","hidden_bypass":"","label_position":"default","label_column_width":"default","class_single_vertical_align":"","class_field_wrapper":"","class_field":"","disabled":"","readonly":"","min_length":"","max_length":"","min_length_words":"","max_length_words":"","input_mask":"","pattern":"","field_user_status":"","field_user_roles":"","field_user_capabilities":"","dedupe":"","dedupe_period":"","dedupe_message":"","invalid_feedback_render":"on","invalid_feedback":"","custom_attributes":[],"data_grid_datalist":{"rows_per_page":10,"group_index":0,"default":[],"columns":[{"id":0,"label":"Value"},{"id":1,"label":"Label"}],"groups":[{"label":"Values","page":0,"disabled":"","mask_group":"","rows":[]}]},"datalist_field_text":"1","datalist_field_value":"0","autocomplete_off":"","breakpoint_sizes":"","data_source_id":"","wsf-data-grid-auto-group":"0","breakpoint_size_75":"4","breakpoint_size_25":"6"}}]},{"label":"Order Details","child_count":"0","sort_index":"2","id":"3850","meta":{"label_render":"on","hidden_section":"","section_repeatable":"","section_repeat_label":"","section_repeat_default":"","class_single_vertical_align":"","class_section_wrapper":"","disabled_section":"","section_repeat_min":"","section_repeat_max":"","section_repeatable_delimiter_section":",","section_repeatable_delimiter_row":";","breakpoint_size_25":"","breakpoint_size_50":"6","breakpoint_size_75":"","breakpoint_size_100":"","breakpoint_size_150":"","breakpoint_sizes":""},"fields":[{"label":"Subtotal","type":"cart_price","date_updated":"2021-02-26 16:17:21","sort_index":"1","id":"18264","meta":{"label_render":"on","required":"","hidden":"","text_align":"right","ecommerce_cart_price_type":"subtotal","default_value":"","ecommerce_price_negative":"","placeholder":"","help":"","autocomplete":"","prepend":"","append":"","aria_label":"","exclude_email":"","wc_exclude_cart":"","hidden_bypass":"","ecommerce_calculation_persist":"","label_position":"default","label_column_width":"default","class_single_vertical_align":"","class_field_wrapper":"","class_field":"","disabled":"","readonly":"","ecommerce_price_min":"","ecommerce_price_max":"","field_user_status":"","field_user_roles":"","field_user_capabilities":"","invalid_feedback_render":"on","invalid_feedback":"","custom_attributes":[],"data_grid_datalist":{"rows_per_page":10,"group_index":0,"default":[],"columns":[{"id":0,"label":"Value"},{"id":1,"label":"Label"}],"groups":[{"label":"Values","page":0,"disabled":"","mask_group":"","rows":[]}]},"datalist_field_text":"1","datalist_field_value":"0","breakpoint_size_25":"","breakpoint_offset_25":"0","breakpoint_sizes":"","wsf-data-grid-auto-group":"0","breakpoint_size_75":"6","breakpoint_offset_75":"6"}},{"label":"Shipping Method","type":"select","date_updated":"2021-02-26 16:17:21","sort_index":"2","id":"18265","meta":{"label_render":"on","required":"","hidden":"","multiple":"","size":"","placeholder_row":"","help":"","autocomplete":"","select2_intro":"","select2":"","select2_ajax":"","select2_tags":"","prepend":"","append":"","aria_label":"","exclude_email":"","wc_exclude_cart":"","hidden_bypass":"","label_position":"default","label_column_width":"default","class_single_vertical_align":"","class_field_wrapper":"","class_field":"","disabled":"","select_min":"","select_max":"","field_user_status":"","field_user_roles":"","field_user_capabilities":"","dedupe_value_scope":"","invalid_feedback_render":"on","invalid_feedback":"","custom_attributes":[],"data_grid_select":{"rows_per_page":10,"group_index":0,"default":[],"columns":[{"id":0,"label":"Option"},{"id":1,"label":"New Column"}],"groups":[{"label":"Options","page":0,"disabled":"","mask_group":"","rows":[{"id":1,"default":"","required":"","disabled":"","hidden":"","data":["5","UPS Ground"]},{"id":2,"default":"","required":"","disabled":"","hidden":"","data":["10","UPS 2nd Day"]},{"id":3,"default":"","disabled":"","required":"","hidden":"","data":["15","UPS Next Day Air"]}]}]},"data_grid_rows_randomize":"","select_field_label":"1","select_field_value":"0","select_field_parse_variable":"0","select_field_wc":"0","select_cascade":"","select_cascade_field_filter":"0","select_cascade_field_id":"","select_cascade_no_match":"","select_cascade_option_text_no_rows":"","select_cascade_ajax":"","select_cascade_ajax_option_text_loading":"","breakpoint_size_25":"6","breakpoint_sizes":"","wsf-data-grid-auto-group":"0","breakpoint_size_75":"","breakpoint_offset_75":"0","breakpoint_size_50":""}},{"label":"Shipping","type":"cart_price","date_updated":"2021-02-26 16:17:21","sort_index":"3","id":"18266","meta":{"label_render":"on","required":"","hidden":"","text_align":"right","ecommerce_cart_price_type":"shipping","default_value":"","ecommerce_price_negative":"","placeholder":"","help":"","autocomplete":"","prepend":"","append":"","aria_label":"","exclude_email":"","wc_exclude_cart":"","hidden_bypass":"","ecommerce_calculation_persist":"","label_position":"default","label_column_width":"default","class_single_vertical_align":"","class_field_wrapper":"","class_field":"","disabled":"","readonly":"","ecommerce_price_min":"","ecommerce_price_max":"","field_user_status":"","field_user_roles":"","field_user_capabilities":"","invalid_feedback_render":"on","invalid_feedback":"","custom_attributes":[],"data_grid_datalist":{"rows_per_page":10,"group_index":0,"default":[],"columns":[{"id":0,"label":"Value"},{"id":1,"label":"Label"}],"groups":[{"label":"Values","page":0,"disabled":"","mask_group":"","rows":[]}]},"datalist_field_text":"1","datalist_field_value":"0","breakpoint_size_25":"6","breakpoint_sizes":"","wsf-data-grid-auto-group":"0","breakpoint_offset_25":"0","breakpoint_size_75":"","breakpoint_size_50":""}},{"label":"Handling Fee","type":"cart_price","date_updated":"2021-02-26 16:17:22","sort_index":"4","id":"18267","meta":{"label_render":"on","required":"","hidden":"","text_align":"right","ecommerce_cart_price_type":"handling_fee","default_value":"2","ecommerce_price_negative":"","placeholder":"","help":"","autocomplete":"","prepend":"","append":"","aria_label":"","exclude_email":"","wc_exclude_cart":"","hidden_bypass":"","ecommerce_calculation_persist":"","label_position":"default","label_column_width":"default","class_single_vertical_align":"","class_field_wrapper":"","class_field":"","disabled":"","readonly":"","ecommerce_price_min":"","ecommerce_price_max":"","field_user_status":"","field_user_roles":"","field_user_capabilities":"","invalid_feedback_render":"on","invalid_feedback":"","custom_attributes":[],"data_grid_datalist":{"rows_per_page":10,"group_index":0,"default":[],"columns":[{"id":0,"label":"Value"},{"id":1,"label":"Label"}],"groups":[{"label":"Values","page":0,"disabled":"","mask_group":"","rows":[]}]},"datalist_field_text":"1","datalist_field_value":"0","breakpoint_size_25":"","breakpoint_offset_25":"0","breakpoint_sizes":"","wsf-data-grid-auto-group":"0","breakpoint_size_75":"6","breakpoint_offset_75":"6"}},{"label":"Promo Code","type":"text","date_updated":"2021-02-26 16:17:22","sort_index":"5","id":"18268","meta":{"label_render":"on","required":"","hidden":"","default_value":"","placeholder":"FREESHIP, SAVE10, SAVE20, SAVE30","help":"","autocomplete":"","prepend":"","append":"","aria_label":"","exclude_email":"","wc_exclude_cart":"","hidden_bypass":"on","label_position":"default","label_column_width":"default","class_single_vertical_align":"","class_field_wrapper":"","class_field":"","disabled":"","readonly":"","min_length":"","max_length":"","min_length_words":"","max_length_words":"","input_mask":"","pattern":"","field_user_status":"","field_user_roles":"","field_user_capabilities":"","dedupe":"","dedupe_period":"","dedupe_message":"","invalid_feedback_render":"on","invalid_feedback":"","custom_attributes":[],"data_grid_datalist":{"rows_per_page":10,"group_index":0,"default":[],"columns":[{"id":0,"label":"Value"},{"id":1,"label":"Label"}],"groups":[{"label":"Values","page":0,"disabled":"","mask_group":"","rows":[]}]},"datalist_field_text":"1","datalist_field_value":"0","autocomplete_off":"","breakpoint_size_25":"6","breakpoint_size_75":"","breakpoint_offset_75":"0","breakpoint_sizes":"","data_source_id":"","wsf-data-grid-auto-group":"0"}},{"label":"Apply Discount","type":"button","date_updated":"2021-02-26 16:17:22","sort_index":"6","id":"18269","meta":{"hidden":"","help":"","aria_label":"","class_single_vertical_align":"bottom","class_field_button_type":"default","class_field_full_button_remove":"","class_field_wrapper":"","class_field":"","disabled":"","field_user_status":"","field_user_roles":"","field_user_capabilities":"","custom_attributes":"","breakpoint_size_75":"","breakpoint_size_25":"6"}},{"label":"Discount","type":"cart_price","date_updated":"2021-02-26 16:17:22","sort_index":"7","id":"18270","meta":{"label_render":"on","required":"","hidden":"on","text_align":"right","ecommerce_cart_price_type":"discount","default_value":"","ecommerce_price_negative":"on","placeholder":"","help":"","autocomplete":"","prepend":"","append":"","aria_label":"","exclude_email":"","wc_exclude_cart":"","hidden_bypass":"on","ecommerce_calculation_persist":"on","label_position":"default","label_column_width":"default","class_single_vertical_align":"","class_field_wrapper":"","class_field":"","disabled":"","readonly":"on","ecommerce_price_min":"","ecommerce_price_max":"","field_user_status":"","field_user_roles":"","field_user_capabilities":"","invalid_feedback_render":"on","invalid_feedback":"","custom_attributes":[],"data_grid_datalist":{"rows_per_page":10,"group_index":0,"default":[],"columns":[{"id":0,"label":"Value"},{"id":1,"label":"Label"}],"groups":[{"label":"Values","page":0,"disabled":"","mask_group":"","rows":[]}]},"datalist_field_text":"1","datalist_field_value":"0","breakpoint_sizes":"","data_source_id":"","wsf-data-grid-auto-group":"0","breakpoint_size_25":"6","breakpoint_size_75":""}},{"label":"Remove Discount","type":"button","date_updated":"2021-02-26 16:17:22","sort_index":"8","id":"18271","meta":{"hidden":"on","help":"","aria_label":"","class_single_vertical_align":"bottom","class_field_button_type":"danger","class_field_full_button_remove":"","class_field_wrapper":"","class_field":"","disabled":"","field_user_status":"","field_user_roles":"","field_user_capabilities":"","custom_attributes":[],"breakpoint_sizes":"","breakpoint_size_75":"","breakpoint_size_25":"6"}},{"label":"Discount Success","type":"message","date_updated":"2021-02-26 16:17:22","sort_index":"9","id":"18272","meta":{"hidden":"on","class_field_message_type":"success","text_editor":"","exclude_email":"on","wc_exclude_cart":"on","class_single_vertical_align":"","class_field_wrapper":"","field_user_status":"","field_user_roles":"","field_user_capabilities":"","custom_attributes":"","html_editor":"","breakpoint_sizes":""}},{"label":"Cart Total","type":"cart_total","date_updated":"2021-02-26 16:17:22","sort_index":"10","id":"18273","meta":{"label_render":"on","hidden":"","text_align":"right","ecommerce_price_negative":"","prepend":"","append":"","aria_label":"","exclude_email":"","wc_exclude_cart":"","hidden_bypass":"","label_position":"default","label_column_width":"default","class_single_vertical_align":"","class_field_wrapper":"","class_field":"","field_user_status":"","field_user_roles":"","field_user_capabilities":"","custom_attributes":[],"breakpoint_size_25":"","breakpoint_offset_25":"0","breakpoint_sizes":"","breakpoint_size_75":"6","breakpoint_offset_75":"6"}},{"label":"Back to Cart","type":"tab_previous","date_updated":"2021-02-26 16:17:22","sort_index":"11","id":"18276","meta":{"hidden":"","help":"","scroll_to_top":"","scroll_to_top_offset":"0","scroll_to_top_duration":"400","aria_label":"","class_single_vertical_align":"bottom","class_field_button_type":"default","class_field_full_button_remove":"","class_field_wrapper":"","class_field":"","disabled":"","field_user_status":"","field_user_roles":"","field_user_capabilities":"","custom_attributes":"","breakpoint_size_25":"6"}},{"label":"Place Order","type":"submit","date_updated":"2021-02-26 16:17:22","sort_index":"12","id":"18275","meta":{"hidden":"","help":"","aria_label":"","class_single_vertical_align":"bottom","class_field_button_type":"primary","class_field_full_button_remove":"","class_field_wrapper":"","class_field":"","disabled":"","field_user_status":"","field_user_roles":"","field_user_capabilities":"","custom_attributes":"","breakpoint_size_25":"6","breakpoint_offset_25":"0","breakpoint_offset_50":"","breakpoint_size_50":"","breakpoint_size_125":"","breakpoint_size_75":"","breakpoint_offset_75":""}}]}],"meta":{"label_render":"","hidden":"","class_group_wrapper":""}}],"meta":{"label_render":"","submit_on_enter":"","submit_lock":"on","submit_unlock":"on","submit_reload":"on","form_action":"","cookie_tab_index":"on","tab_validation":"","submit_show_errors":"on","invalid_field_focus":"on","error_type":"danger","error_method":"after","error_clear":"on","error_scroll_top":"","error_scroll_top_offset":"0","error_scroll_top_duration":"400","error_form_hide":"","error_duration":"","error_message_hide":"on","error_form_show":"","label_position_form":"top","label_column_width_form":"3","label_required":"on","label_mask_required":"","class_form_wrapper":"","class_group_wrapper":"","class_section_wrapper":"","class_field_wrapper":"","class_field":"","label_mask_form":"","label_mask_group":"","label_mask_section":"","action_humanpresence_intro":"","action_humanpresence_not_enabled":"","action_akismetv1_intro":"","action_akismetv1_not_enabled":"","honeypot":"","spam_threshold":"50","submit_limit":"","submit_limit_count":"","submit_limit_period":"","submit_limit_message":"","submit_limit_message_type":"information","schedule_start":"","schedule_start_datetime":"","schedule_start_message":"","schedule_start_message_type":"information","schedule_end":"","schedule_end_datetime":"","schedule_end_message":"","schedule_end_message_type":"information","user_limit_logged_in":"","form_user_roles":"","form_user_capabilities":"","user_limit_logged_in_message_type":"danger","user_limit_logged_in_message":"","analytics_google":"","analytics_google_event_tab":"on","analytics_google_event_field":"on","tracking_remote_ip":"","tracking_agent":"","tracking_referrer":"","tracking_os":"","tracking_host":"","tracking_pathname":"","tracking_query_string":"","tracking_geo_location":"","tracking_ip_lookup_latlon":"","tracking_ip_lookup_city":"","tracking_ip_lookup_region":"","tracking_ip_lookup_country":"","tracking_ip_lookup_time_zone":"","tracking_duration":"","tracking_utm_source":"","tracking_utm_medium":"","tracking_utm_campaign":"","tracking_utm_term":"","tracking_utm_content":"","form_populate_enabled":"","form_populate_action_id":"","form_populate_list_id":"","action_post_form_populate_post_id":"#query_var(\"post_id\")","action_post_form_populate_author_restrict":"","action_user_form_populate_field_mapping":"","form_populate_field_mapping":"","action_post_form_populate_field_mapping_acf":"","action_post_form_populate_meta_mapping":"","action_user_form_populate_field_mapping_acf":"","action_user_form_populate_meta_mapping":"","form_populate_tag_mapping":"","action_post_form_populate_featured_image":"","wc_form_assign_intro":"","wc_form_assign":"","wc_form_assign_product_cat_include_mapping":"","wc_form_assign_product_tag_include_mapping":"","wc_form_assign_product_include_mapping":"","wc_form_assign_product_cat_exclude_mapping":"","wc_form_assign_product_tag_exclude_mapping":"","wc_form_assign_product_exclude_mapping":"","wc_catalog_add_to_cart_text":"Select options","wc_price_disable":"","wc_price_prefix":"","wc_price_suffix":"","wc_product_price_variation_hide":"","wc_product_add_to_cart_hide":"","wc_product_quantity_hide":"","wc_product_form_validate":"","wc_product_clear_hidden_meta_values":"on","wc_cart_edit":"","wc_cart_price_plugin_allow_negative":"","wc_actions_fire":"yes","breakpoint":"75","tab_index":0,"action":{"rows_per_page":10,"group_index":0,"default":[],"columns":[{"id":0,"label":"Action"},{"id":1,"label":"Data"}],"groups":[{"label":"Actions","page":0,"disabled":"","mask_group":"","rows":[{"id":1,"default":"","required":"","disabled":"","hidden":"","data":["Save to Submissions","{\"id\":\"database\",\"meta\":{\"action_database_field_filter\":\"\",\"action_database_field_filter_mapping\":\"\",\"action_database_expire\":\"\",\"action_database_expire_duration\":\"90\"},\"events\":[\"save\",\"submit\"]}"]},{"id":2,"default":"","required":"","disabled":"","hidden":"","data":["Show a Message","{\"id\":\"message\",\"meta\":{\"action_message_message\":\"Thank you for your order.\",\"action_message_type\":\"success\",\"action_message_method\":\"before\",\"action_message_form_hide\":\"on\",\"action_message_clear\":\"on\",\"action_message_scroll_top\":\"\",\"action_message_duration\":\"\",\"action_message_message_hide\":\"\",\"action_message_form_show\":\"\"},\"events\":[\"submit\"]}"]},{"id":3,"default":"","disabled":"","required":"","hidden":"","data":["Send Email","{\"id\":\"email\",\"meta\":{\"action_email_content_type\":\"text\\\/html\",\"action_email_from_email\":\"#blog_admin_email\",\"action_email_from_name\":\"#blog_name\",\"action_email_to\":[{\"action_email_email\":\"#blog_admin_email\",\"action_email_name\":\"#blog_name\"}],\"action_email_cc\":[],\"action_email_bcc\":[],\"action_email_reply_to_email\":\"\",\"action_email_subject\":\"#form_label\",\"action_email_message_editor\":\"text_editor\",\"action_email_message_wrapper\":\"on\",\"action_email_message_textarea\":\"#email_submission\",\"action_email_message_text_editor\":\"<h3>#email_subject<\\\/h3><p>#email_submission<\\\/p>\",\"action_email_message_html_editor\":\"<h3>#email_subject<\\\/h3>\\n\\n#email_submission\",\"action_email_attachments\":[],\"action_email_headers\":[],\"action_email_charset\":\"#blog_charset\"},\"events\":[\"submit\"]}"]}]}]},"invalid_field_scroll":"","field_select":"","form_history":"","documentation":"","contact":"","knowledgebase":"","contact_inquiry":"","contact_push_form":"","contact_push_system":"","contact_gdpr":"","contact_submit":"","conditional":{"rows_per_page":10,"group_index":0,"default":[],"columns":[{"id":0,"label":"Condition"},{"id":1,"label":"Data"}],"groups":[{"label":"Conditions","page":0,"disabled":"","mask_group":"","rows":[{"id":1,"default":"","disabled":"","required":"","hidden":"","data":["Set shipping method","{\"if\":[{\"conditions\":[{\"id\":2,\"object\":\"field\",\"object_id\":18265,\"object_row_id\":0,\"logic\":\"change\",\"value\":\"\",\"case_sensitive\":true,\"logic_previous\":\"||\"}],\"logic_previous\":\"||\"}],\"then\":[{\"id\":1,\"object\":\"field\",\"object_id\":18266,\"object_row_id\":\"\",\"action\":\"value_number\",\"value\":\"#ecommerce_field_price(18265)\"}],\"else\":[{\"id\":1,\"object\":\"field\",\"object_id\":18266,\"object_row_id\":\"\",\"action\":\"value_number\",\"value\":\"#ecommerce_field_price(18265)\"}]}"]},{"id":8,"default":"","disabled":"","required":"","hidden":"","data":["Promo code: FREESHIP","{\"if\":[{\"conditions\":[{\"id\":3,\"object\":\"field\",\"object_id\":18268,\"object_row_id\":0,\"logic\":\"equals\",\"value\":\"FREESHIP\",\"case_sensitive\":false,\"logic_previous\":\"||\"},{\"id\":4,\"object\":\"field\",\"object_id\":18269,\"object_row_id\":0,\"logic\":\"click\",\"value\":\"\",\"case_sensitive\":true,\"logic_previous\":\"&&\"}],\"logic_previous\":\"||\"}],\"then\":[{\"id\":1,\"object\":\"field\",\"object_id\":18268,\"object_row_id\":\"\",\"action\":\"visibility\",\"value\":\"off\"},{\"id\":2,\"object\":\"field\",\"object_id\":18269,\"object_row_id\":\"\",\"action\":\"visibility\",\"value\":\"off\"},{\"id\":3,\"object\":\"field\",\"object_id\":18270,\"object_row_id\":\"\",\"action\":\"visibility\",\"value\":\"\"},{\"id\":4,\"object\":\"field\",\"object_id\":18270,\"object_row_id\":\"\",\"action\":\"value_number\",\"value\":\"-#field(18265)\"},{\"id\":5,\"object\":\"field\",\"object_id\":18271,\"object_row_id\":\"\",\"action\":\"visibility\",\"value\":\"\"},{\"id\":6,\"object\":\"field\",\"object_id\":18272,\"object_row_id\":\"\",\"action\":\"visibility\",\"value\":\"\"},{\"id\":7,\"object\":\"field\",\"object_id\":18272,\"object_row_id\":\"\",\"action\":\"text_editor\",\"value\":\"Promo Code: #field(18268) has successfully been applied.\"}],\"else\":[]}"]},{"id":9,"default":"","disabled":"","required":"","hidden":"","data":["Promo code: SAVE10","{\"if\":[{\"conditions\":[{\"id\":3,\"object\":\"field\",\"object_id\":18268,\"object_row_id\":0,\"logic\":\"equals\",\"value\":\"SAVE10\",\"case_sensitive\":false,\"logic_previous\":\"||\"},{\"id\":4,\"object\":\"field\",\"object_id\":18269,\"object_row_id\":0,\"logic\":\"click\",\"value\":\"\",\"case_sensitive\":true,\"logic_previous\":\"&&\"}],\"logic_previous\":\"||\"}],\"then\":[{\"id\":1,\"object\":\"field\",\"object_id\":18268,\"object_row_id\":\"\",\"action\":\"visibility\",\"value\":\"off\"},{\"id\":2,\"object\":\"field\",\"object_id\":18269,\"object_row_id\":\"\",\"action\":\"visibility\",\"value\":\"off\"},{\"id\":3,\"object\":\"field\",\"object_id\":18270,\"object_row_id\":\"\",\"action\":\"visibility\",\"value\":\"\"},{\"id\":4,\"object\":\"field\",\"object_id\":18270,\"object_row_id\":\"\",\"action\":\"value_number\",\"value\":\"-#calc(#field(18273)*10*0.01)\"},{\"id\":5,\"object\":\"field\",\"object_id\":18271,\"object_row_id\":\"\",\"action\":\"visibility\",\"value\":\"\"},{\"id\":6,\"object\":\"field\",\"object_id\":18272,\"object_row_id\":\"\",\"action\":\"visibility\",\"value\":\"\"},{\"id\":7,\"object\":\"field\",\"object_id\":18272,\"object_row_id\":\"\",\"action\":\"text_editor\",\"value\":\"Promo Code: #field(18268) has successfully been applied.\"}],\"else\":[]}"]},{"id":10,"default":"","disabled":"","required":"","hidden":"","data":["Promo code: SAVE20","{\"if\":[{\"conditions\":[{\"id\":3,\"object\":\"field\",\"object_id\":18268,\"object_row_id\":0,\"logic\":\"equals\",\"value\":\"SAVE20\",\"case_sensitive\":false,\"logic_previous\":\"||\"},{\"id\":4,\"object\":\"field\",\"object_id\":18269,\"object_row_id\":0,\"logic\":\"click\",\"value\":\"\",\"case_sensitive\":true,\"logic_previous\":\"&&\"}],\"logic_previous\":\"||\"}],\"then\":[{\"id\":1,\"object\":\"field\",\"object_id\":18268,\"object_row_id\":\"\",\"action\":\"visibility\",\"value\":\"off\"},{\"id\":2,\"object\":\"field\",\"object_id\":18269,\"object_row_id\":\"\",\"action\":\"visibility\",\"value\":\"off\"},{\"id\":3,\"object\":\"field\",\"object_id\":18270,\"object_row_id\":\"\",\"action\":\"visibility\",\"value\":\"\"},{\"id\":4,\"object\":\"field\",\"object_id\":18270,\"object_row_id\":\"\",\"action\":\"value_number\",\"value\":\"-#calc(#field(18273)*20*0.01)\"},{\"id\":5,\"object\":\"field\",\"object_id\":18271,\"object_row_id\":\"\",\"action\":\"visibility\",\"value\":\"\"},{\"id\":6,\"object\":\"field\",\"object_id\":18272,\"object_row_id\":\"\",\"action\":\"visibility\",\"value\":\"\"},{\"id\":7,\"object\":\"field\",\"object_id\":18272,\"object_row_id\":\"\",\"action\":\"text_editor\",\"value\":\"Promo Code: #field(18268) has successfully been applied.\"}],\"else\":[]}"]},{"id":11,"default":"","disabled":"","required":"","hidden":"","data":["Promo code: SAVE30","{\"if\":[{\"conditions\":[{\"id\":3,\"object\":\"field\",\"object_id\":18268,\"object_row_id\":0,\"logic\":\"equals\",\"value\":\"SAVE30\",\"case_sensitive\":false,\"logic_previous\":\"||\"},{\"id\":4,\"object\":\"field\",\"object_id\":18269,\"object_row_id\":0,\"logic\":\"click\",\"value\":\"\",\"case_sensitive\":true,\"logic_previous\":\"&&\"}],\"logic_previous\":\"||\"}],\"then\":[{\"id\":1,\"object\":\"field\",\"object_id\":18268,\"object_row_id\":\"\",\"action\":\"visibility\",\"value\":\"off\"},{\"id\":2,\"object\":\"field\",\"object_id\":18269,\"object_row_id\":\"\",\"action\":\"visibility\",\"value\":\"off\"},{\"id\":3,\"object\":\"field\",\"object_id\":18270,\"object_row_id\":\"\",\"action\":\"visibility\",\"value\":\"\"},{\"id\":4,\"object\":\"field\",\"object_id\":18270,\"object_row_id\":\"\",\"action\":\"value_number\",\"value\":\"-#calc(#field(18273)*30*0.01)\"},{\"id\":5,\"object\":\"field\",\"object_id\":18271,\"object_row_id\":\"\",\"action\":\"visibility\",\"value\":\"\"},{\"id\":6,\"object\":\"field\",\"object_id\":18272,\"object_row_id\":\"\",\"action\":\"visibility\",\"value\":\"\"},{\"id\":7,\"object\":\"field\",\"object_id\":18272,\"object_row_id\":\"\",\"action\":\"text_editor\",\"value\":\"Promo Code: #field(18268) has successfully been applied.\"}],\"else\":[]}"]},{"id":12,"default":"","disabled":"","required":"","hidden":"","data":["Remove discount","{\"if\":[{\"conditions\":[{\"id\":5,\"object\":\"field\",\"object_id\":18271,\"object_row_id\":0,\"logic\":\"click\",\"value\":\"\",\"case_sensitive\":true,\"logic_previous\":\"||\"}],\"logic_previous\":\"||\"}],\"then\":[{\"id\":1,\"object\":\"field\",\"object_id\":18268,\"object_row_id\":\"\",\"action\":\"visibility\",\"value\":\"\"},{\"id\":2,\"object\":\"field\",\"object_id\":18268,\"object_row_id\":\"\",\"action\":\"clear\",\"value\":\"\"},{\"id\":3,\"object\":\"field\",\"object_id\":18269,\"object_row_id\":\"\",\"action\":\"visibility\",\"value\":\"\"},{\"id\":4,\"object\":\"field\",\"object_id\":18270,\"object_row_id\":\"\",\"action\":\"visibility\",\"value\":\"off\"},{\"id\":5,\"object\":\"field\",\"object_id\":18270,\"object_row_id\":\"\",\"action\":\"value_number\",\"value\":\"0\"},{\"id\":6,\"object\":\"field\",\"object_id\":18271,\"object_row_id\":\"\",\"action\":\"visibility\",\"value\":\"off\"},{\"id\":7,\"object\":\"field\",\"object_id\":18272,\"object_row_id\":\"\",\"action\":\"visibility\",\"value\":\"off\"},{\"id\":8,\"object\":\"field\",\"object_id\":18272,\"object_row_id\":\"\",\"action\":\"text_editor\",\"value\":\"\"}],\"else\":[]}"]}]}]},"contact_first_name":"","contact_last_name":"","contact_email":""},"identifier":"ws_form","version":"1.8.2","time":1614356343,"checksum":"a4ffc53a69b55748045eaf4e4a1590b4"}