{"label":"Name","status":"draft","count_stat_view":"0","count_stat_save":"0","count_stat_submit":"0","count_submit":0,"count_submit_unread":"0","id":"1","groups":[{"label":"Name","sort_index":"1","id":"2","sections":[{"label":"Name","child_count":"0","sort_index":"1","id":"3","meta":{"label_render":"","hidden_section":"","class_single_vertical_align":"","class_section_wrapper":"","disabled_section":"","section_user_status":"","section_user_roles":"","section_user_capabilities":"","section_repeatable":"","section_repeat_label":"","section_repeat_default":"","section_repeat_min":"","section_repeat_max":"","section_repeatable_delimiter_section":",","section_repeatable_delimiter_row":";","breakpoint_size_25":"","breakpoint_offset_25":"","breakpoint_size_50":"","breakpoint_offset_50":"","breakpoint_size_75":"","breakpoint_offset_75":"","breakpoint_size_100":"","breakpoint_offset_100":"","breakpoint_size_150":"","breakpoint_offset_150":""},"fields":[{"label":"First Name","type":"text","date_updated":"2021-04-14 16:44:45","sort_index":"1","id":"8","meta":{"label_render":"on","required":"on","hidden":"","default_value":"","placeholder":"","help":"","autocomplete":"","prepend":"","append":"","aria_label":"","exclude_email":"","hidden_bypass":"","label_position":"default","label_column_width":"default","class_single_vertical_align":"","class_field_wrapper":"","class_field":"","disabled":"","readonly":"","min_length":"","max_length":"","min_length_words":"","max_length_words":"","input_mask":"","pattern":"","field_user_status":"","field_user_roles":[],"field_user_capabilities":[],"dedupe":"","dedupe_period":"","dedupe_message":"","invalid_feedback_render":"on","invalid_feedback":"","custom_attributes":[],"data_grid_datalist":{"rows_per_page":10,"group_index":0,"default":[],"columns":[{"id":0,"label":"Value"},{"id":1,"label":"Label"}],"groups":[{"label":"Values","page":0,"disabled":"","mask_group":"","rows":[]}]},"datalist_field_text":"1","datalist_field_value":"0","wc_exclude_cart":"","breakpoint_size_25":"6","breakpoint_size_75":"","breakpoint_sizes":"","data_source_id":"","wsf-data-grid-auto-group":"0","breakpoint_offset_25":"","breakpoint_size_50":"","breakpoint_offset_50":"","breakpoint_offset_75":"","breakpoint_size_100":"","breakpoint_offset_100":"","breakpoint_size_150":"","breakpoint_offset_150":""}},{"label":"Last Name","type":"text","date_updated":"2021-04-14 16:44:48","sort_index":"2","id":"9","meta":{"label_render":"on","required":"on","hidden":"","default_value":"","placeholder":"","help":"","autocomplete":"","prepend":"","append":"","aria_label":"","exclude_email":"","hidden_bypass":"","label_position":"default","label_column_width":"default","class_single_vertical_align":"","class_field_wrapper":"","class_field":"","disabled":"","readonly":"","min_length":"","max_length":"","min_length_words":"","max_length_words":"","input_mask":"","pattern":"","field_user_status":"","field_user_roles":[],"field_user_capabilities":[],"dedupe":"","dedupe_period":"","dedupe_message":"","invalid_feedback_render":"on","invalid_feedback":"","custom_attributes":[],"data_grid_datalist":{"rows_per_page":10,"group_index":0,"default":[],"columns":[{"id":0,"label":"Value"},{"id":1,"label":"Label"}],"groups":[{"label":"Values","page":0,"disabled":"","mask_group":"","rows":[]}]},"datalist_field_text":"1","datalist_field_value":"0","wc_exclude_cart":"","breakpoint_size_25":"6","breakpoint_size_75":"","breakpoint_sizes":"","data_source_id":"","wsf-data-grid-auto-group":"0","breakpoint_offset_25":"","breakpoint_size_50":"","breakpoint_offset_50":"","breakpoint_offset_75":"","breakpoint_size_100":"","breakpoint_offset_100":"","breakpoint_size_150":"","breakpoint_offset_150":""}}]}],"meta":{"label_render":"","hidden":"","class_group_wrapper":"","group_user_status":"","group_user_roles":"","group_user_capabilities":""}}],"meta":{"label_render":"","submit_on_enter":"","submit_lock":"on","submit_unlock":"on","submit_reload":"on","form_action":"","cookie_tab_index":"on","tab_validation":"","tabs_hide":"","submit_show_errors":"on","invalid_field_focus":"on","error_type":"danger","error_method":"after","error_clear":"on","error_scroll_top":"","error_scroll_top_offset":"0","error_scroll_top_duration":"400","error_form_hide":"","error_duration":"","error_message_hide":"on","error_form_show":"","label_position_form":"top","label_column_width_form":"3","label_required":"on","label_mask_required":"","class_form_wrapper":"","class_group_wrapper":"","class_section_wrapper":"","class_field_wrapper":"","class_field":"","label_mask_form":"","label_mask_group":"","label_mask_section":"","action_humanpresence_intro":"","action_humanpresence_not_enabled":"","action_akismetv1_intro":"","action_akismetv1_not_enabled":"","honeypot":"","spam_threshold":"50","breakpoint":"25","tab_index":0,"action":{"rows_per_page":10,"group_index":0,"default":[],"columns":[{"id":0,"label":"Action"},{"id":1,"label":"Data"}],"groups":[{"label":"Actions","page":0,"disabled":"","mask_group":"","rows":[{"id":1,"default":"","required":"","disabled":"","hidden":"","data":["Save to Submissions","{\"id\":\"database\",\"meta\":{\"action_database_field_filter\":\"\",\"action_database_field_filter_mapping\":\"\",\"action_database_expire\":\"\",\"action_database_expire_duration\":\"90\"},\"events\":[\"save\",\"submit\"]}"]},{"id":2,"default":"","required":"","disabled":"","hidden":"","data":["Show Message","{\"id\":\"message\",\"meta\":{\"action_message_message\":\"Thank you for your inquiry.\",\"action_message_type\":\"success\",\"action_message_method\":\"before\",\"action_message_form_hide\":\"on\",\"action_message_clear\":\"on\",\"action_message_scroll_top\":\"\",\"action_message_duration\":\"\",\"action_message_message_hide\":\"\",\"action_message_form_show\":\"\"},\"events\":[\"submit\"]}"]},{"id":3,"default":"","disabled":"","required":"","hidden":"","data":["Send Email","{\"id\":\"email\",\"meta\":{\"action_email_content_type\":\"text\\\/html\",\"action_email_from_email\":\"#blog_admin_email\",\"action_email_from_name\":\"#blog_name\",\"action_email_to\":[{\"action_email_email\":\"#blog_admin_email\",\"action_email_name\":\"#blog_name\"}],\"action_email_cc\":[],\"action_email_bcc\":[],\"action_email_reply_to_email\":\"\",\"action_email_subject\":\"#form_label\",\"action_email_message_editor\":\"text_editor\",\"action_email_message_wrapper\":\"on\",\"action_email_message_textarea\":\"#email_submission\",\"action_email_message_text_editor\":\"<h3>#email_subject<\\\/h3><p>#email_submission<\\\/p>\",\"action_email_message_html_editor\":\"<h3>#email_subject<\\\/h3>\\n\\n#email_submission\",\"action_email_attachments\":[],\"action_email_headers\":[],\"action_email_charset\":\"#blog_charset\"},\"events\":[\"submit\"]}"]}]}]},"tracking_remote_ip":"","tracking_agent":"","tracking_referrer":"","tracking_os":"","tracking_host":"","tracking_geo_location":"","tracking_ip_lookup_latlon":"","tracking_ip_lookup_city":"","tracking_ip_lookup_region":"","tracking_ip_lookup_country":"","tracking_utm_source":"","tracking_utm_medium":"","tracking_utm_campaign":"","tracking_utm_term":"","tracking_utm_content":"","analytics_google":"","analytics_google_event_tab":"on","analytics_google_event_field":"on","submit_limit":"","submit_limit_count":"","submit_limit_period":"","submit_limit_message":"","submit_limit_message_type":"information","schedule_start":"","schedule_start_datetime":"","schedule_start_message":"","schedule_start_message_type":"information","schedule_end":"","schedule_end_datetime":"","schedule_end_message":"","schedule_end_message_type":"information","user_limit_logged_in":"","user_limit_logged_in_message":"","user_limit_logged_in_message_type":"danger","form_populate_enabled":"","form_populate_action_id":"","form_populate_list_id":"","action_post_form_populate_post_id":"#query_var(\"post_id\")","form_populate_field_mapping":"","action_post_form_populate_meta_mapping":"","form_populate_tag_mapping":"","invalid_field_scroll":"","field_select":"","form_history":"","documentation":"","contact":"","knowledgebase":"","contact_inquiry":"","contact_push_form":"","contact_push_system":"","contact_gdpr":"","contact_submit":"","export_object":"section"},"identifier":"ws_form","version":"1.8.38","time":1618418696,"checksum":"8e925dcf4ec06fa87db3ba60126df076"}