{"label":"Volunteer Application","status":"draft","count_stat_view":"0","count_stat_save":"0","count_stat_submit":"0","count_submit":0,"count_submit_unread":"0","id":"400","groups":[{"label":"Tab","sort_index":"1","id":"582","sections":[{"label":"Section","child_count":"0","sort_index":"1","id":"968","meta":{"label_render":"","hidden_section":"","class_section_wrapper":"","disabled_section":""},"fields":[{"label":"First Name","type":"text","date_updated":"2019-09-11 14:32:27","sort_index":"1","id":"5191","meta":{"label_render":"on","label_position":"default","label_column_width":"default","required":"on","hidden":"","default_value":"","placeholder":"","help":"","aria_label":"","exclude_email":"","wc_exclude_cart":"","class_single_vertical_align":"","class_field_wrapper":"","class_field":"","disabled":"","readonly":"","min_length":"","max_length":"","min_length_words":"","max_length_words":"","input_mask":"","pattern":"","dedupe":"","dedupe_message":"","invalid_feedback_render":"on","invalid_feedback":"","custom_attributes":[],"data_grid_datalist":{"rows_per_page":10,"group_index":0,"default":[],"columns":[{"id":0,"label":"Value"},{"id":1,"label":"Label"}],"groups":[{"label":"Values","page":0,"disabled":"","mask_group":"","rows":[]}]},"datalist_field_text":"1","datalist_field_value":"0","breakpoint_size_25":"6","breakpoint_sizes":"","wsf-data-grid-auto-group":"0"}},{"label":"Last Name","type":"text","date_updated":"2019-09-11 14:32:28","sort_index":"2","id":"5192","meta":{"label_render":"on","label_position":"default","label_column_width":"default","required":"on","hidden":"","default_value":"","placeholder":"","help":"","aria_label":"","exclude_email":"","wc_exclude_cart":"","class_single_vertical_align":"","class_field_wrapper":"","class_field":"","disabled":"","readonly":"","min_length":"","max_length":"","min_length_words":"","max_length_words":"","input_mask":"","pattern":"","dedupe":"","dedupe_message":"","invalid_feedback_render":"on","invalid_feedback":"","custom_attributes":[],"data_grid_datalist":{"rows_per_page":10,"group_index":0,"default":[],"columns":[{"id":0,"label":"Value"},{"id":1,"label":"Label"}],"groups":[{"label":"Values","page":0,"disabled":"","mask_group":"","rows":[]}]},"datalist_field_text":"1","datalist_field_value":"0","breakpoint_size_25":"6","breakpoint_sizes":"","wsf-data-grid-auto-group":"0"}},{"label":"Email","type":"email","date_updated":"2019-09-11 14:32:28","sort_index":"3","id":"5193","meta":{"label_render":"on","label_position":"default","label_column_width":"default","required":"","hidden":"","default_value":"","multiple_email":"","placeholder":"","help":"","aria_label":"","exclude_email":"","wc_exclude_cart":"","class_single_vertical_align":"","class_field_wrapper":"","class_field":"","disabled":"","readonly":"","min_length":"","max_length":"","pattern":"","dedupe":"","dedupe_message":"","invalid_feedback_render":"on","invalid_feedback":"","custom_attributes":[],"data_grid_datalist":{"rows_per_page":10,"group_index":0,"default":[],"columns":[{"id":0,"label":"Value"},{"id":1,"label":"Label"}],"groups":[{"label":"Values","page":0,"disabled":"","mask_group":"","rows":[]}]},"datalist_field_text":"1","datalist_field_value":"0","breakpoint_sizes":"","wsf-data-grid-auto-group":"0"}},{"label":"Phone","type":"tel","date_updated":"2019-09-11 14:32:29","sort_index":"4","id":"5194","meta":{"label_render":"on","label_position":"default","label_column_width":"default","required":"on","hidden":"","default_value":"","placeholder":"","help":"","aria_label":"","exclude_email":"","wc_exclude_cart":"","class_single_vertical_align":"","class_field_wrapper":"","class_field":"","disabled":"","readonly":"","min_length":"","max_length":"","input_mask":"","pattern_tel":"","dedupe":"","dedupe_message":"","invalid_feedback_render":"on","invalid_feedback":"","custom_attributes":[],"data_grid_datalist":{"rows_per_page":10,"group_index":0,"default":[],"columns":[{"id":0,"label":"Value"},{"id":1,"label":"Label"}],"groups":[{"label":"Values","page":0,"disabled":"","mask_group":"","rows":[]}]},"datalist_field_text":"1","datalist_field_value":"0","breakpoint_sizes":"","wsf-data-grid-auto-group":"0"}},{"label":"Address Line 1","type":"text","date_updated":"2019-09-11 14:32:29","sort_index":"5","id":"5195","meta":{"label_render":"on","label_position":"default","label_column_width":"default","required":"on","hidden":"","default_value":"","placeholder":"","help":"","aria_label":"","exclude_email":"","wc_exclude_cart":"","class_single_vertical_align":"","class_field_wrapper":"","class_field":"","disabled":"","readonly":"","min_length":"","max_length":"","min_length_words":"","max_length_words":"","input_mask":"","pattern":"","dedupe":"","dedupe_message":"","invalid_feedback_render":"on","invalid_feedback":"","custom_attributes":[],"data_grid_datalist":{"rows_per_page":10,"group_index":0,"default":[],"columns":[{"id":0,"label":"Value"},{"id":1,"label":"Label"}],"groups":[{"label":"Values","page":0,"disabled":"","mask_group":"","rows":[]}]},"datalist_field_text":"1","datalist_field_value":"0","breakpoint_size_25":"6","breakpoint_sizes":"","wsf-data-grid-auto-group":"0"}},{"label":"Address Line 2","type":"text","date_updated":"2019-09-11 14:32:29","sort_index":"6","id":"5196","meta":{"label_render":"on","label_position":"default","label_column_width":"default","required":"","hidden":"","default_value":"","placeholder":"","help":"","aria_label":"","exclude_email":"","wc_exclude_cart":"","class_single_vertical_align":"","class_field_wrapper":"","class_field":"","disabled":"","readonly":"","min_length":"","max_length":"","min_length_words":"","max_length_words":"","input_mask":"","pattern":"","dedupe":"","dedupe_message":"","invalid_feedback_render":"on","invalid_feedback":"","custom_attributes":"","data_grid_datalist":{"rows_per_page":10,"group_index":0,"default":[],"columns":[{"id":0,"label":"Value"},{"id":1,"label":"Label"}],"groups":[{"label":"Values","page":0,"disabled":"","mask_group":"","rows":[]}]},"datalist_field_text":"1","datalist_field_value":"0","breakpoint_size_25":"6"}},{"label":"City","type":"text","date_updated":"2019-09-11 14:32:29","sort_index":"7","id":"5197","meta":{"label_render":"on","label_position":"default","label_column_width":"default","required":"on","hidden":"","default_value":"","placeholder":"","help":"","aria_label":"","exclude_email":"","wc_exclude_cart":"","class_single_vertical_align":"","class_field_wrapper":"","class_field":"","disabled":"","readonly":"","min_length":"","max_length":"","min_length_words":"","max_length_words":"","input_mask":"","pattern":"","dedupe":"","dedupe_message":"","invalid_feedback_render":"on","invalid_feedback":"","custom_attributes":[],"data_grid_datalist":{"rows_per_page":10,"group_index":0,"default":[],"columns":[{"id":0,"label":"Value"},{"id":1,"label":"Label"}],"groups":[{"label":"Values","page":0,"disabled":"","mask_group":"","rows":[]}]},"datalist_field_text":"1","datalist_field_value":"0","breakpoint_sizes":"","wsf-data-grid-auto-group":"0"}},{"label":"State","type":"select","date_updated":"2019-09-11 14:32:30","sort_index":"8","id":"5198","meta":{"label_render":"on","label_position":"default","label_column_width":"default","required":"on","hidden":"","size":"","multiple":"","placeholder_row":"Select...","help":"","aria_label":"","exclude_email":"","wc_exclude_cart":"","class_single_vertical_align":"","class_field_wrapper":"","class_field":"","disabled":"","invalid_feedback_render":"on","invalid_feedback":"","custom_attributes":[],"data_grid_select":{"rows_per_page":10,"group_index":0,"default":[],"columns":[{"id":0,"label":"State"},{"id":1,"label":"Abbreviation"}],"groups":[{"label":"States","page":0,"disabled":"","mask_group":"","rows":[{"id":1,"default":"","disabled":"","required":"","hidden":"","data":["Alabama","AL"]},{"id":2,"default":"","disabled":"","required":"","hidden":"","data":["Alaska","AK"]},{"id":3,"default":"","disabled":"","required":"","hidden":"","data":["Arizona","AZ"]},{"id":4,"default":"","disabled":"","required":"","hidden":"","data":["Arkansas","AR"]},{"id":5,"default":"","disabled":"","required":"","hidden":"","data":["California","CA"]},{"id":6,"default":"","disabled":"","required":"","hidden":"","data":["Colorado","CO"]},{"id":7,"default":"","disabled":"","required":"","hidden":"","data":["Connecticut","CT"]},{"id":8,"default":"","disabled":"","required":"","hidden":"","data":["Delaware","DE"]},{"id":9,"default":"","disabled":"","required":"","hidden":"","data":["District of Columbia","DC"]},{"id":10,"default":"","disabled":"","required":"","hidden":"","data":["Florida","FL"]},{"id":11,"default":"","disabled":"","required":"","hidden":"","data":["Georgia","GA"]},{"id":12,"default":"","disabled":"","required":"","hidden":"","data":["Hawaii","HI"]},{"id":13,"default":"","disabled":"","required":"","hidden":"","data":["Idaho","ID"]},{"id":14,"default":"","disabled":"","required":"","hidden":"","data":["Illinois","IL"]},{"id":15,"default":"","disabled":"","required":"","hidden":"","data":["Indiana","IN"]},{"id":16,"default":"","disabled":"","required":"","hidden":"","data":["Iowa","IA"]},{"id":17,"default":"","disabled":"","required":"","hidden":"","data":["Kansas","KS"]},{"id":18,"default":"","disabled":"","required":"","hidden":"","data":["Kentucky","KY"]},{"id":19,"default":"","disabled":"","required":"","hidden":"","data":["Louisiana","LA"]},{"id":20,"default":"","disabled":"","required":"","hidden":"","data":["Maine","ME"]},{"id":21,"default":"","disabled":"","required":"","hidden":"","data":["Montana","MT"]},{"id":22,"default":"","disabled":"","required":"","hidden":"","data":["Nebraska","NE"]},{"id":23,"default":"","disabled":"","required":"","hidden":"","data":["Nevada","NV"]},{"id":24,"default":"","disabled":"","required":"","hidden":"","data":["New Hampshire","NH"]},{"id":25,"default":"","disabled":"","required":"","hidden":"","data":["New Jersey","NJ"]},{"id":26,"default":"","disabled":"","required":"","hidden":"","data":["New Mexico","NM"]},{"id":27,"default":"","disabled":"","required":"","hidden":"","data":["New York","NY"]},{"id":28,"default":"","disabled":"","required":"","hidden":"","data":["North Carolina","NC"]},{"id":29,"default":"","disabled":"","required":"","hidden":"","data":["North Dakota","ND"]},{"id":30,"default":"","disabled":"","required":"","hidden":"","data":["Ohio","OH"]},{"id":31,"default":"","disabled":"","required":"","hidden":"","data":["Oklahoma","OK"]},{"id":32,"default":"","disabled":"","required":"","hidden":"","data":["Oregon","OR"]},{"id":33,"default":"","disabled":"","required":"","hidden":"","data":["Maryland","MD"]},{"id":34,"default":"","disabled":"","required":"","hidden":"","data":["Massachusetts","MA"]},{"id":35,"default":"","disabled":"","required":"","hidden":"","data":["Michigan","MI"]},{"id":36,"default":"","disabled":"","required":"","hidden":"","data":["Minnesota","MN"]},{"id":37,"default":"","disabled":"","required":"","hidden":"","data":["Mississippi","MS"]},{"id":38,"default":"","disabled":"","required":"","hidden":"","data":["Missouri","MO"]},{"id":39,"default":"","disabled":"","required":"","hidden":"","data":["Pennsylvania","PA"]},{"id":40,"default":"","disabled":"","required":"","hidden":"","data":["Rhode Island","RI"]},{"id":41,"default":"","disabled":"","required":"","hidden":"","data":["South Carolina","SC"]},{"id":42,"default":"","disabled":"","required":"","hidden":"","data":["South Dakota","SD"]},{"id":43,"default":"","disabled":"","required":"","hidden":"","data":["Tennessee","TN"]},{"id":44,"default":"","disabled":"","required":"","hidden":"","data":["Texas","TX"]},{"id":45,"default":"","disabled":"","required":"","hidden":"","data":["Utah","UT"]},{"id":46,"default":"","disabled":"","required":"","hidden":"","data":["Vermont","VT"]},{"id":47,"default":"","disabled":"","required":"","hidden":"","data":["Virginia","VA"]},{"id":48,"default":"","disabled":"","required":"","hidden":"","data":["Washington","WA"]},{"id":49,"default":"","disabled":"","required":"","hidden":"","data":["West Virginia","WV"]},{"id":50,"default":"","disabled":"","required":"","hidden":"","data":["Wisconsin","WI"]},{"id":51,"default":"","disabled":"","required":"","hidden":"","data":["Wyoming","WY"]}]}]},"select_field_label":"0","select_field_value":"1","data_grid_rows_randomize":"","breakpoint_size_25":"8","breakpoint_sizes":"","wsf-data-grid-auto-group":"0"}},{"label":"Postal Code","type":"text","date_updated":"2019-09-11 14:33:40","sort_index":"9","id":"5199","meta":{"label_render":"on","label_position":"default","label_column_width":"default","required":"on","hidden":"","default_value":"","placeholder":"","help":"","aria_label":"","exclude_email":"","wc_exclude_cart":"","class_single_vertical_align":"","class_field_wrapper":"","class_field":"","disabled":"","readonly":"","min_length":"","max_length":"","min_length_words":"","max_length_words":"","input_mask":"","pattern":"(\\d{5}([\\-]\\d{4})?)","dedupe":"","dedupe_message":"","invalid_feedback_render":"on","invalid_feedback":"","custom_attributes":[],"data_grid_datalist":{"rows_per_page":10,"group_index":0,"default":[],"columns":[{"id":0,"label":"Value"},{"id":1,"label":"Label"}],"groups":[{"label":"Values","page":0,"disabled":"","mask_group":"","rows":[]}]},"datalist_field_text":"1","datalist_field_value":"0","breakpoint_size_25":"4","breakpoint_sizes":"","wsf-data-grid-auto-group":"0"}},{"label":"Emergency Contact","type":"text","date_updated":"2019-09-11 14:32:30","sort_index":"10","id":"5200","meta":{"label_render":"on","label_position":"default","label_column_width":"default","required":"on","hidden":"","default_value":"","placeholder":"","help":"","aria_label":"","exclude_email":"","wc_exclude_cart":"","class_single_vertical_align":"","class_field_wrapper":"","class_field":"","disabled":"","readonly":"","min_length":"","max_length":"","min_length_words":"","max_length_words":"","input_mask":"","pattern":"","dedupe":"","dedupe_message":"","invalid_feedback_render":"on","invalid_feedback":"","custom_attributes":[],"data_grid_datalist":{"rows_per_page":10,"group_index":0,"default":[],"columns":[{"id":0,"label":"Value"},{"id":1,"label":"Label"}],"groups":[{"label":"Values","page":0,"disabled":"","mask_group":"","rows":[]}]},"datalist_field_text":"1","datalist_field_value":"0","breakpoint_sizes":"","wsf-data-grid-auto-group":"0"}},{"label":"Phone Number of Emergency Contact","type":"tel","date_updated":"2019-09-11 14:32:31","sort_index":"11","id":"5201","meta":{"label_render":"on","label_position":"default","label_column_width":"default","required":"on","hidden":"","default_value":"","placeholder":"","help":"","aria_label":"","exclude_email":"","wc_exclude_cart":"","class_single_vertical_align":"","class_field_wrapper":"","class_field":"","disabled":"","readonly":"","min_length":"","max_length":"","input_mask":"","pattern_tel":"","dedupe":"","dedupe_message":"","invalid_feedback_render":"on","invalid_feedback":"","custom_attributes":[],"data_grid_datalist":{"rows_per_page":10,"group_index":0,"default":[],"columns":[{"id":0,"label":"Value"},{"id":1,"label":"Label"}],"groups":[{"label":"Values","page":0,"disabled":"","mask_group":"","rows":[]}]},"datalist_field_text":"1","datalist_field_value":"0","breakpoint_sizes":"","wsf-data-grid-auto-group":"0"}},{"label":"Do you have any food allergies or medical conditions that you'd like us to be aware of? Please describe","type":"textarea","date_updated":"2019-09-11 14:32:31","sort_index":"12","id":"5202","meta":{"label_render":"on","label_position":"default","label_column_width":"default","input_type_textarea":"","input_type_textarea_toolbar":"full","required":"","hidden":"","default_value":"","placeholder":"","help":"#character_count #character_count_label \/ #word_count #word_count_label","aria_label":"","exclude_email":"","wc_exclude_cart":"","class_single_vertical_align":"","class_field_wrapper":"","class_field":"","disabled":"","readonly":"","min_length":"","max_length":"","min_length_words":"","max_length_words":"","input_mask":"","pattern":"","cols":"","rows":"4","dedupe":"","dedupe_message":"","invalid_feedback_render":"on","invalid_feedback":"","custom_attributes":[],"breakpoint_sizes":""}},{"label":"Where did you hear about us?","type":"checkbox","date_updated":"2019-09-11 14:32:32","sort_index":"13","id":"5203","meta":{"label_render":"on","label_position":"default","label_column_width":"default","hidden":"","select_all":"","select_all_label":"","class_inline":"","help":"","aria_label":"","exclude_email":"","wc_exclude_cart":"","class_single_vertical_align":"","class_field_wrapper":"","class_field":"","invalid_feedback_render":"on","invalid_feedback":"","data_grid_checkbox":{"rows_per_page":10,"group_index":0,"default":[],"columns":[{"id":0,"label":"Label"}],"groups":[{"label":"Checkboxes","page":0,"disabled":"","mask_group":"","rows":[{"id":1,"default":"","required":"","disabled":"","hidden":"","data":["A Friend or Colleauge"]},{"id":2,"default":"","required":"","disabled":"","hidden":"","data":["Online Ad"]},{"id":3,"default":"","required":"","disabled":"","hidden":"","data":["Blog Post"]},{"id":4,"default":"","disabled":"","required":"","hidden":"","data":["News Article"]}]}]},"checkbox_field_label":"0","checkbox_field_value":"0","data_grid_rows_randomize":"","breakpoint_sizes":"","wsf-data-grid-auto-group":"0"}},{"label":"If you're interested in skills-based volunteering, what skills can you contribute?","type":"checkbox","date_updated":"2019-09-11 14:32:32","sort_index":"14","id":"5204","meta":{"label_render":"on","label_position":"default","label_column_width":"default","hidden":"","select_all":"","select_all_label":"","class_inline":"","help":"","aria_label":"","exclude_email":"","wc_exclude_cart":"","class_single_vertical_align":"","class_field_wrapper":"","class_field":"","invalid_feedback_render":"on","invalid_feedback":"Please agree to the Membership Rules.","data_grid_checkbox":{"rows_per_page":10,"group_index":0,"default":[],"columns":[{"id":0,"label":"Label"}],"groups":[{"label":"Checkboxes","page":0,"disabled":"","mask_group":"","rows":[{"id":1,"default":"","required":"","disabled":"","hidden":"","data":["Fundraising"]},{"id":2,"default":"","disabled":"","required":"","hidden":"","data":["Marketing"]},{"id":3,"default":"","disabled":"","required":"","hidden":"","data":["Public Relations"]},{"id":4,"default":"","disabled":"","required":"","hidden":"","data":["Operations"]}]}]},"checkbox_field_label":"0","checkbox_field_value":"0","data_grid_rows_randomize":"","breakpoint_sizes":"","wsf-data-grid-auto-group":"0"}},{"label":"Apply","type":"submit","date_updated":"2019-09-11 14:33:07","sort_index":"15","id":"5205","meta":{"hidden":"","help":"","aria_label":"","class_single_vertical_align":"bottom","class_field_button_type":"primary","class_field_full_button_remove":"","class_field_wrapper":"","class_field":"","disabled":"","custom_attributes":[],"breakpoint_sizes":""}}]}],"meta":{"label_render":"","class_group_wrapper":""}}],"meta":{"label_render":"","tracking_remote_ip":"","tracking_agent":"","tracking_referrer":"","tracking_os":"","tracking_host":"","tracking_geo_location":"","tracking_ip_lookup_latlon":"","tracking_ip_lookup_city":"","tracking_ip_lookup_region":"","tracking_ip_lookup_country":"","tracking_utm_source":"","tracking_utm_medium":"","tracking_utm_campaign":"","tracking_utm_term":"","tracking_utm_content":"","analytics_google":"","analytics_google_event_tab":"on","analytics_google_event_field":"on","honeypot":"","spam_threshold":"50","submit_lock":"on","label_mask_form":"","class_form_wrapper":"","submit_on_enter":"","submit_reload":"on","submit_show_errors":"on","form_action":"","cookie_tab_index":"on","label_mask_group":"","class_group_wrapper":"","label_mask_section":"","class_section_wrapper":"","invalid_field_focus":"on","class_field_wrapper":"","class_field":"","label_position_form":"top","label_column_width_form":"3","label_required":"on","label_mask_required":"","submit_limit":"","submit_limit_count":"","submit_limit_period":"","submit_limit_message":"","submit_limit_message_type":"information","schedule_start":"","schedule_start_datetime":"","schedule_start_message":"","schedule_start_message_type":"information","schedule_end":"","schedule_end_datetime":"","schedule_end_message":"","schedule_end_message_type":"information","user_limit_logged_in":"","user_limit_logged_in_message":"","user_limit_logged_in_message_type":"danger","form_populate_enabled":"","form_populate_action_id":"","form_populate_list_id":"","action_post_form_populate_post_id":"#query_var(\"post_id\")","form_populate_field_mapping":"","action_post_form_populate_meta_mapping":"","form_populate_tag_mapping":"","breakpoint":"25","tab_index":"0","action":{"rows_per_page":10,"group_index":0,"default":[],"columns":[{"id":0,"label":"Action"},{"id":1,"label":"Data"}],"groups":[{"label":"Actions","page":0,"disabled":"","mask_group":"","rows":[{"id":1,"default":"","required":"","disabled":"","hidden":"","data":["Save Submission","{\"id\":\"database\",\"meta\":{\"action_database_field_filter\":\"\",\"action_database_field_filter_mapping\":\"\",\"action_database_expire\":\"\",\"action_database_expire_duration\":\"90\"},\"events\":[\"save\",\"submit\"]}"]},{"id":2,"default":"","required":"","disabled":"","hidden":"","data":["Show Message","{\"id\":\"message\",\"meta\":{\"action_message_message\":\"Thank you for applying.\",\"action_message_type\":\"success\",\"action_message_method\":\"before\",\"action_message_form_hide\":\"on\",\"action_message_clear\":\"on\",\"action_message_scroll_top\":\"\",\"action_message_scroll_top_offset\":\"\",\"action_message_scroll_top_duration\":\"\",\"action_message_duration\":\"\",\"action_message_message_hide\":\"\",\"action_message_form_show\":\"\"},\"events\":[\"submit\"]}"]},{"id":3,"default":"","required":"","disabled":"","hidden":"","data":["Send Email","{\"id\":\"email\",\"meta\":{\"action_email_content_type\":\"text\\\/html\",\"action_email_from_email\":\"#blog_admin_email\",\"action_email_from_name\":\"#blog_name\",\"action_email_to\":[{\"action_email_email\":\"#blog_admin_email\",\"action_email_name\":\"#blog_name\"}],\"action_email_cc\":\"\",\"action_email_bcc\":\"\",\"action_email_reply_to_email\":\"\",\"action_email_subject\":\"#form_label\",\"action_email_message_editor\":\"text_editor\",\"action_email_message_wrapper\":\"on\",\"action_email_message_textarea\":\"#email_submission\",\"action_email_message_text_editor\":\"<h3>#email_subject<\\\/h3>\\n\\n#email_submission\",\"action_email_message_html_editor\":\"<h3>#email_subject<\\\/h3>\\n\\n#email_submission\",\"action_email_attachments\":\"\",\"action_email_headers\":\"\",\"action_email_charset\":\"#blog_charset\",\"action_email_pdf_attach\":\"\"},\"events\":[\"submit\"]}"]}]}]},"invalid_field_scroll":"","field_select":"","form_history":"","knowledgebase":"","contact_inquiry":"","contact_push_form":"","contact_push_system":"","contact_gdpr":"","contact_submit":""},"identifier":"ws_form","version":"1.4.29","time":1568212432,"checksum":"9e766a9ac414c72c6f420f61e874bfd4"}