{"label":"Employment Application","status":"draft","count_stat_view":"0","count_stat_save":"0","count_stat_submit":"0","count_submit":0,"count_submit_unread":"0","id":"186","groups":[{"label":"Tab","sort_index":"1","id":"394","sections":[{"label":"Section","child_count":"0","sort_index":"1","id":"864","meta":{"label_render":"","hidden_section":"","section_repeatable":"","section_repeat_label":"","section_repeat_default":"","class_single_vertical_align":"","class_section_wrapper":"","disabled_section":"","section_repeat_min":"","section_repeat_max":"","section_repeatable_delimiter_section":",","section_repeatable_delimiter_row":";"},"fields":[{"label":"First Name","type":"text","date_updated":"2020-12-16 23:08:24","sort_index":"1","id":"3680","meta":{"label_render":"on","required":"on","hidden":"","default_value":"","placeholder":"","help":"","autocomplete":"","prepend":"","append":"","aria_label":"","exclude_email":"","wc_exclude_cart":"","hidden_bypass":"","label_position":"default","label_column_width":"default","class_single_vertical_align":"","class_field_wrapper":"","class_field":"","disabled":"","readonly":"","min_length":"","max_length":"","min_length_words":"","max_length_words":"","input_mask":"","pattern":"","field_user_status":"","field_user_roles":"","field_user_capabilities":"","dedupe":"","dedupe_message":"","invalid_feedback_render":"on","invalid_feedback":"","custom_attributes":[],"data_grid_datalist":{"rows_per_page":10,"group_index":0,"default":[],"columns":[{"id":0,"label":"Value"},{"id":1,"label":"Label"}],"groups":[{"label":"Values","page":0,"disabled":"","mask_group":"","rows":[]}]},"datalist_field_text":"1","datalist_field_value":"0","breakpoint_size_25":"6","breakpoint_sizes":"","wsf-data-grid-auto-group":"0"}},{"label":"Last Name","type":"text","date_updated":"2020-12-16 23:08:25","sort_index":"2","id":"3681","meta":{"label_render":"on","required":"on","hidden":"","default_value":"","placeholder":"","help":"","autocomplete":"","prepend":"","append":"","aria_label":"","exclude_email":"","wc_exclude_cart":"","hidden_bypass":"","label_position":"default","label_column_width":"default","class_single_vertical_align":"","class_field_wrapper":"","class_field":"","disabled":"","readonly":"","min_length":"","max_length":"","min_length_words":"","max_length_words":"","input_mask":"","pattern":"","field_user_status":"","field_user_roles":"","field_user_capabilities":"","dedupe":"","dedupe_message":"","invalid_feedback_render":"on","invalid_feedback":"","custom_attributes":[],"data_grid_datalist":{"rows_per_page":10,"group_index":0,"default":[],"columns":[{"id":0,"label":"Value"},{"id":1,"label":"Label"}],"groups":[{"label":"Values","page":0,"disabled":"","mask_group":"","rows":[]}]},"datalist_field_text":"1","datalist_field_value":"0","breakpoint_size_25":"6","breakpoint_sizes":"","wsf-data-grid-auto-group":"0"}},{"label":"Email","type":"email","date_updated":"2020-12-16 23:08:25","sort_index":"3","id":"3682","meta":{"label_render":"on","required":"on","hidden":"","default_value":"","multiple_email":"","placeholder":"","help":"","autocomplete":"","prepend":"","append":"","aria_label":"","exclude_email":"","wc_exclude_cart":"","hidden_bypass":"","label_position":"default","label_column_width":"default","class_single_vertical_align":"","class_field_wrapper":"","class_field":"","disabled":"","readonly":"","min_length":"","max_length":"","pattern":"","field_user_status":"","field_user_roles":"","field_user_capabilities":"","dedupe":"","dedupe_message":"","invalid_feedback_render":"on","invalid_feedback":"","custom_attributes":[],"data_grid_datalist":{"rows_per_page":10,"group_index":0,"default":[],"columns":[{"id":0,"label":"Value"},{"id":1,"label":"Label"}],"groups":[{"label":"Values","page":0,"disabled":"","mask_group":"","rows":[]}]},"datalist_field_text":"1","datalist_field_value":"0","breakpoint_sizes":"","wsf-data-grid-auto-group":"0"}},{"label":"Phone","type":"tel","date_updated":"2020-12-16 23:08:25","sort_index":"4","id":"3683","meta":{"label_render":"on","required":"on","hidden":"","default_value":"","placeholder":"","help":"","autocomplete":"","prepend":"","append":"","aria_label":"","exclude_email":"","wc_exclude_cart":"","hidden_bypass":"","label_position":"default","label_column_width":"default","class_single_vertical_align":"","class_field_wrapper":"","class_field":"","disabled":"","readonly":"","min_length":"","max_length":"","input_mask":"","pattern_tel":"","field_user_status":"","field_user_roles":"","field_user_capabilities":"","dedupe":"","dedupe_message":"","invalid_feedback_render":"on","invalid_feedback":"","custom_attributes":[],"data_grid_datalist":{"rows_per_page":10,"group_index":0,"default":[],"columns":[{"id":0,"label":"Value"},{"id":1,"label":"Label"}],"groups":[{"label":"Values","page":0,"disabled":"","mask_group":"","rows":[]}]},"datalist_field_text":"1","datalist_field_value":"0","breakpoint_sizes":"","wsf-data-grid-auto-group":"0"}},{"label":"What position are you applying for?","type":"select","date_updated":"2020-12-16 23:08:25","sort_index":"5","id":"3684","meta":{"label_render":"on","required":"on","hidden":"","multiple":"","size":"","placeholder_row":"Select...","help":"","autocomplete":"","select2_intro":"","select2":"","select2_ajax":"","prepend":"","append":"","aria_label":"","exclude_email":"","wc_exclude_cart":"","hidden_bypass":"","label_position":"default","label_column_width":"default","class_single_vertical_align":"","class_field_wrapper":"","class_field":"","disabled":"","select_min":"","select_max":"","field_user_status":"","field_user_roles":"","field_user_capabilities":"","dedupe_value_scope":"","invalid_feedback_render":"on","invalid_feedback":"Please provide a valid position are you applying for.","custom_attributes":[],"data_grid_select":{"rows_per_page":10,"group_index":0,"default":[],"columns":[{"id":0,"label":"Option"}],"groups":[{"label":"Options","page":0,"disabled":"","mask_group":"","rows":[{"id":1,"default":"","required":"","disabled":"","hidden":"","data":["Position 1"]},{"id":2,"default":"","required":"","disabled":"","hidden":"","data":["Position 2"]},{"id":3,"default":"","disabled":"","required":"","hidden":"","data":["Position 3"]}]}]},"data_grid_rows_randomize":"","select_field_label":"0","select_field_value":"0","select_field_parse_variable":"0","select_field_wc":"0","select_cascade":"","select_cascade_field_filter":"0","select_cascade_field_id":"","select_cascade_no_match":"","select_cascade_option_text_no_rows":"","select_cascade_ajax":"","select_cascade_ajax_option_text_loading":"","breakpoint_sizes":"","wsf-data-grid-auto-group":"0"}},{"label":"Available Start Date","type":"datetime","date_updated":"2020-12-16 23:08:25","sort_index":"6","id":"3685","meta":{"label_render":"on","required":"on","hidden":"","inline":"","input_type_datetime":"date","format_date":"","format_time":"","default_value":"","help":"","autocomplete":"off","prepend":"","append":"","aria_label":"","exclude_email":"","wc_exclude_cart":"","hidden_bypass":"","label_position":"default","label_column_width":"default","class_single_vertical_align":"","class_field_wrapper":"","class_field":"","disabled":"","readonly":"","min_date":"","max_date":"","year_start":"","year_end":"","step":"","input_mask":"","pattern_date":"","field_user_status":"","field_user_roles":"","field_user_capabilities":"","dedupe":"","dedupe_message":"","invalid_feedback_render":"on","invalid_feedback":"","custom_attributes":[],"data_grid_datalist":{"rows_per_page":10,"group_index":0,"default":[],"columns":[{"id":0,"label":"Value"},{"id":1,"label":"Label"}],"groups":[{"label":"Values","page":0,"disabled":"","mask_group":"","rows":[]}]},"datalist_field_text":"1","datalist_field_value":"0","breakpoint_sizes":"","wsf-data-grid-auto-group":"0"}},{"label":"What is your current employment status?","type":"radio","date_updated":"2020-12-16 23:08:25","sort_index":"7","id":"3686","meta":{"label_render":"on","required":"","hidden":"","help":"","orientation":"","aria_label":"","exclude_email":"","wc_exclude_cart":"","hidden_bypass":"","label_position":"default","label_column_width":"default","class_single_vertical_align":"","class_field_wrapper":"","class_field":"","field_user_status":"","field_user_roles":"","field_user_capabilities":"","dedupe_value_scope":"","invalid_feedback_render":"on","invalid_feedback":"","data_grid_radio":{"rows_per_page":10,"group_index":0,"default":[],"columns":[{"id":0,"label":"Radio"}],"groups":[{"label":"Radios","page":0,"disabled":"","mask_group":"","rows":[{"id":1,"default":"","required":"","disabled":"","hidden":"","data":["Employed"]},{"id":2,"default":"","required":"","disabled":"","hidden":"","data":["Self-Employed"]},{"id":3,"default":"","required":"","disabled":"","hidden":"","data":["Unemployed"]},{"id":4,"default":"","disabled":"","required":"","hidden":"","data":["Student"]}]}]},"data_grid_rows_randomize":"","radio_field_label":"0","radio_field_value":"0","radio_field_parse_variable":"0","radio_field_wc":"0","radio_cascade":"","radio_cascade_field_filter":"0","radio_cascade_field_id":"","radio_cascade_no_match":"","class_inline":"","breakpoint_sizes":"","wsf-data-grid-auto-group":"0"}},{"label":"Resume","type":"file","date_updated":"2020-12-16 23:25:07","sort_index":"8","id":"3687","meta":{"label_render":"on","required":"","hidden":"","multiple_file":"","directory":"","help":"","file_dropzonejs":"","file_dropzonejs_default_message":"Drop files here to upload.","file_preview":"","orientation":"","file_preview_width":"150px","file_image_max_width":"","file_image_max_height":"","file_image_crop":"","file_image_compression":"","file_image_mime":"","prepend":"","append":"","aria_label":"","exclude_email":"","wc_exclude_cart":"","hidden_bypass":"","label_position":"default","label_column_width":"default","class_single_vertical_align":"","class_field_wrapper":"","class_field":"","disabled":"","file_min_size":"","file_max_size":"","accept":"application\/pdf,application\/msword,application\/vnd.openxmlformats-officedocument.wordprocessingml.document","field_user_status":"","field_user_roles":[],"field_user_capabilities":[],"invalid_feedback_render":"on","invalid_feedback":"","custom_attributes":[],"breakpoint_sizes":"","orientation_breakpoint_sizes":""}},{"label":"Apply","type":"submit","date_updated":"2020-12-16 23:08:25","sort_index":"9","id":"3688","meta":{"hidden":"","help":"","aria_label":"","class_single_vertical_align":"bottom","class_field_button_type":"primary","class_field_full_button_remove":"","class_field_wrapper":"","class_field":"","disabled":"","field_user_status":"","field_user_roles":"","field_user_capabilities":"","custom_attributes":[],"breakpoint_sizes":""}}]}],"meta":{"label_render":"","class_group_wrapper":""}}],"meta":{"label_render":"","submit_on_enter":"","invalid_field_focus":"on","submit_lock":"on","submit_unlock":"on","submit_reload":"on","submit_show_errors":"on","form_action":"","cookie_tab_index":"on","tab_validation":"","label_position_form":"top","label_column_width_form":"3","label_required":"on","label_mask_required":"","class_form_wrapper":"","class_group_wrapper":"","class_section_wrapper":"","class_field_wrapper":"","class_field":"","label_mask_form":"","label_mask_group":"","label_mask_section":"","action_humanpresence_intro":"","action_humanpresence_not_enabled":"","action_akismetv1_intro":"","action_akismetv1_not_enabled":"","honeypot":"","spam_threshold":"50","submit_limit":"","submit_limit_count":"","submit_limit_period":"","submit_limit_message":"","submit_limit_message_type":"information","schedule_start":"","schedule_start_datetime":"","schedule_start_message":"","schedule_start_message_type":"information","schedule_end":"","schedule_end_datetime":"","schedule_end_message":"","schedule_end_message_type":"information","user_limit_logged_in":"","form_user_roles":"","form_user_capabilities":"","user_limit_logged_in_message_type":"danger","user_limit_logged_in_message":"","analytics_google":"","analytics_google_event_tab":"on","analytics_google_event_field":"on","tracking_remote_ip":"","tracking_agent":"","tracking_referrer":"","tracking_os":"","tracking_host":"","tracking_pathname":"","tracking_query_string":"","tracking_geo_location":"","tracking_ip_lookup_latlon":"","tracking_ip_lookup_city":"","tracking_ip_lookup_region":"","tracking_ip_lookup_country":"","tracking_ip_lookup_time_zone":"","tracking_utm_source":"","tracking_utm_medium":"","tracking_utm_campaign":"","tracking_utm_term":"","tracking_utm_content":"","form_populate_enabled":"","form_populate_action_id":"","form_populate_list_id":"","action_post_form_populate_post_id":"#query_var(\"post_id\")","action_user_form_populate_field_mapping":"","form_populate_field_mapping":"","action_post_form_populate_field_mapping_acf":"","action_post_form_populate_meta_mapping":"","action_user_form_populate_field_mapping_acf":"","action_user_form_populate_meta_mapping":"","form_populate_tag_mapping":"","wc_form_assign_intro":"","wc_form_assign":"","wc_form_assign_product_cat_include_mapping":"","wc_form_assign_product_tag_include_mapping":"","wc_form_assign_product_include_mapping":"","wc_form_assign_product_cat_exclude_mapping":"","wc_form_assign_product_tag_exclude_mapping":"","wc_form_assign_product_exclude_mapping":"","wc_catalog_add_to_cart_text":"Select options","wc_price_disable":"","wc_price_prefix":"","wc_price_suffix":"","wc_product_price_variation_hide":"","wc_product_add_to_cart_hide":"","wc_product_quantity_hide":"","wc_product_form_validate":"","wc_product_clear_hidden_meta_values":"on","wc_cart_edit":"","wc_cart_price_plugin_allow_negative":"","wc_actions_fire":"on","breakpoint":"25","tab_index":"0","action":{"rows_per_page":10,"group_index":0,"default":[],"columns":[{"id":0,"label":"Action"},{"id":1,"label":"Data"}],"groups":[{"label":"Actions","page":0,"disabled":"","mask_group":"","rows":[{"id":1,"default":"","required":"","disabled":"","hidden":"","data":["Save Submission","{\"id\":\"database\",\"meta\":{\"action_database_field_filter\":\"\",\"action_database_field_filter_mapping\":\"\",\"action_database_expire\":\"\",\"action_database_expire_duration\":\"90\"},\"events\":[\"save\",\"submit\"]}"]},{"id":2,"default":"","required":"","disabled":"","hidden":"","data":["Show Message","{\"id\":\"message\",\"meta\":{\"action_message_message\":\"Thank you for your applying.\",\"action_message_type\":\"success\",\"action_message_method\":\"before\",\"action_message_form_hide\":\"on\",\"action_message_clear\":\"on\",\"action_message_scroll_top\":\"\",\"action_message_duration\":\"\",\"action_message_message_hide\":\"\",\"action_message_form_show\":\"\"},\"events\":[\"submit\"]}"]},{"id":3,"default":"","required":"","disabled":"","hidden":"","data":["Send Email","{\"id\":\"email\",\"meta\":{\"action_email_content_type\":\"text\\\/html\",\"action_email_from_email\":\"#blog_admin_email\",\"action_email_from_name\":\"#blog_name\",\"action_email_to\":[{\"action_email_email\":\"#blog_admin_email\",\"action_email_name\":\"#blog_name\"}],\"action_email_cc\":[],\"action_email_bcc\":[],\"action_email_reply_to_email\":\"\",\"action_email_subject\":\"#form_label\",\"action_email_message_editor\":\"text_editor\",\"action_email_message_wrapper\":\"on\",\"action_email_message_textarea\":\"#email_submission\",\"action_email_message_text_editor\":\"<h3>#email_subject<\\\/h3>\\n\\n#email_submission\",\"action_email_message_html_editor\":\"<h3>#email_subject<\\\/h3>\\n\\n#email_submission\",\"action_email_attachments\":[],\"action_email_headers\":[],\"action_email_charset\":\"#blog_charset\",\"action_email_pdf_attach\":\"\"},\"events\":[\"submit\"]}"]}]}]},"invalid_field_scroll":"","field_select":"","form_history":"","knowledgebase":"","contact_inquiry":"","contact_push_form":"","contact_push_system":"","contact_gdpr":"","contact_submit":""},"identifier":"ws_form","version":"1.7.114","time":1608161110,"checksum":"fa174c08544a4d0edc7edceb836f83fb"}