{"id":188,"name":"framework-docs","title":"Framework Docs","date":"2023-06-03 01:13:09","date_formatted":"June 3, 2023","author":{"name":"admin","avatar":"http:\/\/0.gravatar.com\/avatar\/9911a97df3fb8c171d76f74f51feb01b?s=60&d=mm&r=g","url":"http:\/\/at-scss-demo.local"},"permalink":"http:\/\/at-scss-demo.local\/template\/framework-docs\/","thumbnail":false,"bundles":[],"tags":[],"type":"section","content":[{"id":"6a5d61","name":"section","parent":0,"children":["d5903f"],"settings":{"_cssGlobalClasses":["ustvub"]},"label":"Hero"},{"id":"d5903f","name":"container","parent":"6a5d61","children":["bb0653"],"settings":[]},{"id":"bb0653","name":"heading","parent":"d5903f","children":[],"settings":{"text":"Framework documentation","tag":"h1","_cssGlobalClasses":["hvxjdw"],"type":"hero"}},{"id":"f2ff22","name":"section","parent":0,"children":["758fd5"],"settings":{"_background":{"color":{"raw":"var(--at-shade-l-3)","id":"brxc_color_71gvd9-l-3","name":"at-shade-l-3"}}},"label":"About"},{"id":"758fd5","name":"container","parent":"f2ff22","children":["ff6c46","efb2bf","5dec48","1cb019"],"settings":{"_rowGap":"var(--x-size--s)"}},{"id":"ff6c46","name":"heading","parent":"758fd5","children":[],"settings":{"text":"About this Framework","tag":"h2"}},{"id":"efb2bf","name":"text","parent":"758fd5","children":[],"settings":{"text":"<p>This framework is built on SASS, utilizing the \"Scripts Organiser\" and the \"Advanced Themer\" (AT) plugin.<\/p><p>To modify the settings, you can edit the SASS Variables found in the Partial called \"Variables and Settings.\"<\/p><h3>Regarding Colors:<\/h3><p>The default colors of the framework are based on the colors and shades provided by AT. To establish a predefined color scheme, you should create color sets such as Primary, Secondary, Action, Accent, and Shade using AT.<\/p><p>If you prefer using different names for the colors, it will be necessary to make adjustments to the SASS framework by replacing the existing color names.<\/p><h3>Plugin Requirement:<\/h3><p>As of the time of writing, AT allows the import of a CSS file, making the CSS rules accessible within Bricks and offering the option to enqueue the file.<\/p><p>AT also offers a feature for importing variables using a JSON format. This entails manually creating a JSON file or parsing a CSS file to generate the JSON, which must then be updated and re-imported whenever changes are made.<\/p><p>Our objective is to effectively manage a SASS framework that generates a CSS file, enqueues it, and automatically updates the CSS Variables in the AT Variable Pickers, as well as the CSS Rules in the Bricks Builder, whenever modifications are made to the SASS.<\/p><p>This plugin provides the exact functionality needed. By simply adding the URLs for the generated CSS files, they will be parsed automatically, enabling the extraction of Variables and CSS Rules.<\/p><p>You can find the plugin at the following link: <a href=\"https:\/\/github.com\/wpeasy\/at-fw-import\" target=\"_new\">https:\/\/github.com\/wpeasy\/at-fw-import<\/a><\/p>"}},{"id":"1cb019","name":"text","parent":"758fd5","children":[],"settings":{"text":"<p><b>Note<\/b>: The SASS Code could just as easily be used in WPCodeBox or another SASS Compiler.<\/p>"}},{"id":"5dec48","name":"text","parent":"758fd5","children":[],"settings":{"text":"<h3>Variables:<\/h3><p>All framework variables are prefixed by <code><strong>--x-<\/strong><\/code><\/p><h3>Utility Classes:<\/h3><p>All framework classes are prefixed by <code><strong>.x-<\/strong><\/code><\/p>"}},{"id":"2d96ac","name":"section","parent":0,"children":["0fd13d","660982","23706c","63d774","4e1118","c7a19e","0622a7","1b8393","61030c"],"settings":{"_rowGap":"var(--x-size--l)"},"label":"Variables"},{"id":"660982","name":"container","parent":"2d96ac","children":["000771","37f278"],"settings":{"_cssGlobalClasses":["bmikjg"]},"label":"X Offsets"},{"id":"230e3a","name":"heading","parent":"0fd13d","children":[],"settings":{"text":"Variables","tag":"h2"}},{"id":"000771","name":"heading","parent":"660982","children":[],"settings":{"text":"X Offsets","tag":"h3"}},{"id":"37f278","name":"block","parent":"660982","children":["ad5a22","5c55db","1ada3b"],"settings":{"tag":"custom","customTag":"ul","_cssGlobalClasses":["xxipgy"]},"label":"UL"},{"id":"ad5a22","name":"block","parent":"37f278","children":["fc5cd0","e8dfd0"],"settings":{"tag":"custom","customTag":"li","_display":"grid","_cssGlobalClasses":["pjbgln"]},"label":"LI"},{"id":"fc5cd0","name":"text-basic","parent":"ad5a22","children":[],"settings":{"text":"--x-cta-offset"}},{"id":"e8dfd0","name":"text","parent":"ad5a22","children":[],"settings":{"text":"<p>Call To Action Offset. Use for offsetting Call To Action blocks<\/p>"}},{"id":"5c55db","name":"block","parent":"37f278","children":["d64306","9ca998"],"settings":{"tag":"custom","customTag":"li","_display":"grid","_cssGlobalClasses":["pjbgln"]},"label":"LI"},{"id":"d64306","name":"text-basic","parent":"5c55db","children":[],"settings":{"text":"--x-cta-offset--neg"}},{"id":"9ca998","name":"text","parent":"5c55db","children":[],"settings":{"text":"<p>Same as above multiplied by -1<\/p>"}},{"id":"1ada3b","name":"block","parent":"37f278","children":["af62bb","847104"],"settings":{"tag":"custom","customTag":"li","_display":"grid","_gridGap":"var(--x-size--n)","_cssGlobalClasses":["pjbgln"]},"label":"LI"},{"id":"af62bb","name":"text-basic","parent":"1ada3b","children":[],"settings":{"text":"--x-header-height"}},{"id":"847104","name":"text","parent":"1ada3b","children":[],"settings":{"text":"<p>Responsive header height. Measure and set SASS Variables\u00a0 in Partial.<\/p>"}},{"id":"0fd13d","name":"container","parent":"2d96ac","children":["230e3a"],"settings":[],"label":"Variables Heading"},{"id":"23706c","name":"container","parent":"2d96ac","children":["eed9cd","a7c86c"],"settings":{"_cssGlobalClasses":["bmikjg"]},"label":"X Size"},{"id":"eed9cd","name":"heading","parent":"23706c","children":[],"settings":{"text":"X Size","tag":"h3"}},{"id":"a7c86c","name":"block","parent":"23706c","children":["8ed113","979a85","7f114b","83c8ed","b3ab80","570cda","035337","e0f907","3e6e7e"],"settings":{"tag":"custom","customTag":"ul","_cssGlobalClasses":["xxipgy"]},"label":"UL"},{"id":"8ed113","name":"block","parent":"a7c86c","children":["c99c20","561936"],"settings":{"tag":"custom","customTag":"li","_display":"grid","_cssGlobalClasses":["pjbgln"]},"label":"LI"},{"id":"979a85","name":"block","parent":"a7c86c","children":["e82e92","d6a801"],"settings":{"tag":"custom","customTag":"li","_display":"grid","_cssGlobalClasses":["pjbgln"]},"label":"LI"},{"id":"7f114b","name":"block","parent":"a7c86c","children":["2332c7","5e9d1a"],"settings":{"tag":"custom","customTag":"li","_display":"grid","_cssGlobalClasses":["pjbgln"]},"label":"LI"},{"id":"c99c20","name":"text-basic","parent":"8ed113","children":[],"settings":{"text":"--x-size--xs"}},{"id":"561936","name":"text","parent":"8ed113","children":[],"settings":{"text":"<p>Fixed REM size<\/p>"}},{"id":"e82e92","name":"text-basic","parent":"979a85","children":[],"settings":{"text":"--x-size--s"}},{"id":"d6a801","name":"text","parent":"979a85","children":[],"settings":{"text":"<p>Fixed REM size<\/p>"}},{"id":"2332c7","name":"text-basic","parent":"7f114b","children":[],"settings":{"text":"--x-size--n"}},{"id":"5e9d1a","name":"text","parent":"7f114b","children":[],"settings":{"text":"<p>Fixed REM size<\/p>"}},{"id":"83c8ed","name":"block","parent":"a7c86c","children":["5494fe","1ba0cc"],"settings":{"tag":"custom","customTag":"li","_display":"grid","_cssGlobalClasses":["pjbgln"]},"label":"LI"},{"id":"5494fe","name":"text-basic","parent":"83c8ed","children":[],"settings":{"text":"--x-size--m"}},{"id":"1ba0cc","name":"text","parent":"83c8ed","children":[],"settings":{"text":"<p>Fixed REM size<\/p>"}},{"id":"e0f907","name":"block","parent":"a7c86c","children":["11a083","38d0dd"],"settings":{"tag":"custom","customTag":"li","_display":"grid","_cssGlobalClasses":["pjbgln"]},"label":"LI"},{"id":"11a083","name":"text-basic","parent":"e0f907","children":[],"settings":{"text":"--x-size--3xl"}},{"id":"38d0dd","name":"text","parent":"e0f907","children":[],"settings":{"text":"<p>Fixed REM size<\/p>"}},{"id":"035337","name":"block","parent":"a7c86c","children":["fa1649","eb9ec7"],"settings":{"tag":"custom","customTag":"li","_display":"grid","_cssGlobalClasses":["pjbgln"]},"label":"LI"},{"id":"fa1649","name":"text-basic","parent":"035337","children":[],"settings":{"text":"--x-size--2xl"}},{"id":"eb9ec7","name":"text","parent":"035337","children":[],"settings":{"text":"<p>Fixed REM size<\/p>"}},{"id":"570cda","name":"block","parent":"a7c86c","children":["d06456","971794"],"settings":{"tag":"custom","customTag":"li","_display":"grid","_cssGlobalClasses":["pjbgln"]},"label":"LI"},{"id":"d06456","name":"text-basic","parent":"570cda","children":[],"settings":{"text":"--x-size--xl"}},{"id":"971794","name":"text","parent":"570cda","children":[],"settings":{"text":"<p>Fixed REM size<\/p>"}},{"id":"b3ab80","name":"block","parent":"a7c86c","children":["62cb9d","35c2a5"],"settings":{"tag":"custom","customTag":"li","_display":"grid","_cssGlobalClasses":["pjbgln"]},"label":"LI"},{"id":"62cb9d","name":"text-basic","parent":"b3ab80","children":[],"settings":{"text":"-x-size--l"}},{"id":"35c2a5","name":"text","parent":"b3ab80","children":[],"settings":{"text":"<p>Fixed REM size<\/p>"}},{"id":"3e6e7e","name":"block","parent":"a7c86c","children":["127432","f50574"],"settings":{"tag":"custom","customTag":"li","_display":"grid","_cssGlobalClasses":["pjbgln"]},"label":"LI"},{"id":"127432","name":"text-basic","parent":"3e6e7e","children":[],"settings":{"text":"--x-size--4xl"}},{"id":"f50574","name":"text","parent":"3e6e7e","children":[],"settings":{"text":"<p>Fixed REM size<\/p>"}},{"id":"63d774","name":"container","parent":"2d96ac","children":["8d6589","4e4def","5e0743"],"settings":{"_cssGlobalClasses":["bmikjg"]},"label":"X Radius"},{"id":"8d6589","name":"heading","parent":"63d774","children":[],"settings":{"text":"X Radius","tag":"h3"}},{"id":"5e0743","name":"block","parent":"63d774","children":["bb780c","be9bff","3f2343","944abe","70c841","62b9b9","4645bc","ea5ffa","4d244f"],"settings":{"tag":"custom","customTag":"ul","_cssGlobalClasses":["xxipgy"]},"label":"UL"},{"id":"bb780c","name":"block","parent":"5e0743","children":["1c41a5","c04786"],"settings":{"tag":"custom","customTag":"li","_display":"grid","_cssGlobalClasses":["pjbgln"]},"label":"LI"},{"id":"be9bff","name":"block","parent":"5e0743","children":["36cdbb","0c6146"],"settings":{"tag":"custom","customTag":"li","_display":"grid","_cssGlobalClasses":["pjbgln"]},"label":"LI"},{"id":"3f2343","name":"block","parent":"5e0743","children":["3ae85b","3608c6"],"settings":{"tag":"custom","customTag":"li","_display":"grid","_cssGlobalClasses":["pjbgln"]},"label":"LI"},{"id":"944abe","name":"block","parent":"5e0743","children":["0dd46a","cfbacf"],"settings":{"tag":"custom","customTag":"li","_display":"grid","_cssGlobalClasses":["pjbgln"]},"label":"LI"},{"id":"70c841","name":"block","parent":"5e0743","children":["e081ec","909e36"],"settings":{"tag":"custom","customTag":"li","_display":"grid","_cssGlobalClasses":["pjbgln"]},"label":"LI"},{"id":"62b9b9","name":"block","parent":"5e0743","children":["9f78fb","a9c3a8"],"settings":{"tag":"custom","customTag":"li","_display":"grid","_cssGlobalClasses":["pjbgln"]},"label":"LI"},{"id":"4645bc","name":"block","parent":"5e0743","children":["8f51e6","c95964"],"settings":{"tag":"custom","customTag":"li","_display":"grid","_cssGlobalClasses":["pjbgln"]},"label":"LI"},{"id":"ea5ffa","name":"block","parent":"5e0743","children":["3b70a6","cac9ae"],"settings":{"tag":"custom","customTag":"li","_display":"grid","_cssGlobalClasses":["pjbgln"]},"label":"LI"},{"id":"4d244f","name":"block","parent":"5e0743","children":["2ce252","32525d"],"settings":{"tag":"custom","customTag":"li","_display":"grid","_cssGlobalClasses":["pjbgln"]},"label":"LI"},{"id":"1c41a5","name":"text-basic","parent":"bb780c","children":[],"settings":{"text":"--x-radius--xs"}},{"id":"c04786","name":"text","parent":"bb780c","children":[],"settings":{"text":"<p>Fixed REM size<\/p>"}},{"id":"36cdbb","name":"text-basic","parent":"be9bff","children":[],"settings":{"text":"--x-radius--s"}},{"id":"0c6146","name":"text","parent":"be9bff","children":[],"settings":{"text":"<p>Fixed REM size<\/p>"}},{"id":"3ae85b","name":"text-basic","parent":"3f2343","children":[],"settings":{"text":"--x-radius--n"}},{"id":"3608c6","name":"text","parent":"3f2343","children":[],"settings":{"text":"<p>Fixed REM size<\/p>"}},{"id":"0dd46a","name":"text-basic","parent":"944abe","children":[],"settings":{"text":"--x-radius--m"}},{"id":"cfbacf","name":"text","parent":"944abe","children":[],"settings":{"text":"<p>Fixed REM size<\/p>"}},{"id":"e081ec","name":"text-basic","parent":"70c841","children":[],"settings":{"text":"-x-radius--l"}},{"id":"909e36","name":"text","parent":"70c841","children":[],"settings":{"text":"<p>Fixed REM size<\/p>"}},{"id":"9f78fb","name":"text-basic","parent":"62b9b9","children":[],"settings":{"text":"--x-radius--xl"}},{"id":"a9c3a8","name":"text","parent":"62b9b9","children":[],"settings":{"text":"<p>Fixed REM size<\/p>"}},{"id":"8f51e6","name":"text-basic","parent":"4645bc","children":[],"settings":{"text":"--x-radius--2xl"}},{"id":"c95964","name":"text","parent":"4645bc","children":[],"settings":{"text":"<p>Fixed REM size<\/p>"}},{"id":"3b70a6","name":"text-basic","parent":"ea5ffa","children":[],"settings":{"text":"--x-radius--3xl"}},{"id":"cac9ae","name":"text","parent":"ea5ffa","children":[],"settings":{"text":"<p>Fixed REM size<\/p>"}},{"id":"2ce252","name":"text-basic","parent":"4d244f","children":[],"settings":{"text":"--x-radius--4xl"}},{"id":"32525d","name":"text","parent":"4d244f","children":[],"settings":{"text":"<p>Fixed REM size<\/p>"}},{"id":"4e4def","name":"text-basic","parent":"63d774","children":[],"settings":{"text":"Note: These variables reference the --x-size variables. They are separate here so you have the choice to override them without affecting sizing."}},{"id":"4e1118","name":"container","parent":"2d96ac","children":["56ef0a","ff2f20"],"settings":{"_cssGlobalClasses":["bmikjg"]},"label":"X Box Shadows"},{"id":"56ef0a","name":"heading","parent":"4e1118","children":[],"settings":{"text":"X Box Shadow","tag":"h3"}},{"id":"ff2f20","name":"block","parent":"4e1118","children":["91f0b1","4db11c","2bc4ca"],"settings":{"tag":"custom","customTag":"ul","_cssGlobalClasses":["xxipgy"]},"label":"UL"},{"id":"91f0b1","name":"block","parent":"ff2f20","children":["33fd36","36edde"],"settings":{"tag":"custom","customTag":"li","_display":"grid","_cssGlobalClasses":["pjbgln"]},"label":"LI"},{"id":"4db11c","name":"block","parent":"ff2f20","children":["4aa841","3348b0"],"settings":{"tag":"custom","customTag":"li","_display":"grid","_cssGlobalClasses":["pjbgln"]},"label":"LI"},{"id":"2bc4ca","name":"block","parent":"ff2f20","children":["fdc6a6","f0f22c"],"settings":{"tag":"custom","customTag":"li","_display":"grid","_cssGlobalClasses":["pjbgln"]},"label":"LI"},{"id":"33fd36","name":"text-basic","parent":"91f0b1","children":[],"settings":{"text":"--x-box-shadow--small"}},{"id":"36edde","name":"text","parent":"91f0b1","children":[],"settings":{"text":"<p>Standard Box Shadow<\/p>"}},{"id":"4aa841","name":"text-basic","parent":"4db11c","children":[],"settings":{"text":"--x-box-shadow--medium"}},{"id":"3348b0","name":"text","parent":"4db11c","children":[],"settings":{"text":"<p>Standard Box Shadow<\/p>"}},{"id":"fdc6a6","name":"text-basic","parent":"2bc4ca","children":[],"settings":{"text":"--x-box-shadow--large"}},{"id":"f0f22c","name":"text","parent":"2bc4ca","children":[],"settings":{"text":"<p>Standard Box Shadow<\/p>"}},{"id":"c7a19e","name":"container","parent":"2d96ac","children":["9ac1c8","dc82dd","6fe500"],"settings":{"_cssGlobalClasses":["bmikjg"]},"label":"X Grid"},{"id":"9ac1c8","name":"heading","parent":"c7a19e","children":[],"settings":{"text":"X Grid","tag":"h3"}},{"id":"dc82dd","name":"text-basic","parent":"c7a19e","children":[],"settings":{"text":"Note: These variables reference the --x-size variables. They are separate here so you have the choice to override them without affecting sizing."}},{"id":"6fe500","name":"block","parent":"c7a19e","children":["416e45","12cc92","f36d36","8e420c","dad913","1d8eed","ed1328","03323d","1f16db","5f9646","ad1fe1","fdc449","3b5f9a","d67919","859b22","64c774","ff428f","7b0bcb","a1b551","f07f28","d2368d","702116"],"settings":{"tag":"custom","customTag":"ul","_cssGlobalClasses":["xxipgy"]},"label":"UL"},{"id":"416e45","name":"block","parent":"6fe500","children":["79a2f7","10789f"],"settings":{"tag":"custom","customTag":"li","_display":"","_cssGlobalClasses":["pjbgln"]},"label":"LI"},{"id":"79a2f7","name":"text-basic","parent":"416e45","children":[],"settings":{"text":"--x-grid--1"}},{"id":"10789f","name":"text-basic","parent":"416e45","children":[],"settings":{"text":"repeat(1, minmax(0,1fr))"}},{"id":"12cc92","name":"block","parent":"6fe500","children":["2172fa","252030"],"settings":{"_gridTemplateColumns":"","tag":"custom","customTag":"li","_display":"","_gridGap":"","_cssGlobalClasses":["pjbgln"]},"label":"LI"},{"id":"2172fa","name":"text-basic","parent":"12cc92","children":[],"settings":{"text":"--x-grid--2"}},{"id":"252030","name":"text-basic","parent":"12cc92","children":[],"settings":{"text":"repeat(2, minmax(0,1fr))"}},{"id":"f36d36","name":"block","parent":"6fe500","children":["fb4813","e96486"],"settings":{"_gridTemplateColumns":"","tag":"custom","customTag":"li","_display":"","_gridGap":"","_cssGlobalClasses":["pjbgln"]},"label":"LI"},{"id":"fb4813","name":"text-basic","parent":"f36d36","children":[],"settings":{"text":"--x-grid--3"}},{"id":"e96486","name":"text-basic","parent":"f36d36","children":[],"settings":{"text":"repeat(3, minmax(0,1fr))"}},{"id":"8e420c","name":"block","parent":"6fe500","children":["563181","e7a97e"],"settings":{"_gridTemplateColumns":"","tag":"custom","customTag":"li","_display":"","_gridGap":"","_cssGlobalClasses":["pjbgln"]},"label":"LI"},{"id":"563181","name":"text-basic","parent":"8e420c","children":[],"settings":{"text":"--x-grid--4"}},{"id":"e7a97e","name":"text-basic","parent":"8e420c","children":[],"settings":{"text":"repeat(4, minmax(0,1fr))"}},{"id":"dad913","name":"block","parent":"6fe500","children":["97e725","831055"],"settings":{"_gridTemplateColumns":"","tag":"custom","customTag":"li","_display":"","_gridGap":"","_cssGlobalClasses":["pjbgln"]},"label":"LI"},{"id":"97e725","name":"text-basic","parent":"dad913","children":[],"settings":{"text":"--x-grid--5"}},{"id":"831055","name":"text-basic","parent":"dad913","children":[],"settings":{"text":"repeat(5, minmax(0,1fr))"}},{"id":"1d8eed","name":"block","parent":"6fe500","children":["77d2bb","18a1fa"],"settings":{"_gridTemplateColumns":"","tag":"custom","customTag":"li","_display":"","_gridGap":"","_cssGlobalClasses":["pjbgln"]},"label":"LI"},{"id":"77d2bb","name":"text-basic","parent":"1d8eed","children":[],"settings":{"text":"--x-grid--6"}},{"id":"18a1fa","name":"text-basic","parent":"1d8eed","children":[],"settings":{"text":"repeat(6, minmax(0,1fr))"}},{"id":"ed1328","name":"block","parent":"6fe500","children":["5df44a","8a712f"],"settings":{"_gridTemplateColumns":"","tag":"custom","customTag":"li","_display":"","_gridGap":"","_cssGlobalClasses":["pjbgln"]},"label":"LI"},{"id":"5df44a","name":"text-basic","parent":"ed1328","children":[],"settings":{"text":"--x-grid--7"}},{"id":"8a712f","name":"text-basic","parent":"ed1328","children":[],"settings":{"text":"repeat(7, minmax(0,1fr))"}},{"id":"03323d","name":"block","parent":"6fe500","children":["195816","644273"],"settings":{"_gridTemplateColumns":"","tag":"custom","customTag":"li","_display":"","_gridGap":"","_cssGlobalClasses":["pjbgln"]},"label":"LI"},{"id":"195816","name":"text-basic","parent":"03323d","children":[],"settings":{"text":"--x-grid--8"}},{"id":"644273","name":"text-basic","parent":"03323d","children":[],"settings":{"text":"repeat(8, minmax(0,1fr))"}},{"id":"1f16db","name":"block","parent":"6fe500","children":["4cdaa6","e4ae41"],"settings":{"_gridTemplateColumns":"","tag":"custom","customTag":"li","_display":"","_gridGap":"","_cssGlobalClasses":["pjbgln"]},"label":"LI"},{"id":"4cdaa6","name":"text-basic","parent":"1f16db","children":[],"settings":{"text":"--x-grid--9"}},{"id":"e4ae41","name":"text-basic","parent":"1f16db","children":[],"settings":{"text":"repeat(9, minmax(0,1fr))"}},{"id":"5f9646","name":"block","parent":"6fe500","children":["fba887","b3fde9"],"settings":{"_gridTemplateColumns":"","tag":"custom","customTag":"li","_display":"","_gridGap":"","_cssGlobalClasses":["pjbgln"]},"label":"LI"},{"id":"fba887","name":"text-basic","parent":"5f9646","children":[],"settings":{"text":"--x-grid--10"}},{"id":"b3fde9","name":"text-basic","parent":"5f9646","children":[],"settings":{"text":"repeat(10, minmax(0,1fr))"}},{"id":"ad1fe1","name":"block","parent":"6fe500","children":["7ec6df","1588f4"],"settings":{"_gridTemplateColumns":"","tag":"custom","customTag":"li","_display":"","_gridGap":"","_cssGlobalClasses":["pjbgln"]},"label":"LI"},{"id":"7ec6df","name":"text-basic","parent":"ad1fe1","children":[],"settings":{"text":"--x-grid--11"}},{"id":"1588f4","name":"text-basic","parent":"ad1fe1","children":[],"settings":{"text":"repeat(11, minmax(0,1fr))"}},{"id":"fdc449","name":"block","parent":"6fe500","children":["ccbc38","a338fd"],"settings":{"_gridTemplateColumns":"","tag":"custom","customTag":"li","_display":"","_gridGap":"","_cssGlobalClasses":["pjbgln"]},"label":"LI"},{"id":"ccbc38","name":"text-basic","parent":"fdc449","children":[],"settings":{"text":"--x-grid--12"}},{"id":"a338fd","name":"text-basic","parent":"fdc449","children":[],"settings":{"text":"repeat(12, minmax(0,1fr))"}},{"id":"3b5f9a","name":"block","parent":"6fe500","children":["52e094","a06706"],"settings":{"_gridTemplateColumns":"","tag":"custom","customTag":"li","_display":"","_gridGap":"","_cssGlobalClasses":["pjbgln"]},"label":"LI"},{"id":"52e094","name":"text-basic","parent":"3b5f9a","children":[],"settings":{"text":"--x-grid--1-2"}},{"id":"a06706","name":"text-basic","parent":"3b5f9a","children":[],"settings":{"text":"minmax(0,1fr) minmax(0,2fr)"}},{"id":"d67919","name":"block","parent":"6fe500","children":["3a9d00","3d123b"],"settings":{"_gridTemplateColumns":"","tag":"custom","customTag":"li","_display":"","_gridGap":"","_cssGlobalClasses":["pjbgln"]},"label":"LI"},{"id":"3a9d00","name":"text-basic","parent":"d67919","children":[],"settings":{"text":"--x-grid--1-3"}},{"id":"3d123b","name":"text-basic","parent":"d67919","children":[],"settings":{"text":"minmax(0,1fr) minmax(0,3fr)"}},{"id":"859b22","name":"block","parent":"6fe500","children":["e49ed0","326da0"],"settings":{"_gridTemplateColumns":"","tag":"custom","customTag":"li","_display":"","_gridGap":"","_cssGlobalClasses":["pjbgln"]},"label":"LI"},{"id":"e49ed0","name":"text-basic","parent":"859b22","children":[],"settings":{"text":"--x-grid--1-4"}},{"id":"326da0","name":"text-basic","parent":"859b22","children":[],"settings":{"text":"minmax(0,1fr) minmax(0,4fr)"}},{"id":"64c774","name":"block","parent":"6fe500","children":["9b93d4","f8ce02"],"settings":{"_gridTemplateColumns":"","tag":"custom","customTag":"li","_display":"","_gridGap":"","_cssGlobalClasses":["pjbgln"]},"label":"LI"},{"id":"9b93d4","name":"text-basic","parent":"64c774","children":[],"settings":{"text":"--x-grid--1-5"}},{"id":"f8ce02","name":"text-basic","parent":"64c774","children":[],"settings":{"text":"minmax(0,1fr) minmax(0,5fr)"}},{"id":"ff428f","name":"block","parent":"6fe500","children":["ea9c69","ddb580"],"settings":{"_gridTemplateColumns":"","tag":"custom","customTag":"li","_display":"","_gridGap":"","_cssGlobalClasses":["pjbgln"]},"label":"LI"},{"id":"ea9c69","name":"text-basic","parent":"ff428f","children":[],"settings":{"text":"--x-grid--1-6"}},{"id":"ddb580","name":"text-basic","parent":"ff428f","children":[],"settings":{"text":"minmax(0,1fr) minmax(0,6fr)"}},{"id":"7b0bcb","name":"block","parent":"6fe500","children":["7eb24f","4ad0a2"],"settings":{"_gridTemplateColumns":"","tag":"custom","customTag":"li","_display":"","_gridGap":"","_cssGlobalClasses":["pjbgln"]},"label":"LI"},{"id":"7eb24f","name":"text-basic","parent":"7b0bcb","children":[],"settings":{"text":"--x-grid--2-1"}},{"id":"4ad0a2","name":"text-basic","parent":"7b0bcb","children":[],"settings":{"text":"minmax(0,1fr) minmax(0,6fr)"}},{"id":"a1b551","name":"block","parent":"6fe500","children":["721be6","417629"],"settings":{"_gridTemplateColumns":"","tag":"custom","customTag":"li","_display":"","_gridGap":"","_cssGlobalClasses":["pjbgln"]},"label":"LI"},{"id":"721be6","name":"text-basic","parent":"a1b551","children":[],"settings":{"text":"--x-grid--3-1"}},{"id":"417629","name":"text-basic","parent":"a1b551","children":[],"settings":{"text":"minmax(0,3fr) minmax(0,1fr)"}},{"id":"f07f28","name":"block","parent":"6fe500","children":["14581a","aa4cf5"],"settings":{"_gridTemplateColumns":"","tag":"custom","customTag":"li","_display":"","_gridGap":"","_cssGlobalClasses":["pjbgln"]},"label":"LI"},{"id":"14581a","name":"text-basic","parent":"f07f28","children":[],"settings":{"text":"--x-grid--4-1"}},{"id":"aa4cf5","name":"text-basic","parent":"f07f28","children":[],"settings":{"text":"minmax(0,4fr) minmax(0,1fr)"}},{"id":"d2368d","name":"block","parent":"6fe500","children":["00a9c7","59926f"],"settings":{"_gridTemplateColumns":"","tag":"custom","customTag":"li","_display":"","_gridGap":"","_cssGlobalClasses":["pjbgln"]},"label":"LI"},{"id":"00a9c7","name":"text-basic","parent":"d2368d","children":[],"settings":{"text":"--x-grid--5-1"}},{"id":"59926f","name":"text-basic","parent":"d2368d","children":[],"settings":{"text":"minmax(0,5fr) minmax(0,1fr)"}},{"id":"702116","name":"block","parent":"6fe500","children":["3134ed","5d8040"],"settings":{"_gridTemplateColumns":"","tag":"custom","customTag":"li","_display":"","_gridGap":"","_cssGlobalClasses":["pjbgln"]},"label":"LI"},{"id":"3134ed","name":"text-basic","parent":"702116","children":[],"settings":{"text":"--x-grid--6-1"}},{"id":"5d8040","name":"text-basic","parent":"702116","children":[],"settings":{"text":"minmax(0,6fr) minmax(0,1fr)"}},{"id":"0622a7","name":"container","parent":"2d96ac","children":["de96e8","6df8d3","a134af"],"settings":{"_cssGlobalClasses":["bmikjg"]},"label":"X Color"},{"id":"de96e8","name":"heading","parent":"0622a7","children":[],"settings":{"text":"X Colors","tag":"h3"}},{"id":"a134af","name":"block","parent":"0622a7","children":["d228bd","74042b","f39115","ee8326","9ba907","d61153","9497c8","c3ac7a","358f77","2386b6","aff7a8","0bd686","014ff2","c0da1d","461763","d6089b","3b37dd","73d5fd","9ff70b","f01129","44fdf1","a620a5","497774","f258b6","c68f7d","56f699","388c3c"],"settings":{"tag":"custom","customTag":"ul","_rowGap":"","_cssGlobalClasses":["xxipgy"]},"label":"UL"},{"id":"d228bd","name":"block","parent":"a134af","children":["52da61","55dd3f"],"settings":{"_gridTemplateColumns":"","tag":"custom","customTag":"li","_display":"","_gridGap":"","_cssGlobalClasses":["pjbgln"]},"label":"Shadow"},{"id":"74042b","name":"block","parent":"a134af","children":["0cc309","08b5c6"],"settings":{"_gridTemplateColumns":"","tag":"custom","customTag":"li","_display":"","_gridGap":"","_cssGlobalClasses":["pjbgln"]},"label":"White"},{"id":"52da61","name":"text-basic","parent":"d228bd","children":[],"settings":{"text":"--x-shadow-color"}},{"id":"55dd3f","name":"text","parent":"d228bd","children":[],"settings":{"text":"<p>Use for Box Shadow<\/p>"}},{"id":"0cc309","name":"text-basic","parent":"74042b","children":[],"settings":{"text":"--x-color-white"}},{"id":"08b5c6","name":"text","parent":"74042b","children":[],"settings":{"text":"<p>#fff<\/p>"}},{"id":"6df8d3","name":"text-basic","parent":"0622a7","children":[],"settings":{"text":"Note: at the time of writing this, AT does not have color transparency. These Black and White colors with transparencies are to compensate for this."}},{"id":"f39115","name":"block","parent":"a134af","children":["fb0347","242556"],"settings":{"_gridTemplateColumns":"","tag":"custom","customTag":"li","_display":"","_gridGap":"","_cssGlobalClasses":["pjbgln"]},"label":"LI"},{"id":"fb0347","name":"text-basic","parent":"f39115","children":[],"settings":{"text":"--x-color-white--2"}},{"id":"242556","name":"text-basic","parent":"f39115","children":[],"settings":{"text":"rgba(255, 255, 255, 0.02)"}},{"id":"aff7a8","name":"block","parent":"a134af","children":["2ff7cf","b43569"],"settings":{"_gridTemplateColumns":"","tag":"custom","customTag":"li","_display":"","_gridGap":"","_cssGlobalClasses":["pjbgln"]},"label":"LI"},{"id":"2ff7cf","name":"text-basic","parent":"aff7a8","children":[],"settings":{"text":"--x-color-white--60"}},{"id":"b43569","name":"text-basic","parent":"aff7a8","children":[],"settings":{"text":"rgba(255, 255, 255, 0.6)"}},{"id":"2386b6","name":"block","parent":"a134af","children":["1b6a71","aa9f34"],"settings":{"_gridTemplateColumns":"","tag":"custom","customTag":"li","_display":"","_gridGap":"","_cssGlobalClasses":["pjbgln"]},"label":"LI"},{"id":"1b6a71","name":"text-basic","parent":"2386b6","children":[],"settings":{"text":"--x-color-white--50"}},{"id":"aa9f34","name":"text-basic","parent":"2386b6","children":[],"settings":{"text":"rgba(255, 255, 255, 0.5)"}},{"id":"358f77","name":"block","parent":"a134af","children":["a4a108","da9bf3"],"settings":{"_gridTemplateColumns":"","tag":"custom","customTag":"li","_display":"","_gridGap":"","_cssGlobalClasses":["pjbgln"]},"label":"LI"},{"id":"a4a108","name":"text-basic","parent":"358f77","children":[],"settings":{"text":"--x-color-white--40"}},{"id":"da9bf3","name":"text-basic","parent":"358f77","children":[],"settings":{"text":"rgba(255, 255, 255, 0.4)"}},{"id":"c3ac7a","name":"block","parent":"a134af","children":["ee3749","3c42c3"],"settings":{"_gridTemplateColumns":"","tag":"custom","customTag":"li","_display":"","_gridGap":"","_cssGlobalClasses":["pjbgln"]},"label":"LI"},{"id":"ee3749","name":"text-basic","parent":"c3ac7a","children":[],"settings":{"text":"--x-color-white--30"}},{"id":"3c42c3","name":"text-basic","parent":"c3ac7a","children":[],"settings":{"text":"rgba(255, 255, 255, 0.3)"}},{"id":"9497c8","name":"block","parent":"a134af","children":["b39a6e","a35ed4"],"settings":{"_gridTemplateColumns":"","tag":"custom","customTag":"li","_display":"","_gridGap":"","_cssGlobalClasses":["pjbgln"]},"label":"LI"},{"id":"b39a6e","name":"text-basic","parent":"9497c8","children":[],"settings":{"text":"--x-color-white--20"}},{"id":"a35ed4","name":"text-basic","parent":"9497c8","children":[],"settings":{"text":"rgba(255, 255, 255, 0.2)"}},{"id":"d61153","name":"block","parent":"a134af","children":["56f684","5fb5aa"],"settings":{"_gridTemplateColumns":"","tag":"custom","customTag":"li","_display":"","_gridGap":"","_cssGlobalClasses":["pjbgln"]},"label":"LI"},{"id":"56f684","name":"text-basic","parent":"d61153","children":[],"settings":{"text":"--x-color-white--10"}},{"id":"5fb5aa","name":"text-basic","parent":"d61153","children":[],"settings":{"text":"rgba(255, 255, 255, 0.1)"}},{"id":"9ba907","name":"block","parent":"a134af","children":["339359","e5d1e4"],"settings":{"_gridTemplateColumns":"","tag":"custom","customTag":"li","_display":"","_gridGap":"","_cssGlobalClasses":["pjbgln"]},"label":"LI"},{"id":"339359","name":"text-basic","parent":"9ba907","children":[],"settings":{"text":"--x-color-white--7"}},{"id":"e5d1e4","name":"text-basic","parent":"9ba907","children":[],"settings":{"text":"rgba(255, 255, 255, 0.07)"}},{"id":"ee8326","name":"block","parent":"a134af","children":["2f5a23","2aded9"],"settings":{"_gridTemplateColumns":"","tag":"custom","customTag":"li","_display":"","_gridGap":"","_cssGlobalClasses":["pjbgln"]},"label":"LI"},{"id":"2f5a23","name":"text-basic","parent":"ee8326","children":[],"settings":{"text":"--x-color-white--5"}},{"id":"2aded9","name":"text-basic","parent":"ee8326","children":[],"settings":{"text":"rgba(255, 255, 255, 0.05)"}},{"id":"c0da1d","name":"block","parent":"a134af","children":["13f288","a7222e"],"settings":{"_gridTemplateColumns":"","tag":"custom","customTag":"li","_display":"","_gridGap":"","_cssGlobalClasses":["pjbgln"]},"label":"LI"},{"id":"13f288","name":"text-basic","parent":"c0da1d","children":[],"settings":{"text":"--x-color-white--90"}},{"id":"a7222e","name":"text-basic","parent":"c0da1d","children":[],"settings":{"text":"rgba(255, 255, 255, 0.9)"}},{"id":"014ff2","name":"block","parent":"a134af","children":["b4eb8d","7adea9"],"settings":{"_gridTemplateColumns":"","tag":"custom","customTag":"li","_display":"","_gridGap":"","_cssGlobalClasses":["pjbgln"]},"label":"LI"},{"id":"b4eb8d","name":"text-basic","parent":"014ff2","children":[],"settings":{"text":"--x-color-white--80"}},{"id":"7adea9","name":"text-basic","parent":"014ff2","children":[],"settings":{"text":"rgba(255, 255, 255, 0.8)"}},{"id":"0bd686","name":"block","parent":"a134af","children":["2cdd54","b55392"],"settings":{"_gridTemplateColumns":"","tag":"custom","customTag":"li","_display":"","_gridGap":"","_cssGlobalClasses":["pjbgln"]},"label":"LI"},{"id":"2cdd54","name":"text-basic","parent":"0bd686","children":[],"settings":{"text":"--x-color-white--70"}},{"id":"b55392","name":"text-basic","parent":"0bd686","children":[],"settings":{"text":"rgba(255, 255, 255, 0.7)"}},{"id":"d6089b","name":"block","parent":"a134af","children":["f3414b","ab189d"],"settings":{"_gridTemplateColumns":"","tag":"custom","customTag":"li","_display":"","_gridGap":"","_cssGlobalClasses":["pjbgln"]},"label":"Opacity"},{"id":"f3414b","name":"text-basic","parent":"d6089b","children":[],"settings":{"text":"--x-color-black--2"}},{"id":"ab189d","name":"text-basic","parent":"d6089b","children":[],"settings":{"text":"rgba(0, 0, 0, 0.02)"}},{"id":"3b37dd","name":"block","parent":"a134af","children":["ad8547","c110b7"],"settings":{"_gridTemplateColumns":"","tag":"custom","customTag":"li","_display":"","_gridGap":"","_cssGlobalClasses":["pjbgln"]},"label":"Opacity"},{"id":"ad8547","name":"text-basic","parent":"3b37dd","children":[],"settings":{"text":"--x-color-black--5"}},{"id":"c110b7","name":"text-basic","parent":"3b37dd","children":[],"settings":{"text":"rgba(0, 0, 0, 0.05)"}},{"id":"461763","name":"block","parent":"a134af","children":["f07621","e13799"],"settings":{"_gridTemplateColumns":"","tag":"custom","customTag":"li","_display":"","_gridGap":"","_cssGlobalClasses":["pjbgln"]},"label":"Black"},{"id":"f07621","name":"text-basic","parent":"461763","children":[],"settings":{"text":"--x-color-black"}},{"id":"e13799","name":"text-basic","parent":"461763","children":[],"settings":{"text":"#000000"}},{"id":"388c3c","name":"block","parent":"a134af","children":["24544d","67356d"],"settings":{"_gridTemplateColumns":"","tag":"custom","customTag":"li","_display":"","_gridGap":"","_cssGlobalClasses":["pjbgln"]},"label":"Opacity"},{"id":"24544d","name":"text-basic","parent":"388c3c","children":[],"settings":{"text":"--x-color-black--90"}},{"id":"67356d","name":"text-basic","parent":"388c3c","children":[],"settings":{"text":"rgba(0, 0, 0, 0.9)"}},{"id":"56f699","name":"block","parent":"a134af","children":["11511b","9def6e"],"settings":{"_gridTemplateColumns":"","tag":"custom","customTag":"li","_display":"","_gridGap":"","_cssGlobalClasses":["pjbgln"]},"label":"Opacity"},{"id":"11511b","name":"text-basic","parent":"56f699","children":[],"settings":{"text":"--x-color-black--80"}},{"id":"9def6e","name":"text-basic","parent":"56f699","children":[],"settings":{"text":"rgba(0, 0, 0, 0.8)"}},{"id":"c68f7d","name":"block","parent":"a134af","children":["228d86","45616d"],"settings":{"_gridTemplateColumns":"","tag":"custom","customTag":"li","_display":"","_gridGap":"","_cssGlobalClasses":["pjbgln"]},"label":"Opacity"},{"id":"228d86","name":"text-basic","parent":"c68f7d","children":[],"settings":{"text":"--x-color-black--70"}},{"id":"45616d","name":"text-basic","parent":"c68f7d","children":[],"settings":{"text":"rgba(0, 0, 0, 0.7)"}},{"id":"f258b6","name":"block","parent":"a134af","children":["a99178","1f5ade"],"settings":{"_gridTemplateColumns":"","tag":"custom","customTag":"li","_display":"","_gridGap":"","_cssGlobalClasses":["pjbgln"]},"label":"Opacity"},{"id":"a99178","name":"text-basic","parent":"f258b6","children":[],"settings":{"text":"--x-color-black--60"}},{"id":"1f5ade","name":"text-basic","parent":"f258b6","children":[],"settings":{"text":"rgba(0, 0, 0, 0.6)"}},{"id":"497774","name":"block","parent":"a134af","children":["939237","c345d4"],"settings":{"_gridTemplateColumns":"","tag":"custom","customTag":"li","_display":"","_gridGap":"","_cssGlobalClasses":["pjbgln"]},"label":"Opacity"},{"id":"939237","name":"text-basic","parent":"497774","children":[],"settings":{"text":"--x-color-black--50"}},{"id":"c345d4","name":"text-basic","parent":"497774","children":[],"settings":{"text":"rgba(0, 0, 0, 0.5)"}},{"id":"a620a5","name":"block","parent":"a134af","children":["81cffc","e886b1"],"settings":{"_gridTemplateColumns":"","tag":"custom","customTag":"li","_display":"","_gridGap":"","_cssGlobalClasses":["pjbgln"]},"label":"Opacity"},{"id":"81cffc","name":"text-basic","parent":"a620a5","children":[],"settings":{"text":"--x-color-black--40"}},{"id":"e886b1","name":"text-basic","parent":"a620a5","children":[],"settings":{"text":"rgba(0, 0, 0, 0.4)"}},{"id":"44fdf1","name":"block","parent":"a134af","children":["3edb3d","486688"],"settings":{"_gridTemplateColumns":"","tag":"custom","customTag":"li","_display":"","_gridGap":"","_cssGlobalClasses":["pjbgln"]},"label":"Opacity"},{"id":"3edb3d","name":"text-basic","parent":"44fdf1","children":[],"settings":{"text":"--x-color-black--30"}},{"id":"486688","name":"text-basic","parent":"44fdf1","children":[],"settings":{"text":"rgba(0, 0, 0, 0.3)"}},{"id":"f01129","name":"block","parent":"a134af","children":["ffa7fd","cffaf0"],"settings":{"_gridTemplateColumns":"","tag":"custom","customTag":"li","_display":"","_gridGap":"","_cssGlobalClasses":["pjbgln"]},"label":"Opacity"},{"id":"ffa7fd","name":"text-basic","parent":"f01129","children":[],"settings":{"text":"--x-color-black--20"}},{"id":"cffaf0","name":"text-basic","parent":"f01129","children":[],"settings":{"text":"rgba(0, 0, 0, 0.2)"}},{"id":"9ff70b","name":"block","parent":"a134af","children":["78441b","0e7e17"],"settings":{"_gridTemplateColumns":"","tag":"custom","customTag":"li","_display":"","_gridGap":"","_cssGlobalClasses":["pjbgln"]},"label":"Opacity"},{"id":"78441b","name":"text-basic","parent":"9ff70b","children":[],"settings":{"text":"--x-color-black--10"}},{"id":"0e7e17","name":"text-basic","parent":"9ff70b","children":[],"settings":{"text":"rgba(0, 0, 0, 0.1)"}},{"id":"73d5fd","name":"block","parent":"a134af","children":["20122e","d16e63"],"settings":{"_gridTemplateColumns":"","tag":"custom","customTag":"li","_display":"","_gridGap":"","_cssGlobalClasses":["pjbgln"]},"label":"Opacity"},{"id":"20122e","name":"text-basic","parent":"73d5fd","children":[],"settings":{"text":"--x-color-black--7"}},{"id":"d16e63","name":"text-basic","parent":"73d5fd","children":[],"settings":{"text":"rgba(0, 0, 0, 0.07)"}},{"id":"1b8393","name":"container","parent":"2d96ac","children":["c9cc98","5d02c4"],"settings":{"_rowGap":"var(--x-size--s)","_cssGlobalClasses":["bmikjg"]},"label":"X Borders"},{"id":"c9cc98","name":"heading","parent":"1b8393","children":[],"settings":{"text":"X Borders","tag":"h3"}},{"id":"5d02c4","name":"block","parent":"1b8393","children":["43f454","2b8cec"],"settings":{"tag":"custom","customTag":"ul","_cssGlobalClasses":["xxipgy"]},"label":"UL"},{"id":"43f454","name":"block","parent":"5d02c4","children":["9c5775","9e92f9"],"settings":{"tag":"custom","customTag":"li","_cssGlobalClasses":["pjbgln"]},"label":"LI"},{"id":"9c5775","name":"text-basic","parent":"43f454","children":[],"settings":{"text":"--x-border-glass--white"}},{"id":"9e92f9","name":"text-basic","parent":"43f454","children":[],"settings":{"text":"5px solid var(--x-color-white--30)"}},{"id":"2b8cec","name":"block","parent":"5d02c4","children":["78842a","b4efeb"],"settings":{"tag":"custom","customTag":"li","_cssGlobalClasses":["pjbgln"]},"label":"LI"},{"id":"78842a","name":"text-basic","parent":"2b8cec","children":[],"settings":{"text":"--x-border-glass--black"}},{"id":"b4efeb","name":"text-basic","parent":"2b8cec","children":[],"settings":{"text":"5px solid var(--x-color-black--30)"}},{"id":"61030c","name":"container","parent":"2d96ac","children":["cde70a","769288"],"settings":{"_cssGlobalClasses":["bmikjg"]},"label":"X Animation"},{"id":"cde70a","name":"heading","parent":"61030c","children":[],"settings":{"text":"X Animation","tag":"h3"}},{"id":"769288","name":"block","parent":"61030c","children":["d685cf","4b5b81","383325","4434f8"],"settings":{"tag":"custom","customTag":"ul","_cssGlobalClasses":["xxipgy"]},"label":"UL"},{"id":"d685cf","name":"block","parent":"769288","children":["ee2947","1d5089"],"settings":{"tag":"custom","customTag":"li","_cssGlobalClasses":["pjbgln"]},"label":"LI"},{"id":"4b5b81","name":"block","parent":"769288","children":["58e73e","dbd7c7"],"settings":{"tag":"custom","customTag":"li","_cssGlobalClasses":["pjbgln"]},"label":"LI"},{"id":"ee2947","name":"text-basic","parent":"d685cf","children":[],"settings":{"text":"--x-animation--slow"}},{"id":"1d5089","name":"text-basic","parent":"d685cf","children":[],"settings":{"text":"2s"}},{"id":"58e73e","name":"text-basic","parent":"4b5b81","children":[],"settings":{"text":"--x-animation--medium"}},{"id":"dbd7c7","name":"text-basic","parent":"4b5b81","children":[],"settings":{"text":"1s"}},{"id":"383325","name":"block","parent":"769288","children":["cbccc1","8585fc"],"settings":{"tag":"custom","customTag":"li","_cssGlobalClasses":["pjbgln"]},"label":"LI"},{"id":"cbccc1","name":"text-basic","parent":"383325","children":[],"settings":{"text":"--x-animation--fast"}},{"id":"8585fc","name":"text-basic","parent":"383325","children":[],"settings":{"text":"0.6s"}},{"id":"4434f8","name":"block","parent":"769288","children":["744c00","4eda4c"],"settings":{"tag":"custom","customTag":"li","_cssGlobalClasses":["pjbgln"]},"label":"LI"},{"id":"744c00","name":"text-basic","parent":"4434f8","children":[],"settings":{"text":"--x-animation--x-fast"}},{"id":"4eda4c","name":"text-basic","parent":"4434f8","children":[],"settings":{"text":"0.3s"}},{"id":"de85d3","name":"section","parent":0,"children":["b5dd7f","3c028e","b9d497","18d758","43c0c0","f797e9","8ac883","b11fe2","87309c","e4d223"],"settings":{"_rowGap":"var(--x-size--l)","_background":{"color":{"raw":"var(--shade-l-6)","id":"brxc_color_a3wdxg-l-6","name":"shade-l-6"}}},"label":"Utility Classes"},{"id":"b5dd7f","name":"container","parent":"de85d3","children":["dd50a9"],"settings":[]},{"id":"dd50a9","name":"heading","parent":"b5dd7f","children":[],"settings":{"text":"Utility Classes","tag":"h2"}},{"id":"8ac883","name":"container","parent":"de85d3","children":["e9a772","453a5e","07c7e4"],"settings":{"_cssGlobalClasses":["bmikjg"]},"label":"X Form"},{"id":"e9a772","name":"heading","parent":"8ac883","children":[],"settings":{"text":"X Form","tag":"h3"}},{"id":"07c7e4","name":"block","parent":"8ac883","children":["2ec84c"],"settings":{"tag":"custom","customTag":"ul","_cssGlobalClasses":["xxipgy"]},"label":"UL"},{"id":"2ec84c","name":"block","parent":"07c7e4","children":["15bb15","34e8d0"],"settings":{"tag":"custom","customTag":"li","_cssGlobalClasses":["pjbgln"]},"label":"LI"},{"id":"15bb15","name":"text-basic","parent":"2ec84c","children":[],"settings":{"text":".x-ws-form"}},{"id":"34e8d0","name":"text-basic","parent":"2ec84c","children":[],"settings":{"text":"Add to a WS Form to use styling from AT and X Framework"}},{"id":"b9d497","name":"container","parent":"de85d3","children":["f05a38","fb1f09"],"settings":{"_cssGlobalClasses":["bmikjg"]},"label":"X Display"},{"id":"f05a38","name":"heading","parent":"b9d497","children":[],"settings":{"text":"X Display","tag":"h3"}},{"id":"fb1f09","name":"block","parent":"b9d497","children":["d908d2","3931ec"],"settings":{"tag":"custom","customTag":"ul","_cssGlobalClasses":["xxipgy"]},"label":"UL"},{"id":"d908d2","name":"block","parent":"fb1f09","children":["aacb3b","0ce2c9"],"settings":{"tag":"custom","customTag":"li","_cssGlobalClasses":["pjbgln"]},"label":"LI"},{"id":"3931ec","name":"block","parent":"fb1f09","children":["0b0b54","de90f3"],"settings":{"tag":"custom","customTag":"li","_cssGlobalClasses":["pjbgln"]},"label":"LI"},{"id":"aacb3b","name":"text-basic","parent":"d908d2","children":[],"settings":{"text":".x-relative "}},{"id":"0ce2c9","name":"text-basic","parent":"d908d2","children":[],"settings":{"text":"position: relative;"}},{"id":"0b0b54","name":"text-basic","parent":"3931ec","children":[],"settings":{"text":".x-isolate"}},{"id":"de90f3","name":"text-basic","parent":"3931ec","children":[],"settings":{"text":"isolation: isolate;"}},{"id":"18d758","name":"container","parent":"de85d3","children":["2181b2","10e507"],"settings":{"_cssGlobalClasses":["bmikjg"]},"label":"X Misc"},{"id":"2181b2","name":"heading","parent":"18d758","children":[],"settings":{"text":"X Miscellaneous","tag":"h3"}},{"id":"10e507","name":"block","parent":"18d758","children":["871784","9491aa","b4f13c"],"settings":{"tag":"custom","customTag":"ul","_cssGlobalClasses":["xxipgy"]},"label":"UL"},{"id":"871784","name":"block","parent":"10e507","children":["999f6c","b6c32b"],"settings":{"tag":"custom","customTag":"li","_cssGlobalClasses":["pjbgln"]},"label":"LI"},{"id":"9491aa","name":"block","parent":"10e507","children":["dcc3e9","5fbfb6"],"settings":{"tag":"custom","customTag":"li","_cssGlobalClasses":["pjbgln"]},"label":"LI"},{"id":"999f6c","name":"text-basic","parent":"871784","children":[],"settings":{"text":".x-image-as-bg__wapper"}},{"id":"dcc3e9","name":"text-basic","parent":"9491aa","children":[],"settings":{"text":".x-image-as-bg__image"}},{"id":"b6c32b","name":"text","parent":"871784","children":[],"settings":{"text":"<p>Put on wrappers where you want an image as a background.<\/p><p>position: relative;<br \/>isolation: isolate;<\/p>"}},{"id":"5fbfb6","name":"text","parent":"9491aa","children":[],"settings":{"text":"<p>Put on an image to use as a background. Requires the wrapper to have .x-image-as-bg__wapper<\/p>"}},{"id":"3c028e","name":"container","parent":"de85d3","children":["8c33dc","c36637"],"settings":{"_cssGlobalClasses":["bmikjg"]},"label":"X Border"},{"id":"8c33dc","name":"heading","parent":"3c028e","children":[],"settings":{"text":"X Borders","tag":"h3"}},{"id":"c36637","name":"block","parent":"3c028e","children":["ff785b","4b7c33"],"settings":{"tag":"custom","customTag":"ul","_cssGlobalClasses":["xxipgy"]},"label":"UL"},{"id":"ff785b","name":"block","parent":"c36637","children":["fcbd5e","7c7e37"],"settings":{"tag":"custom","customTag":"li","_cssGlobalClasses":["pjbgln"]},"label":"LI"},{"id":"4b7c33","name":"block","parent":"c36637","children":["925fac","725550"],"settings":{"tag":"custom","customTag":"li","_cssGlobalClasses":["pjbgln"]},"label":"LI"},{"id":"fcbd5e","name":"text-basic","parent":"ff785b","children":[],"settings":{"text":".x-border-glass--white"}},{"id":"7c7e37","name":"text-basic","parent":"ff785b","children":[],"settings":{"text":"border: var(--x-border-glass--white);"}},{"id":"925fac","name":"text-basic","parent":"4b7c33","children":[],"settings":{"text":".x-border-glass--black"}},{"id":"725550","name":"text-basic","parent":"4b7c33","children":[],"settings":{"text":"border: var(--x-border-glass--black);"}},{"id":"f797e9","name":"container","parent":"de85d3","children":["a929df","6bc69f","2f7457"],"settings":{"_cssGlobalClasses":["bmikjg"]},"label":"X Buttons"},{"id":"a929df","name":"heading","parent":"f797e9","children":[],"settings":{"text":"X Buttons","tag":"h3"}},{"id":"2f7457","name":"block","parent":"f797e9","children":["748e46","d24ff3","6f0901","0dcf68","7437f9","1d3257","8ae8a5","092e1d","b602ee","0202bc","6504be"],"settings":{"tag":"custom","customTag":"ul","_cssGlobalClasses":["xxipgy"]},"label":"UL"},{"id":"748e46","name":"block","parent":"2f7457","children":["2973f0","a6949b"],"settings":{"tag":"custom","customTag":"li","_cssGlobalClasses":["pjbgln"]},"label":"LI"},{"id":"2973f0","name":"text-basic","parent":"748e46","children":[],"settings":{"text":".x-btn--primary"}},{"id":"a6949b","name":"text-basic","parent":"748e46","children":[],"settings":{"text":"Primary colored Button. See the SASS \"Framework\" for details."}},{"id":"6bc69f","name":"text","parent":"f797e9","children":[],"settings":{"text":"<p><strong>Note:<\/strong> Button variations will only work with standard AT color names are used as above.<\/p>"}},{"id":"8ae8a5","name":"block","parent":"2f7457","children":["b0ec40","f76717"],"settings":{"_gridTemplateColumns":"","tag":"custom","customTag":"li","_display":"","_gridGap":"","_cssGlobalClasses":["pjbgln"]},"label":"LI"},{"id":"b0ec40","name":"text-basic","parent":"8ae8a5","children":[],"settings":{"text":".x-btn--accent"}},{"id":"f76717","name":"text-basic","parent":"8ae8a5","children":[],"settings":{"text":"Accent colored Button. See the SASS \"Framework\" for details."}},{"id":"1d3257","name":"block","parent":"2f7457","children":["20945c","dbfe80"],"settings":{"_gridTemplateColumns":"","tag":"custom","customTag":"li","_display":"","_gridGap":"","_cssGlobalClasses":["pjbgln"]},"label":"ALT"},{"id":"20945c","name":"text-basic","parent":"1d3257","children":[],"settings":{"text":".x-btn--action-alt"}},{"id":"dbfe80","name":"text-basic","parent":"1d3257","children":[],"settings":{"text":"Action \"Alt\" colored Button. See the SASS \"Framework\" for details."}},{"id":"d24ff3","name":"block","parent":"2f7457","children":["7e5572","0a12dd"],"settings":{"_gridTemplateColumns":"","tag":"custom","customTag":"li","_display":"","_gridGap":"","_cssGlobalClasses":["pjbgln"]},"label":"LI"},{"id":"7e5572","name":"text-basic","parent":"d24ff3","children":[],"settings":{"text":".x-btn--primary-alt"}},{"id":"0a12dd","name":"text-basic","parent":"d24ff3","children":[],"settings":{"text":"Primary \"Alt\" colored Button. See the SASS \"Framework\" for details."}},{"id":"6f0901","name":"block","parent":"2f7457","children":["e35ad5","046ce7"],"settings":{"_gridTemplateColumns":"","tag":"custom","customTag":"li","_display":"","_gridGap":"","_cssGlobalClasses":["pjbgln"]},"label":"LI"},{"id":"e35ad5","name":"text-basic","parent":"6f0901","children":[],"settings":{"text":".x-btn--secondary"}},{"id":"046ce7","name":"text-basic","parent":"6f0901","children":[],"settings":{"text":"Secondary colored Button. See the SASS \"Framework\" for details."}},{"id":"0dcf68","name":"block","parent":"2f7457","children":["7cb43b","e33c34"],"settings":{"_gridTemplateColumns":"","tag":"custom","customTag":"li","_display":"","_gridGap":"","_cssGlobalClasses":["pjbgln"]},"label":"ALT"},{"id":"7cb43b","name":"text-basic","parent":"0dcf68","children":[],"settings":{"text":".x-btn--secondary-alt"}},{"id":"e33c34","name":"text-basic","parent":"0dcf68","children":[],"settings":{"text":"Secondary \"Alt\" colored Button. See the SASS \"Framework\" for details."}},{"id":"7437f9","name":"block","parent":"2f7457","children":["66a5f0","23d9fb"],"settings":{"_gridTemplateColumns":"","tag":"custom","customTag":"li","_display":"","_gridGap":"","_cssGlobalClasses":["pjbgln"]},"label":"LI"},{"id":"66a5f0","name":"text-basic","parent":"7437f9","children":[],"settings":{"text":".x-btn--action"}},{"id":"23d9fb","name":"text-basic","parent":"7437f9","children":[],"settings":{"text":"Action colored Button. See the SASS \"Framework\" for details."}},{"id":"092e1d","name":"block","parent":"2f7457","children":["2f7125","96de78"],"settings":{"_gridTemplateColumns":"","tag":"custom","customTag":"li","_display":"","_gridGap":"","_cssGlobalClasses":["pjbgln"]},"label":"ALT"},{"id":"2f7125","name":"text-basic","parent":"092e1d","children":[],"settings":{"text":".x-btn--accent-alt"}},{"id":"96de78","name":"text-basic","parent":"092e1d","children":[],"settings":{"text":"Action \"Alt\" colored Button. See the SASS \"Framework\" for details."}},{"id":"6504be","name":"block","parent":"2f7457","children":["4ed0e0","b2f941"],"settings":{"_gridTemplateColumns":"","tag":"custom","customTag":"li","_display":"","_gridGap":"","_cssGlobalClasses":["pjbgln"]},"label":"LI"},{"id":"4ed0e0","name":"text-basic","parent":"6504be","children":[],"settings":{"text":"<b>.x-btn--outline<\/b>"}},{"id":"b2f941","name":"text-basic","parent":"6504be","children":[],"settings":{"text":"Add to any element with the above classes to get the Outline version"}},{"id":"0202bc","name":"block","parent":"2f7457","children":["cf49ec","897ebd"],"settings":{"_gridTemplateColumns":"","tag":"custom","customTag":"li","_display":"","_gridGap":"","_cssGlobalClasses":["pjbgln"]},"label":"ALT"},{"id":"cf49ec","name":"text-basic","parent":"0202bc","children":[],"settings":{"text":".x-btn--shade-alt"}},{"id":"897ebd","name":"text-basic","parent":"0202bc","children":[],"settings":{"text":"Shade \"Alt\" colored Button. See the SASS \"Framework\" for details."}},{"id":"b602ee","name":"block","parent":"2f7457","children":["a991ac","89c351"],"settings":{"_gridTemplateColumns":"","tag":"custom","customTag":"li","_display":"","_gridGap":"","_cssGlobalClasses":["pjbgln"]},"label":"LI"},{"id":"a991ac","name":"text-basic","parent":"b602ee","children":[],"settings":{"text":".x-btn--shade"}},{"id":"89c351","name":"text-basic","parent":"b602ee","children":[],"settings":{"text":"Shade colored Button. See the SASS \"Framework\" for details."}},{"id":"b4f13c","name":"block","parent":"10e507","children":["07b1d2","89c6b6"],"settings":{"tag":"custom","customTag":"li","_cssGlobalClasses":["pjbgln"]},"label":"LI"},{"id":"07b1d2","name":"text-basic","parent":"b4f13c","children":[],"settings":{"text":".x-clickable-parent"}},{"id":"89c6b6","name":"text","parent":"b4f13c","children":[],"settings":{"text":"<p>Makes a link clickable area expand to the nearest \"relative\" parent.<\/p><p><strong>Note<\/strong>: The parent must have \"position: relative\"<\/p>"}},{"id":"43c0c0","name":"container","parent":"de85d3","children":["63867d","224796"],"settings":{"_cssGlobalClasses":["bmikjg"]},"label":"X Box Shadow"},{"id":"63867d","name":"heading","parent":"43c0c0","children":[],"settings":{"text":"X Box Shadow","tag":"h3"}},{"id":"224796","name":"block","parent":"43c0c0","children":["55c525","4925b2","dccd41"],"settings":{"tag":"custom","customTag":"ul","_cssGlobalClasses":["xxipgy"]},"label":"UL"},{"id":"55c525","name":"block","parent":"224796","children":["692ccc","7b2b1d"],"settings":{"tag":"custom","customTag":"li","_cssGlobalClasses":["pjbgln"]},"label":"LI"},{"id":"4925b2","name":"block","parent":"224796","children":["49eef8","b520c2"],"settings":{"tag":"custom","customTag":"li","_cssGlobalClasses":["pjbgln"]},"label":"LI"},{"id":"dccd41","name":"block","parent":"224796","children":["e509ed","4f3bc7"],"settings":{"tag":"custom","customTag":"li","_cssGlobalClasses":["pjbgln"]},"label":"LI"},{"id":"692ccc","name":"text-basic","parent":"55c525","children":[],"settings":{"text":".x-box-shadow--small"}},{"id":"7b2b1d","name":"text-basic","parent":"55c525","children":[],"settings":{"text":"box-shadow: var(--x-box-shadow--small);"}},{"id":"49eef8","name":"text-basic","parent":"4925b2","children":[],"settings":{"text":".x-box-shadow--medium"}},{"id":"b520c2","name":"text-basic","parent":"4925b2","children":[],"settings":{"text":"box-shadow: var(--x-box-shadow--medium);"}},{"id":"e509ed","name":"text-basic","parent":"dccd41","children":[],"settings":{"text":".x-box-shadow--large"}},{"id":"4f3bc7","name":"text-basic","parent":"dccd41","children":[],"settings":{"text":"var(--x-box-shadow--large);"}},{"id":"453a5e","name":"text","parent":"8ac883","children":[],"settings":{"text":"<p><strong>Note:<\/strong> this is styling for WS Form forms.<\/p>"}},{"id":"b11fe2","name":"container","parent":"de85d3","children":["8025fb","f0a16f","a84742"],"settings":{"_cssGlobalClasses":["bmikjg"]},"label":"X Acessibility"},{"id":"8025fb","name":"heading","parent":"b11fe2","children":[],"settings":{"text":"X Accessibility","tag":"h3"}},{"id":"f0a16f","name":"text","parent":"b11fe2","children":[],"settings":{"text":"<p><strong>Note:<\/strong> Most accessibility styles are applied in the background. This is just a few that may be used on elements manually.<\/p>"}},{"id":"a84742","name":"block","parent":"b11fe2","children":["d9c49b"],"settings":{"tag":"custom","customTag":"ul","_cssGlobalClasses":["xxipgy"]},"label":"UL"},{"id":"d9c49b","name":"block","parent":"a84742","children":["eaeb1e","f6fb71"],"settings":{"tag":"custom","customTag":"li","_display":"grid","_cssGlobalClasses":["pjbgln"]},"label":"LI"},{"id":"eaeb1e","name":"text-basic","parent":"d9c49b","children":[],"settings":{"text":".x-hidden-accessible "}},{"id":"f6fb71","name":"text-basic","parent":"d9c49b","children":[],"settings":{"text":"Hide element visually without affecting screen readers."}},{"id":"87309c","name":"container","parent":"de85d3","children":["ea4500","5ee7e5"],"settings":{"_cssGlobalClasses":["bmikjg"]},"label":"X Animation"},{"id":"ea4500","name":"heading","parent":"87309c","children":[],"settings":{"text":"X Animation","tag":"h3"}},{"id":"5ee7e5","name":"block","parent":"87309c","children":["4bbbb0","3a9872"],"settings":{"tag":"custom","customTag":"ul","_cssGlobalClasses":["xxipgy"]},"label":"UL"},{"id":"4bbbb0","name":"block","parent":"5ee7e5","children":["5b0370","4944fc"],"settings":{"tag":"custom","customTag":"li","_cssGlobalClasses":["pjbgln"]},"label":"LI"},{"id":"5b0370","name":"text-basic","parent":"4bbbb0","children":[],"settings":{"text":".x-move-on-hover--small"}},{"id":"4944fc","name":"text-basic","parent":"4bbbb0","children":[],"settings":{"text":"Translates Y on element hover"}},{"id":"3a9872","name":"block","parent":"5ee7e5","children":["233e8c","999aeb"],"settings":{"tag":"custom","customTag":"li","_cssGlobalClasses":["pjbgln"]},"label":"LI"},{"id":"233e8c","name":"text-basic","parent":"3a9872","children":[],"settings":{"text":".x-elevate-on-hover"}},{"id":"999aeb","name":"text-basic","parent":"3a9872","children":[],"settings":{"text":"Elevation effect. <br>Default: .x-box-shadow--medium <br>Hover: TranslateY + .x-box-shadow--large"}},{"id":"e4d223","name":"container","parent":"de85d3","children":["a772d3","2da074","7a6944"],"settings":{"_cssGlobalClasses":["bmikjg"]},"label":"X Selectors"},{"id":"a772d3","name":"heading","parent":"e4d223","children":[],"settings":{"text":"X Selectors","tag":"h3"}},{"id":"7a6944","name":"block","parent":"e4d223","children":["bee32c"],"settings":{"tag":"custom","customTag":"ul","_cssGlobalClasses":["xxipgy"]},"label":"UL"},{"id":"bee32c","name":"block","parent":"7a6944","children":["b6283f","c85a18"],"settings":{"tag":"custom","customTag":"li","_cssGlobalClasses":["pjbgln"]},"label":"LI"},{"id":"b6283f","name":"text-basic","parent":"bee32c","children":[],"settings":{"text":".bf-gsap-scrub-to-0"}},{"id":"c85a18","name":"text-basic","parent":"bee32c","children":[],"settings":{"text":"Use for BricksForge SCRUB translate properties to 0. <br>Add translations to an element at the ID level, the add this class. It will animate the translations to 0 in tehviewport."}},{"id":"2da074","name":"heading","parent":"e4d223","children":[],"settings":{"text":"For BricksForge","tag":"h4"}}],"templateType":"section","global_classes":[{"id":"bmikjg","name":"framework-set","settings":{"_rowGap":"var(--x-size--s)","_cssCustom":".framework-set .framework-set__list-item:nth-of-type(even){\n background-color:  var(--x-color-black--5)\n}"}},{"id":"xxipgy","name":"framework-set__list","settings":{"_rowGap":"var(--x-size--s)"}},{"id":"pjbgln","name":"framework-set__list-item","settings":{"_gridGap":"var(--x-size--n)","_gridTemplateColumns":"400px minmax(0,1fr)","_display":"grid","_gridTemplateColumns:mobile_portrait":"1fr","_border:mobile_portrait":{"width":{"bottom":"1"},"style":"dashed","color":{"raw":"var(--shade-d-1)","id":"brxc_color_a3wdxg-d-1","name":"shade-d-1"}},"_padding":{"bottom":"var(--x-size--xs)","top":"var(--x-size--xs)","right":"var(--x-size--xs)","left":"var(--x-size--xs)"}}},{"id":"ustvub","name":"hero-page-std","settings":{"_background":{"color":{"raw":"var(--at-shade-d-5)","id":"brxc_color_71gvd9-d-5","name":"at-shade-d-5"}},"_padding":{"bottom":"var(--at-size-clamp--s)","top":"var(--at-size-clamp--s)"}}},{"id":"hvxjdw","name":"hero-page-std__heading","settings":[]}]}