Username,E-mail,First Name,Last Name,Website,Password,Send Password,Role,Select sites, Select groups
User 1,user1@site1.com,FN1,LN1,http://site1.com,password1,1,administrator,http://site1.com;http://site2.com,
User 2,user2@site2.com,FN2,LN2,http://site2.com,password2,0,subscriber,,group1;group2
User 3,user3@site3.com,FN3,LN3,http://site3.com,password3,1,editor,http://site1.com;http://site2.com,
User 4,user4@site4.com,FN4,LN4,http://site4.com,password4,0,author,,group1;group2
User 5,user5@site5.com,FN5,LN5,http://site5.com,password5,1,contributor,http://site1.com;http://site2.com,
