{"label":"Promo Code","status":"draft","count_stat_view":"0","count_stat_save":"0","count_stat_submit":"0","count_submit":0,"count_submit_unread":"0","id":"612","groups":[{"label":"Tab","sort_index":"1","id":"1236","sections":[{"label":"Promo Code","child_count":"0","sort_index":"3","id":"2545","meta":{"label_render":"","hidden_section":"","section_repeatable":"","section_repeat_label":"","section_repeat_default":"","class_single_vertical_align":"","class_section_wrapper":"","disabled_section":"","section_repeat_min":"","section_repeat_max":"","section_repeatable_delimiter_section":",","section_repeatable_delimiter_row":";","breakpoint_size_25":"","breakpoint_size_50":"","breakpoint_size_75":"","breakpoint_size_100":"","breakpoint_size_150":"","breakpoint_sizes":""},"fields":[{"label":"Promo Code","type":"text","date_updated":"2021-02-05 23:06:44","sort_index":"1","id":"13002","meta":{"label_render":"on","required":"","hidden":"","default_value":"","placeholder":"SAVE10, SAVE20, SAVE30","help":"","autocomplete":"","prepend":"","append":"","aria_label":"","exclude_email":"","wc_exclude_cart":"","hidden_bypass":"on","label_position":"default","label_column_width":"default","class_single_vertical_align":"","class_field_wrapper":"","class_field":"","disabled":"","readonly":"","min_length":"","max_length":"","min_length_words":"","max_length_words":"","input_mask":"","pattern":"","field_user_status":"","field_user_roles":[],"field_user_capabilities":[],"dedupe":"","dedupe_period":"","dedupe_message":"","invalid_feedback_render":"on","invalid_feedback":"","custom_attributes":[],"data_grid_datalist":{"rows_per_page":10,"group_index":0,"default":[],"columns":[{"id":0,"label":"Value"},{"id":1,"label":"Label"}],"groups":[{"label":"Values","page":0,"disabled":"","mask_group":"","rows":[]}]},"datalist_field_text":"1","datalist_field_value":"0","autocomplete_off":"","breakpoint_size_25":"6","breakpoint_size_75":"3","breakpoint_offset_75":"6","breakpoint_sizes":"","data_source_id":"","wsf-data-grid-auto-group":"0","breakpoint_size_50":"4","breakpoint_offset_50":"4"}},{"label":"Apply Discount","type":"button","date_updated":"2021-02-05 23:06:44","sort_index":"2","id":"13003","meta":{"hidden":"","help":"","aria_label":"","class_single_vertical_align":"bottom","class_field_button_type":"default","class_field_full_button_remove":"","class_field_wrapper":"","class_field":"","disabled":"","field_user_status":"","field_user_roles":"","field_user_capabilities":"","custom_attributes":"","breakpoint_size_75":"3","breakpoint_size_25":"6","breakpoint_size_50":"4"}},{"label":"Discount","type":"cart_price","date_updated":"2021-02-05 23:06:44","sort_index":"3","id":"13004","meta":{"label_render":"on","required":"","hidden":"on","text_align":"right","ecommerce_cart_price_type":"discount","default_value":"","ecommerce_price_negative":"on","placeholder":"","help":"","autocomplete":"","prepend":"","append":"","aria_label":"","exclude_email":"","wc_exclude_cart":"","hidden_bypass":"on","ecommerce_calculation_persist":"on","label_position":"default","label_column_width":"default","class_single_vertical_align":"","class_field_wrapper":"","class_field":"","disabled":"","readonly":"on","ecommerce_price_min":"","ecommerce_price_max":"","field_user_status":"","field_user_roles":"","field_user_capabilities":"","invalid_feedback_render":"on","invalid_feedback":"","custom_attributes":[],"data_grid_datalist":{"rows_per_page":10,"group_index":0,"default":[],"columns":[{"id":0,"label":"Value"},{"id":1,"label":"Label"}],"groups":[{"label":"Values","page":0,"disabled":"","mask_group":"","rows":[]}]},"datalist_field_text":"1","datalist_field_value":"0","breakpoint_sizes":"","data_source_id":"","wsf-data-grid-auto-group":"0","breakpoint_size_25":"6","breakpoint_size_75":"3","breakpoint_size_50":"4","breakpoint_offset_50":"4","breakpoint_offset_75":"6"}},{"label":"Remove Discount","type":"button","date_updated":"2021-02-05 23:06:44","sort_index":"4","id":"13005","meta":{"hidden":"on","help":"","aria_label":"","class_single_vertical_align":"bottom","class_field_button_type":"danger","class_field_full_button_remove":"","class_field_wrapper":"","class_field":"","disabled":"","field_user_status":"","field_user_roles":"","field_user_capabilities":"","custom_attributes":[],"breakpoint_sizes":"","breakpoint_size_75":"3","breakpoint_size_25":"6","breakpoint_size_50":"4"}},{"label":"Success Message","type":"message","date_updated":"2021-02-05 23:06:59","sort_index":"5","id":"13006","meta":{"hidden":"on","class_field_message_type":"success","text_editor":"","exclude_email":"on","wc_exclude_cart":"on","class_single_vertical_align":"","class_field_wrapper":"","field_user_status":"","field_user_roles":"","field_user_capabilities":"","custom_attributes":"","html_editor":"","breakpoint_sizes":"","breakpoint_size_50":"8","breakpoint_offset_50":"4","breakpoint_size_75":"6","breakpoint_offset_75":"6"}}]}],"meta":{"label_render":"","hidden":"","class_group_wrapper":""}}],"meta":{"label_render":"","submit_on_enter":"","submit_lock":"on","submit_unlock":"on","submit_reload":"on","form_action":"","cookie_tab_index":"on","tab_validation":"","submit_show_errors":"on","invalid_field_focus":"on","error_type":"danger","error_method":"after","error_clear":"on","error_scroll_top":"","error_scroll_top_offset":"0","error_scroll_top_duration":"400","error_form_hide":"","error_duration":"","error_message_hide":"on","error_form_show":"","label_position_form":"top","label_column_width_form":"3","label_required":"on","label_mask_required":"","class_form_wrapper":"","class_group_wrapper":"","class_section_wrapper":"","class_field_wrapper":"","class_field":"","label_mask_form":"","label_mask_group":"","label_mask_section":"","action_humanpresence_intro":"","action_humanpresence_not_enabled":"","action_akismetv1_intro":"","action_akismetv1_not_enabled":"","honeypot":"","spam_threshold":"50","submit_limit":"","submit_limit_count":"","submit_limit_period":"","submit_limit_message":"","submit_limit_message_type":"information","schedule_start":"","schedule_start_datetime":"","schedule_start_message":"","schedule_start_message_type":"information","schedule_end":"","schedule_end_datetime":"","schedule_end_message":"","schedule_end_message_type":"information","user_limit_logged_in":"","form_user_roles":"","form_user_capabilities":"","user_limit_logged_in_message_type":"danger","user_limit_logged_in_message":"","analytics_google":"","analytics_google_event_tab":"on","analytics_google_event_field":"on","tracking_remote_ip":"","tracking_agent":"","tracking_referrer":"","tracking_os":"","tracking_host":"","tracking_pathname":"","tracking_query_string":"","tracking_geo_location":"","tracking_ip_lookup_latlon":"","tracking_ip_lookup_city":"","tracking_ip_lookup_region":"","tracking_ip_lookup_country":"","tracking_ip_lookup_time_zone":"","tracking_duration":"","tracking_utm_source":"","tracking_utm_medium":"","tracking_utm_campaign":"","tracking_utm_term":"","tracking_utm_content":"","form_populate_enabled":"","form_populate_action_id":"","form_populate_list_id":"","action_post_form_populate_post_id":"#query_var(\"post_id\")","action_post_form_populate_author_restrict":"","action_user_form_populate_field_mapping":"","form_populate_field_mapping":"","action_post_form_populate_field_mapping_acf":"","action_post_form_populate_meta_mapping":"","action_user_form_populate_field_mapping_acf":"","action_user_form_populate_meta_mapping":"","form_populate_tag_mapping":"","action_post_form_populate_featured_image":"","wc_form_assign_intro":"","wc_form_assign":"","wc_form_assign_product_cat_include_mapping":"","wc_form_assign_product_tag_include_mapping":"","wc_form_assign_product_include_mapping":"","wc_form_assign_product_cat_exclude_mapping":"","wc_form_assign_product_tag_exclude_mapping":"","wc_form_assign_product_exclude_mapping":"","wc_catalog_add_to_cart_text":"Select options","wc_price_disable":"","wc_price_prefix":"","wc_price_suffix":"","wc_product_price_variation_hide":"","wc_product_add_to_cart_hide":"","wc_product_quantity_hide":"","wc_product_form_validate":"","wc_product_clear_hidden_meta_values":"on","wc_cart_edit":"","wc_cart_price_plugin_allow_negative":"","wc_actions_fire":"yes","breakpoint":"75","tab_index":"0","action":{"rows_per_page":10,"group_index":0,"default":[],"columns":[{"id":0,"label":"Action"},{"id":1,"label":"Data"}],"groups":[{"label":"Actions","page":0,"disabled":"","mask_group":"","rows":[{"id":1,"default":"","required":"","disabled":"","hidden":"","data":["Save to Submissions","{\"id\":\"database\",\"meta\":{\"action_database_field_filter\":\"\",\"action_database_field_filter_mapping\":\"\",\"action_database_expire\":\"\",\"action_database_expire_duration\":\"90\"},\"events\":[\"save\",\"submit\"]}"]},{"id":2,"default":"","required":"","disabled":"","hidden":"","data":["Show a Message","{\"id\":\"message\",\"meta\":{\"action_message_message\":\"Thank you for your order.\",\"action_message_type\":\"success\",\"action_message_method\":\"before\",\"action_message_form_hide\":\"on\",\"action_message_clear\":\"on\",\"action_message_scroll_top\":\"\",\"action_message_duration\":\"\",\"action_message_message_hide\":\"\",\"action_message_form_show\":\"\"},\"events\":[\"submit\"]}"]},{"id":3,"default":"","disabled":"","required":"","hidden":"","data":["Send Email","{\"id\":\"email\",\"meta\":{\"action_email_content_type\":\"text\\\/html\",\"action_email_from_email\":\"#blog_admin_email\",\"action_email_from_name\":\"#blog_name\",\"action_email_to\":[{\"action_email_email\":\"#blog_admin_email\",\"action_email_name\":\"#blog_name\"}],\"action_email_cc\":[],\"action_email_bcc\":[],\"action_email_reply_to_email\":\"\",\"action_email_subject\":\"#form_label\",\"action_email_message_editor\":\"text_editor\",\"action_email_message_wrapper\":\"on\",\"action_email_message_textarea\":\"#email_submission\",\"action_email_message_text_editor\":\"<h3>#email_subject<\\\/h3><p>#email_submission<\\\/p>\",\"action_email_message_html_editor\":\"<h3>#email_subject<\\\/h3>\\n\\n#email_submission\",\"action_email_attachments\":[],\"action_email_headers\":[],\"action_email_charset\":\"#blog_charset\"},\"events\":[\"submit\"]}"]}]}]},"invalid_field_scroll":"","field_select":"","form_history":"","documentation":"","contact":"","knowledgebase":"","contact_inquiry":"","contact_push_form":"","contact_push_system":"","contact_gdpr":"","contact_submit":"","conditional":{"rows_per_page":10,"group_index":0,"default":[],"columns":[{"id":0,"label":"Condition"},{"id":1,"label":"Data"}],"groups":[{"label":"Conditions","page":0,"disabled":"","mask_group":"","rows":[{"id":9,"default":"","disabled":"","required":"","hidden":"","data":["Promo code: SAVE10","{\"if\":[{\"conditions\":[{\"id\":3,\"object\":\"field\",\"object_id\":13002,\"object_row_id\":0,\"logic\":\"equals\",\"value\":\"SAVE10\",\"case_sensitive\":false,\"logic_previous\":\"||\"},{\"id\":4,\"object\":\"field\",\"object_id\":13003,\"object_row_id\":0,\"logic\":\"click\",\"value\":\"\",\"case_sensitive\":true,\"logic_previous\":\"&&\"}],\"logic_previous\":\"||\"}],\"then\":[{\"id\":1,\"object\":\"field\",\"object_id\":13002,\"object_row_id\":\"\",\"action\":\"visibility\",\"value\":\"off\"},{\"id\":2,\"object\":\"field\",\"object_id\":13003,\"object_row_id\":\"\",\"action\":\"visibility\",\"value\":\"off\"},{\"id\":3,\"object\":\"field\",\"object_id\":13004,\"object_row_id\":\"\",\"action\":\"visibility\",\"value\":\"\"},{\"id\":4,\"object\":\"field\",\"object_id\":13004,\"object_row_id\":\"\",\"action\":\"value_number\",\"value\":\"-#calc(#ecommerce_cart_subtotal_float*10*0.01)\"},{\"id\":5,\"object\":\"field\",\"object_id\":13005,\"object_row_id\":\"\",\"action\":\"visibility\",\"value\":\"\"},{\"id\":6,\"object\":\"field\",\"object_id\":13006,\"object_row_id\":\"\",\"action\":\"visibility\",\"value\":\"\"},{\"id\":7,\"object\":\"field\",\"object_id\":13006,\"object_row_id\":\"\",\"action\":\"text_editor\",\"value\":\"Promo Code: #field(13002) has successfully been applied.\"}],\"else\":[]}"]},{"id":10,"default":"","disabled":"","required":"","hidden":"","data":["Promo code: SAVE20","{\"if\":[{\"conditions\":[{\"id\":3,\"object\":\"field\",\"object_id\":13002,\"object_row_id\":0,\"logic\":\"equals\",\"value\":\"SAVE20\",\"case_sensitive\":false,\"logic_previous\":\"||\"},{\"id\":4,\"object\":\"field\",\"object_id\":13003,\"object_row_id\":0,\"logic\":\"click\",\"value\":\"\",\"case_sensitive\":true,\"logic_previous\":\"&&\"}],\"logic_previous\":\"||\"}],\"then\":[{\"id\":1,\"object\":\"field\",\"object_id\":13002,\"object_row_id\":\"\",\"action\":\"visibility\",\"value\":\"off\"},{\"id\":2,\"object\":\"field\",\"object_id\":13003,\"object_row_id\":\"\",\"action\":\"visibility\",\"value\":\"off\"},{\"id\":3,\"object\":\"field\",\"object_id\":13004,\"object_row_id\":\"\",\"action\":\"visibility\",\"value\":\"\"},{\"id\":4,\"object\":\"field\",\"object_id\":13004,\"object_row_id\":\"\",\"action\":\"value_number\",\"value\":\"-#calc(#ecommerce_cart_subtotal_float*20*0.01)\"},{\"id\":5,\"object\":\"field\",\"object_id\":13005,\"object_row_id\":\"\",\"action\":\"visibility\",\"value\":\"\"},{\"id\":6,\"object\":\"field\",\"object_id\":13006,\"object_row_id\":\"\",\"action\":\"visibility\",\"value\":\"\"},{\"id\":7,\"object\":\"field\",\"object_id\":13006,\"object_row_id\":\"\",\"action\":\"text_editor\",\"value\":\"Promo Code: #field(13002) has successfully been applied.\"}],\"else\":[]}"]},{"id":11,"default":"","disabled":"","required":"","hidden":"","data":["Promo code: SAVE30","{\"if\":[{\"conditions\":[{\"id\":3,\"object\":\"field\",\"object_id\":13002,\"object_row_id\":0,\"logic\":\"equals\",\"value\":\"SAVE30\",\"case_sensitive\":false,\"logic_previous\":\"||\"},{\"id\":4,\"object\":\"field\",\"object_id\":13003,\"object_row_id\":0,\"logic\":\"click\",\"value\":\"\",\"case_sensitive\":true,\"logic_previous\":\"&&\"}],\"logic_previous\":\"||\"}],\"then\":[{\"id\":1,\"object\":\"field\",\"object_id\":13002,\"object_row_id\":\"\",\"action\":\"visibility\",\"value\":\"off\"},{\"id\":2,\"object\":\"field\",\"object_id\":13003,\"object_row_id\":\"\",\"action\":\"visibility\",\"value\":\"off\"},{\"id\":3,\"object\":\"field\",\"object_id\":13004,\"object_row_id\":\"\",\"action\":\"visibility\",\"value\":\"\"},{\"id\":4,\"object\":\"field\",\"object_id\":13004,\"object_row_id\":\"\",\"action\":\"value_number\",\"value\":\"-#calc(#ecommerce_cart_subtotal_float*30*0.01)\"},{\"id\":5,\"object\":\"field\",\"object_id\":13005,\"object_row_id\":\"\",\"action\":\"visibility\",\"value\":\"\"},{\"id\":6,\"object\":\"field\",\"object_id\":13006,\"object_row_id\":\"\",\"action\":\"visibility\",\"value\":\"\"},{\"id\":7,\"object\":\"field\",\"object_id\":13006,\"object_row_id\":\"\",\"action\":\"text_editor\",\"value\":\"Promo Code: #field(13002) has successfully been applied.\"}],\"else\":[]}"]},{"id":12,"default":"","disabled":"","required":"","hidden":"","data":["Remove discount","{\"if\":[{\"conditions\":[{\"id\":5,\"object\":\"field\",\"object_id\":13005,\"object_row_id\":0,\"logic\":\"click\",\"value\":\"\",\"case_sensitive\":true,\"logic_previous\":\"||\"}],\"logic_previous\":\"||\"}],\"then\":[{\"id\":1,\"object\":\"field\",\"object_id\":13002,\"object_row_id\":\"\",\"action\":\"visibility\",\"value\":\"\"},{\"id\":2,\"object\":\"field\",\"object_id\":13002,\"object_row_id\":\"\",\"action\":\"clear\",\"value\":\"\"},{\"id\":3,\"object\":\"field\",\"object_id\":13003,\"object_row_id\":\"\",\"action\":\"visibility\",\"value\":\"\"},{\"id\":4,\"object\":\"field\",\"object_id\":13004,\"object_row_id\":\"\",\"action\":\"visibility\",\"value\":\"off\"},{\"id\":5,\"object\":\"field\",\"object_id\":13004,\"object_row_id\":\"\",\"action\":\"value_number\",\"value\":\"0\"},{\"id\":6,\"object\":\"field\",\"object_id\":13005,\"object_row_id\":\"\",\"action\":\"visibility\",\"value\":\"off\"},{\"id\":7,\"object\":\"field\",\"object_id\":13006,\"object_row_id\":\"\",\"action\":\"visibility\",\"value\":\"off\"},{\"id\":8,\"object\":\"field\",\"object_id\":13006,\"object_row_id\":\"\",\"action\":\"text_editor\",\"value\":\"\"}],\"else\":[]}"]}]}]},"contact_first_name":"","contact_last_name":"","contact_email":""},"identifier":"ws_form","version":"1.7.153","time":1612566598,"checksum":"04b2e851ec137937f97c95c542022b58"}