{"label":"Billing & Shipping (Intl)","status":"draft","count_stat_view":"0","count_stat_save":"0","count_stat_submit":"0","count_submit":0,"count_submit_unread":"0","id":"798","groups":[{"label":"Billing & Shipping (Intl)","sort_index":"1","id":"1674","meta":{"label_render":"","hidden":"","class_group_wrapper":""},"sections":[{"label":"Billing Address","child_count":"0","sort_index":"1","id":"3698","meta":{"label_render":"on","hidden_section":"","section_repeatable":"","section_repeat_label":"","section_repeat_default":"","class_single_vertical_align":"","class_section_wrapper":"","disabled_section":"","section_repeat_min":"","section_repeat_max":"","section_repeatable_delimiter_section":",","section_repeatable_delimiter_row":";","breakpoint_size_25":"","breakpoint_size_75":"6","breakpoint_sizes":""},"fields":[{"label":"Address Line 1","type":"text","date_updated":"2021-02-22 19:00:20","sort_index":"1","id":"17683","meta":{"label_render":"on","required":"on","hidden":"","default_value":"","placeholder":"","help":"","autocomplete":"","prepend":"","append":"","aria_label":"","exclude_email":"","wc_exclude_cart":"","hidden_bypass":"","label_position":"default","label_column_width":"default","class_single_vertical_align":"","class_field_wrapper":"","class_field":"","disabled":"","readonly":"","min_length":"","max_length":"","min_length_words":"","max_length_words":"","input_mask":"","pattern":"","field_user_status":"","field_user_roles":[],"field_user_capabilities":[],"dedupe":"","dedupe_period":"","dedupe_message":"","invalid_feedback_render":"on","invalid_feedback":"","custom_attributes":[],"data_grid_datalist":{"rows_per_page":10,"group_index":0,"default":[],"columns":[{"id":0,"label":"Value"},{"id":1,"label":"Label"}],"groups":[{"label":"Values","page":0,"disabled":"","mask_group":"","rows":[]}]},"datalist_field_text":"1","datalist_field_value":"0","breakpoint_sizes":"","data_source_id":"","wsf-data-grid-auto-group":"0","breakpoint_size_50":"6"}},{"label":"Address Line 2","type":"text","date_updated":"2021-02-22 19:00:20","sort_index":"2","id":"17684","meta":{"label_render":"on","required":"","hidden":"","default_value":"","placeholder":"","help":"","autocomplete":"","prepend":"","append":"","aria_label":"","exclude_email":"","wc_exclude_cart":"","hidden_bypass":"","label_position":"default","label_column_width":"default","class_single_vertical_align":"","class_field_wrapper":"","class_field":"","disabled":"","readonly":"","min_length":"","max_length":"","min_length_words":"","max_length_words":"","input_mask":"","pattern":"","field_user_status":"","field_user_roles":"","field_user_capabilities":"","dedupe":"","dedupe_period":"","dedupe_message":"","invalid_feedback_render":"on","invalid_feedback":"","custom_attributes":"","data_grid_datalist":{"rows_per_page":10,"group_index":0,"default":[],"columns":[{"id":0,"label":"Value"},{"id":1,"label":"Label"}],"groups":[{"label":"Values","page":0,"disabled":"","mask_group":"","rows":[]}]},"datalist_field_text":"1","datalist_field_value":"0","breakpoint_size_50":"6"}},{"label":"City","type":"text","date_updated":"2021-02-22 19:00:20","sort_index":"3","id":"17685","meta":{"label_render":"on","required":"on","hidden":"","default_value":"","placeholder":"","help":"","autocomplete":"","prepend":"","append":"","aria_label":"","exclude_email":"","wc_exclude_cart":"","hidden_bypass":"","label_position":"default","label_column_width":"default","class_single_vertical_align":"","class_field_wrapper":"","class_field":"","disabled":"","readonly":"","min_length":"","max_length":"","min_length_words":"","max_length_words":"","input_mask":"","pattern":"","field_user_status":"","field_user_roles":[],"field_user_capabilities":[],"dedupe":"","dedupe_period":"","dedupe_message":"","invalid_feedback_render":"on","invalid_feedback":"","custom_attributes":[],"data_grid_datalist":{"rows_per_page":10,"group_index":0,"default":[],"columns":[{"id":0,"label":"Value"},{"id":1,"label":"Label"}],"groups":[{"label":"Values","page":0,"disabled":"","mask_group":"","rows":[]}]},"datalist_field_text":"1","datalist_field_value":"0","breakpoint_size_50":"4","breakpoint_sizes":"","data_source_id":"","wsf-data-grid-auto-group":"0"}},{"label":"State \/ County \/ Province","type":"text","date_updated":"2021-02-22 19:00:20","sort_index":"4","id":"17686","meta":{"label_render":"on","required":"on","hidden":"","default_value":"","placeholder":"","help":"","autocomplete":"","prepend":"","append":"","aria_label":"","exclude_email":"","wc_exclude_cart":"","hidden_bypass":"","label_position":"default","label_column_width":"default","class_single_vertical_align":"","class_field_wrapper":"","class_field":"","disabled":"","readonly":"","min_length":"","max_length":"","min_length_words":"","max_length_words":"","input_mask":"","pattern":"","field_user_status":"","field_user_roles":[],"field_user_capabilities":[],"dedupe":"","dedupe_period":"","dedupe_message":"","invalid_feedback_render":"on","invalid_feedback":"","custom_attributes":[],"data_grid_datalist":{"rows_per_page":10,"group_index":0,"default":[],"columns":[{"id":0,"label":"Value"},{"id":1,"label":"Label"}],"groups":[{"label":"Values","page":0,"disabled":"","mask_group":"","rows":[]}]},"datalist_field_text":"1","datalist_field_value":"0","breakpoint_size_25":"8","breakpoint_size_50":"4","breakpoint_sizes":"","data_source_id":"","wsf-data-grid-auto-group":"0"}},{"label":"Postal Code","type":"text","date_updated":"2021-02-22 19:00:21","sort_index":"5","id":"17687","meta":{"label_render":"on","required":"on","hidden":"","default_value":"","placeholder":"","help":"","autocomplete":"","prepend":"","append":"","aria_label":"","exclude_email":"","wc_exclude_cart":"","hidden_bypass":"","label_position":"default","label_column_width":"default","class_single_vertical_align":"","class_field_wrapper":"","class_field":"","disabled":"","readonly":"","min_length":"","max_length":"","min_length_words":"","max_length_words":"","input_mask":"","pattern":"","field_user_status":"","field_user_roles":[],"field_user_capabilities":[],"dedupe":"","dedupe_period":"","dedupe_message":"","invalid_feedback_render":"on","invalid_feedback":"","custom_attributes":[],"data_grid_datalist":{"rows_per_page":10,"group_index":0,"default":[],"columns":[{"id":0,"label":"Value"},{"id":1,"label":"Label"}],"groups":[{"label":"Values","page":0,"disabled":"","mask_group":"","rows":[]}]},"datalist_field_text":"1","datalist_field_value":"0","breakpoint_size_25":"4","breakpoint_sizes":"","data_source_id":"","wsf-data-grid-auto-group":"0"}},{"label":"Country","type":"select","date_updated":"2021-02-22 19:00:21","sort_index":"6","id":"17688","meta":{"label_render":"on","required":"on","hidden":"","multiple":"","size":"","placeholder_row":"Select...","help":"","autocomplete":"","select2_intro":"","select2":"","select2_ajax":"","select2_tags":"","prepend":"","append":"","aria_label":"","exclude_email":"","wc_exclude_cart":"","hidden_bypass":"","label_position":"default","label_column_width":"default","class_single_vertical_align":"","class_field_wrapper":"","class_field":"","disabled":"","select_min":"","select_max":"","field_user_status":"","field_user_roles":[],"field_user_capabilities":[],"dedupe_value_scope":"","invalid_feedback_render":"on","invalid_feedback":"","custom_attributes":[],"data_grid_select":{"rows_per_page":10,"group_index":0,"default":[],"columns":[{"id":0,"label":"Name"},{"id":1,"label":"Code"}],"groups":[{"label":"Countries (Basic)","page":0,"disabled":"","mask_group":"","rows":[{"id":1,"default":"","disabled":"","required":"","hidden":"","data":["Afghanistan","AF"]},{"id":2,"default":"","disabled":"","required":"","hidden":"","data":["\u00c5land Islands","AX"]},{"id":3,"default":"","disabled":"","required":"","hidden":"","data":["Albania","AL"]},{"id":4,"default":"","disabled":"","required":"","hidden":"","data":["Algeria","DZ"]},{"id":5,"default":"","disabled":"","required":"","hidden":"","data":["American Samoa","AS"]},{"id":6,"default":"","disabled":"","required":"","hidden":"","data":["Andorra","AD"]},{"id":7,"default":"","disabled":"","required":"","hidden":"","data":["Angola","AO"]},{"id":8,"default":"","disabled":"","required":"","hidden":"","data":["Anguilla","AI"]},{"id":9,"default":"","disabled":"","required":"","hidden":"","data":["Antarctica","AQ"]},{"id":10,"default":"","disabled":"","required":"","hidden":"","data":["Antigua and Barbuda","AG"]},{"id":11,"default":"","disabled":"","required":"","hidden":"","data":["Argentina","AR"]},{"id":12,"default":"","disabled":"","required":"","hidden":"","data":["Armenia","AM"]},{"id":13,"default":"","disabled":"","required":"","hidden":"","data":["Aruba","AW"]},{"id":14,"default":"","disabled":"","required":"","hidden":"","data":["Australia","AU"]},{"id":15,"default":"","disabled":"","required":"","hidden":"","data":["Austria","AT"]},{"id":16,"default":"","disabled":"","required":"","hidden":"","data":["Azerbaijan","AZ"]},{"id":17,"default":"","disabled":"","required":"","hidden":"","data":["Bahamas","BS"]},{"id":18,"default":"","disabled":"","required":"","hidden":"","data":["Bahrain","BH"]},{"id":19,"default":"","disabled":"","required":"","hidden":"","data":["Bangladesh","BD"]},{"id":20,"default":"","disabled":"","required":"","hidden":"","data":["Barbados","BB"]},{"id":21,"default":"","disabled":"","required":"","hidden":"","data":["Belarus","BY"]},{"id":22,"default":"","disabled":"","required":"","hidden":"","data":["Belgium","BE"]},{"id":23,"default":"","disabled":"","required":"","hidden":"","data":["Belize","BZ"]},{"id":24,"default":"","disabled":"","required":"","hidden":"","data":["Benin","BJ"]},{"id":25,"default":"","disabled":"","required":"","hidden":"","data":["Bermuda","BM"]},{"id":26,"default":"","disabled":"","required":"","hidden":"","data":["Bhutan","BT"]},{"id":27,"default":"","disabled":"","required":"","hidden":"","data":["Bolivia, Plurinational State of","BO"]},{"id":28,"default":"","disabled":"","required":"","hidden":"","data":["Bonaire, Sint Eustatius and Saba","BQ"]},{"id":29,"default":"","disabled":"","required":"","hidden":"","data":["Bosnia and Herzegovina","BA"]},{"id":30,"default":"","disabled":"","required":"","hidden":"","data":["Botswana","BW"]},{"id":31,"default":"","disabled":"","required":"","hidden":"","data":["Bouvet Island","BV"]},{"id":32,"default":"","disabled":"","required":"","hidden":"","data":["Brazil","BR"]},{"id":33,"default":"","disabled":"","required":"","hidden":"","data":["British Indian Ocean Territory","IO"]},{"id":34,"default":"","disabled":"","required":"","hidden":"","data":["Brunei Darussalam","BN"]},{"id":35,"default":"","disabled":"","required":"","hidden":"","data":["Bulgaria","BG"]},{"id":36,"default":"","disabled":"","required":"","hidden":"","data":["Burkina Faso","BF"]},{"id":37,"default":"","disabled":"","required":"","hidden":"","data":["Burundi","BI"]},{"id":38,"default":"","disabled":"","required":"","hidden":"","data":["Cambodia","KH"]},{"id":39,"default":"","disabled":"","required":"","hidden":"","data":["Cameroon","CM"]},{"id":40,"default":"","disabled":"","required":"","hidden":"","data":["Canada","CA"]},{"id":41,"default":"","disabled":"","required":"","hidden":"","data":["Cape Verde","CV"]},{"id":42,"default":"","disabled":"","required":"","hidden":"","data":["Cayman Islands","KY"]},{"id":43,"default":"","disabled":"","required":"","hidden":"","data":["Central African Republic","CF"]},{"id":44,"default":"","disabled":"","required":"","hidden":"","data":["Chad","TD"]},{"id":45,"default":"","disabled":"","required":"","hidden":"","data":["Chile","CL"]},{"id":46,"default":"","disabled":"","required":"","hidden":"","data":["China","CN"]},{"id":47,"default":"","disabled":"","required":"","hidden":"","data":["Christmas Island","CX"]},{"id":48,"default":"","disabled":"","required":"","hidden":"","data":["Cocos (Keeling) Islands","CC"]},{"id":49,"default":"","disabled":"","required":"","hidden":"","data":["Colombia","CO"]},{"id":50,"default":"","disabled":"","required":"","hidden":"","data":["Comoros","KM"]},{"id":51,"default":"","disabled":"","required":"","hidden":"","data":["Congo","CG"]},{"id":52,"default":"","disabled":"","required":"","hidden":"","data":["Congo, the Democratic Republic of the","CD"]},{"id":53,"default":"","disabled":"","required":"","hidden":"","data":["Cook Islands","CK"]},{"id":54,"default":"","disabled":"","required":"","hidden":"","data":["Costa Rica","CR"]},{"id":55,"default":"","disabled":"","required":"","hidden":"","data":["C\u00f4te d'Ivoire","CI"]},{"id":56,"default":"","disabled":"","required":"","hidden":"","data":["Croatia","HR"]},{"id":57,"default":"","disabled":"","required":"","hidden":"","data":["Cuba","CU"]},{"id":58,"default":"","disabled":"","required":"","hidden":"","data":["Cura\u00e7ao","CW"]},{"id":59,"default":"","disabled":"","required":"","hidden":"","data":["Cyprus","CY"]},{"id":60,"default":"","disabled":"","required":"","hidden":"","data":["Czech Republic","CZ"]},{"id":61,"default":"","disabled":"","required":"","hidden":"","data":["Denmark","DK"]},{"id":62,"default":"","disabled":"","required":"","hidden":"","data":["Djibouti","DJ"]},{"id":63,"default":"","disabled":"","required":"","hidden":"","data":["Dominica","DM"]},{"id":64,"default":"","disabled":"","required":"","hidden":"","data":["Dominican Republic","DO"]},{"id":65,"default":"","disabled":"","required":"","hidden":"","data":["Ecuador","EC"]},{"id":66,"default":"","disabled":"","required":"","hidden":"","data":["Egypt","EG"]},{"id":67,"default":"","disabled":"","required":"","hidden":"","data":["El Salvador","SV"]},{"id":68,"default":"","disabled":"","required":"","hidden":"","data":["Equatorial Guinea","GQ"]},{"id":69,"default":"","disabled":"","required":"","hidden":"","data":["Eritrea","ER"]},{"id":70,"default":"","disabled":"","required":"","hidden":"","data":["Estonia","EE"]},{"id":71,"default":"","disabled":"","required":"","hidden":"","data":["Ethiopia","ET"]},{"id":72,"default":"","disabled":"","required":"","hidden":"","data":["Falkland Islands (Malvinas)","FK"]},{"id":73,"default":"","disabled":"","required":"","hidden":"","data":["Faroe Islands","FO"]},{"id":74,"default":"","disabled":"","required":"","hidden":"","data":["Fiji","FJ"]},{"id":75,"default":"","disabled":"","required":"","hidden":"","data":["Finland","FI"]},{"id":76,"default":"","disabled":"","required":"","hidden":"","data":["France","FR"]},{"id":77,"default":"","disabled":"","required":"","hidden":"","data":["French Guiana","GF"]},{"id":78,"default":"","disabled":"","required":"","hidden":"","data":["French Polynesia","PF"]},{"id":79,"default":"","disabled":"","required":"","hidden":"","data":["French Southern Territories","TF"]},{"id":80,"default":"","disabled":"","required":"","hidden":"","data":["Gabon","GA"]},{"id":81,"default":"","disabled":"","required":"","hidden":"","data":["Gambia","GM"]},{"id":82,"default":"","disabled":"","required":"","hidden":"","data":["Georgia","GE"]},{"id":83,"default":"","disabled":"","required":"","hidden":"","data":["Germany","DE"]},{"id":84,"default":"","disabled":"","required":"","hidden":"","data":["Ghana","GH"]},{"id":85,"default":"","disabled":"","required":"","hidden":"","data":["Gibraltar","GI"]},{"id":86,"default":"","disabled":"","required":"","hidden":"","data":["Greece","GR"]},{"id":87,"default":"","disabled":"","required":"","hidden":"","data":["Greenland","GL"]},{"id":88,"default":"","disabled":"","required":"","hidden":"","data":["Grenada","GD"]},{"id":89,"default":"","disabled":"","required":"","hidden":"","data":["Guadeloupe","GP"]},{"id":90,"default":"","disabled":"","required":"","hidden":"","data":["Guam","GU"]},{"id":91,"default":"","disabled":"","required":"","hidden":"","data":["Guatemala","GT"]},{"id":92,"default":"","disabled":"","required":"","hidden":"","data":["Guernsey","GG"]},{"id":93,"default":"","disabled":"","required":"","hidden":"","data":["Guinea","GN"]},{"id":94,"default":"","disabled":"","required":"","hidden":"","data":["Guinea-Bissau","GW"]},{"id":95,"default":"","disabled":"","required":"","hidden":"","data":["Guyana","GY"]},{"id":96,"default":"","disabled":"","required":"","hidden":"","data":["Haiti","HT"]},{"id":97,"default":"","disabled":"","required":"","hidden":"","data":["Heard Island and McDonald Islands","HM"]},{"id":98,"default":"","disabled":"","required":"","hidden":"","data":["Holy See (Vatican City State)","VA"]},{"id":99,"default":"","disabled":"","required":"","hidden":"","data":["Honduras","HN"]},{"id":100,"default":"","disabled":"","required":"","hidden":"","data":["Hong Kong","HK"]},{"id":101,"default":"","disabled":"","required":"","hidden":"","data":["Hungary","HU"]},{"id":102,"default":"","disabled":"","required":"","hidden":"","data":["Iceland","IS"]},{"id":103,"default":"","disabled":"","required":"","hidden":"","data":["India","IN"]},{"id":104,"default":"","disabled":"","required":"","hidden":"","data":["Indonesia","ID"]},{"id":105,"default":"","disabled":"","required":"","hidden":"","data":["Iran, Islamic Republic of","IR"]},{"id":106,"default":"","disabled":"","required":"","hidden":"","data":["Iraq","IQ"]},{"id":107,"default":"","disabled":"","required":"","hidden":"","data":["Ireland","IE"]},{"id":108,"default":"","disabled":"","required":"","hidden":"","data":["Isle of Man","IM"]},{"id":109,"default":"","disabled":"","required":"","hidden":"","data":["Israel","IL"]},{"id":110,"default":"","disabled":"","required":"","hidden":"","data":["Italy","IT"]},{"id":111,"default":"","disabled":"","required":"","hidden":"","data":["Jamaica","JM"]},{"id":112,"default":"","disabled":"","required":"","hidden":"","data":["Japan","JP"]},{"id":113,"default":"","disabled":"","required":"","hidden":"","data":["Jersey","JE"]},{"id":114,"default":"","disabled":"","required":"","hidden":"","data":["Jordan","JO"]},{"id":115,"default":"","disabled":"","required":"","hidden":"","data":["Kazakhstan","KZ"]},{"id":116,"default":"","disabled":"","required":"","hidden":"","data":["Kenya","KE"]},{"id":117,"default":"","disabled":"","required":"","hidden":"","data":["Kiribati","KI"]},{"id":118,"default":"","disabled":"","required":"","hidden":"","data":["Korea, Democratic People's Republic of","KP"]},{"id":119,"default":"","disabled":"","required":"","hidden":"","data":["Korea, Republic of","KR"]},{"id":120,"default":"","disabled":"","required":"","hidden":"","data":["Kuwait","KW"]},{"id":121,"default":"","disabled":"","required":"","hidden":"","data":["Kyrgyzstan","KG"]},{"id":122,"default":"","disabled":"","required":"","hidden":"","data":["Lao People's Democratic Republic","LA"]},{"id":123,"default":"","disabled":"","required":"","hidden":"","data":["Latvia","LV"]},{"id":124,"default":"","disabled":"","required":"","hidden":"","data":["Lebanon","LB"]},{"id":125,"default":"","disabled":"","required":"","hidden":"","data":["Lesotho","LS"]},{"id":126,"default":"","disabled":"","required":"","hidden":"","data":["Liberia","LR"]},{"id":127,"default":"","disabled":"","required":"","hidden":"","data":["Libya","LY"]},{"id":128,"default":"","disabled":"","required":"","hidden":"","data":["Liechtenstein","LI"]},{"id":129,"default":"","disabled":"","required":"","hidden":"","data":["Lithuania","LT"]},{"id":130,"default":"","disabled":"","required":"","hidden":"","data":["Luxembourg","LU"]},{"id":131,"default":"","disabled":"","required":"","hidden":"","data":["Macao","MO"]},{"id":132,"default":"","disabled":"","required":"","hidden":"","data":["Macedonia, the Former Yugoslav Republic of","MK"]},{"id":133,"default":"","disabled":"","required":"","hidden":"","data":["Madagascar","MG"]},{"id":134,"default":"","disabled":"","required":"","hidden":"","data":["Malawi","MW"]},{"id":135,"default":"","disabled":"","required":"","hidden":"","data":["Malaysia","MY"]},{"id":136,"default":"","disabled":"","required":"","hidden":"","data":["Maldives","MV"]},{"id":137,"default":"","disabled":"","required":"","hidden":"","data":["Mali","ML"]},{"id":138,"default":"","disabled":"","required":"","hidden":"","data":["Malta","MT"]},{"id":139,"default":"","disabled":"","required":"","hidden":"","data":["Marshall Islands","MH"]},{"id":140,"default":"","disabled":"","required":"","hidden":"","data":["Martinique","MQ"]},{"id":141,"default":"","disabled":"","required":"","hidden":"","data":["Mauritania","MR"]},{"id":142,"default":"","disabled":"","required":"","hidden":"","data":["Mauritius","MU"]},{"id":143,"default":"","disabled":"","required":"","hidden":"","data":["Mayotte","YT"]},{"id":144,"default":"","disabled":"","required":"","hidden":"","data":["Mexico","MX"]},{"id":145,"default":"","disabled":"","required":"","hidden":"","data":["Micronesia, Federated States of","FM"]},{"id":146,"default":"","disabled":"","required":"","hidden":"","data":["Moldova, Republic of","MD"]},{"id":147,"default":"","disabled":"","required":"","hidden":"","data":["Monaco","MC"]},{"id":148,"default":"","disabled":"","required":"","hidden":"","data":["Mongolia","MN"]},{"id":149,"default":"","disabled":"","required":"","hidden":"","data":["Montenegro","ME"]},{"id":150,"default":"","disabled":"","required":"","hidden":"","data":["Montserrat","MS"]},{"id":151,"default":"","disabled":"","required":"","hidden":"","data":["Morocco","MA"]},{"id":152,"default":"","disabled":"","required":"","hidden":"","data":["Mozambique","MZ"]},{"id":153,"default":"","disabled":"","required":"","hidden":"","data":["Myanmar","MM"]},{"id":154,"default":"","disabled":"","required":"","hidden":"","data":["Namibia","NA"]},{"id":155,"default":"","disabled":"","required":"","hidden":"","data":["Nauru","NR"]},{"id":156,"default":"","disabled":"","required":"","hidden":"","data":["Nepal","NP"]},{"id":157,"default":"","disabled":"","required":"","hidden":"","data":["Netherlands","NL"]},{"id":158,"default":"","disabled":"","required":"","hidden":"","data":["New Caledonia","NC"]},{"id":159,"default":"","disabled":"","required":"","hidden":"","data":["New Zealand","NZ"]},{"id":160,"default":"","disabled":"","required":"","hidden":"","data":["Nicaragua","NI"]},{"id":161,"default":"","disabled":"","required":"","hidden":"","data":["Niger","NE"]},{"id":162,"default":"","disabled":"","required":"","hidden":"","data":["Nigeria","NG"]},{"id":163,"default":"","disabled":"","required":"","hidden":"","data":["Niue","NU"]},{"id":164,"default":"","disabled":"","required":"","hidden":"","data":["Norfolk Island","NF"]},{"id":165,"default":"","disabled":"","required":"","hidden":"","data":["Northern Mariana Islands","MP"]},{"id":166,"default":"","disabled":"","required":"","hidden":"","data":["Norway","NO"]},{"id":167,"default":"","disabled":"","required":"","hidden":"","data":["Oman","OM"]},{"id":168,"default":"","disabled":"","required":"","hidden":"","data":["Pakistan","PK"]},{"id":169,"default":"","disabled":"","required":"","hidden":"","data":["Palau","PW"]},{"id":170,"default":"","disabled":"","required":"","hidden":"","data":["Palestine, State of","PS"]},{"id":171,"default":"","disabled":"","required":"","hidden":"","data":["Panama","PA"]},{"id":172,"default":"","disabled":"","required":"","hidden":"","data":["Papua New Guinea","PG"]},{"id":173,"default":"","disabled":"","required":"","hidden":"","data":["Paraguay","PY"]},{"id":174,"default":"","disabled":"","required":"","hidden":"","data":["Peru","PE"]},{"id":175,"default":"","disabled":"","required":"","hidden":"","data":["Philippines","PH"]},{"id":176,"default":"","disabled":"","required":"","hidden":"","data":["Pitcairn","PN"]},{"id":177,"default":"","disabled":"","required":"","hidden":"","data":["Poland","PL"]},{"id":178,"default":"","disabled":"","required":"","hidden":"","data":["Portugal","PT"]},{"id":179,"default":"","disabled":"","required":"","hidden":"","data":["Puerto Rico","PR"]},{"id":180,"default":"","disabled":"","required":"","hidden":"","data":["Qatar","QA"]},{"id":181,"default":"","disabled":"","required":"","hidden":"","data":["R\u00e9union","RE"]},{"id":182,"default":"","disabled":"","required":"","hidden":"","data":["Romania","RO"]},{"id":183,"default":"","disabled":"","required":"","hidden":"","data":["Russian Federation","RU"]},{"id":184,"default":"","disabled":"","required":"","hidden":"","data":["Rwanda","RW"]},{"id":185,"default":"","disabled":"","required":"","hidden":"","data":["Saint Barth\u00e9lemy","BL"]},{"id":186,"default":"","disabled":"","required":"","hidden":"","data":["Saint Helena, Ascension and Tristan da Cunha","SH"]},{"id":187,"default":"","disabled":"","required":"","hidden":"","data":["Saint Kitts and Nevis","KN"]},{"id":188,"default":"","disabled":"","required":"","hidden":"","data":["Saint Lucia","LC"]},{"id":189,"default":"","disabled":"","required":"","hidden":"","data":["Saint Martin (French part)","MF"]},{"id":190,"default":"","disabled":"","required":"","hidden":"","data":["Saint Pierre and Miquelon","PM"]},{"id":191,"default":"","disabled":"","required":"","hidden":"","data":["Saint Vincent and the Grenadines","VC"]},{"id":192,"default":"","disabled":"","required":"","hidden":"","data":["Samoa","WS"]},{"id":193,"default":"","disabled":"","required":"","hidden":"","data":["San Marino","SM"]},{"id":194,"default":"","disabled":"","required":"","hidden":"","data":["Sao Tome and Principe","ST"]},{"id":195,"default":"","disabled":"","required":"","hidden":"","data":["Saudi Arabia","SA"]},{"id":196,"default":"","disabled":"","required":"","hidden":"","data":["Senegal","SN"]},{"id":197,"default":"","disabled":"","required":"","hidden":"","data":["Serbia","RS"]},{"id":198,"default":"","disabled":"","required":"","hidden":"","data":["Seychelles","SC"]},{"id":199,"default":"","disabled":"","required":"","hidden":"","data":["Sierra Leone","SL"]},{"id":200,"default":"","disabled":"","required":"","hidden":"","data":["Singapore","SG"]},{"id":201,"default":"","disabled":"","required":"","hidden":"","data":["Sint Maarten (Dutch part)","SX"]},{"id":202,"default":"","disabled":"","required":"","hidden":"","data":["Slovakia","SK"]},{"id":203,"default":"","disabled":"","required":"","hidden":"","data":["Slovenia","SI"]},{"id":204,"default":"","disabled":"","required":"","hidden":"","data":["Solomon Islands","SB"]},{"id":205,"default":"","disabled":"","required":"","hidden":"","data":["Somalia","SO"]},{"id":206,"default":"","disabled":"","required":"","hidden":"","data":["South Africa","ZA"]},{"id":207,"default":"","disabled":"","required":"","hidden":"","data":["South Georgia and the South Sandwich Islands","GS"]},{"id":208,"default":"","disabled":"","required":"","hidden":"","data":["South Sudan","SS"]},{"id":209,"default":"","disabled":"","required":"","hidden":"","data":["Spain","ES"]},{"id":210,"default":"","disabled":"","required":"","hidden":"","data":["Sri Lanka","LK"]},{"id":211,"default":"","disabled":"","required":"","hidden":"","data":["Sudan","SD"]},{"id":212,"default":"","disabled":"","required":"","hidden":"","data":["Suriname","SR"]},{"id":213,"default":"","disabled":"","required":"","hidden":"","data":["Svalbard and Jan Mayen","SJ"]},{"id":214,"default":"","disabled":"","required":"","hidden":"","data":["Swaziland","SZ"]},{"id":215,"default":"","disabled":"","required":"","hidden":"","data":["Sweden","SE"]},{"id":216,"default":"","disabled":"","required":"","hidden":"","data":["Switzerland","CH"]},{"id":217,"default":"","disabled":"","required":"","hidden":"","data":["Syrian Arab Republic","SY"]},{"id":218,"default":"","disabled":"","required":"","hidden":"","data":["Taiwan, Province of China","TW"]},{"id":219,"default":"","disabled":"","required":"","hidden":"","data":["Tajikistan","TJ"]},{"id":220,"default":"","disabled":"","required":"","hidden":"","data":["Tanzania, United Republic of","TZ"]},{"id":221,"default":"","disabled":"","required":"","hidden":"","data":["Thailand","TH"]},{"id":222,"default":"","disabled":"","required":"","hidden":"","data":["Timor-Leste","TL"]},{"id":223,"default":"","disabled":"","required":"","hidden":"","data":["Togo","TG"]},{"id":224,"default":"","disabled":"","required":"","hidden":"","data":["Tokelau","TK"]},{"id":225,"default":"","disabled":"","required":"","hidden":"","data":["Tonga","TO"]},{"id":226,"default":"","disabled":"","required":"","hidden":"","data":["Trinidad and Tobago","TT"]},{"id":227,"default":"","disabled":"","required":"","hidden":"","data":["Tunisia","TN"]},{"id":228,"default":"","disabled":"","required":"","hidden":"","data":["Turkey","TR"]},{"id":229,"default":"","disabled":"","required":"","hidden":"","data":["Turkmenistan","TM"]},{"id":230,"default":"","disabled":"","required":"","hidden":"","data":["Turks and Caicos Islands","TC"]},{"id":231,"default":"","disabled":"","required":"","hidden":"","data":["Tuvalu","TV"]},{"id":232,"default":"","disabled":"","required":"","hidden":"","data":["Uganda","UG"]},{"id":233,"default":"","disabled":"","required":"","hidden":"","data":["Ukraine","UA"]},{"id":234,"default":"","disabled":"","required":"","hidden":"","data":["United Arab Emirates","AE"]},{"id":235,"default":"","disabled":"","required":"","hidden":"","data":["United Kingdom","GB"]},{"id":236,"default":"","disabled":"","required":"","hidden":"","data":["United States","US"]},{"id":237,"default":"","disabled":"","required":"","hidden":"","data":["United States Minor Outlying Islands","UM"]},{"id":238,"default":"","disabled":"","required":"","hidden":"","data":["Uruguay","UY"]},{"id":239,"default":"","disabled":"","required":"","hidden":"","data":["Uzbekistan","UZ"]},{"id":240,"default":"","disabled":"","required":"","hidden":"","data":["Vanuatu","VU"]},{"id":241,"default":"","disabled":"","required":"","hidden":"","data":["Venezuela, Bolivarian Republic of","VE"]},{"id":242,"default":"","disabled":"","required":"","hidden":"","data":["Viet Nam","VN"]},{"id":243,"default":"","disabled":"","required":"","hidden":"","data":["Virgin Islands, British","VG"]},{"id":244,"default":"","disabled":"","required":"","hidden":"","data":["Virgin Islands, U.S.","VI"]},{"id":245,"default":"","disabled":"","required":"","hidden":"","data":["Wallis and Futuna","WF"]},{"id":246,"default":"","disabled":"","required":"","hidden":"","data":["Western Sahara","EH"]},{"id":247,"default":"","disabled":"","required":"","hidden":"","data":["Yemen","YE"]},{"id":248,"default":"","disabled":"","required":"","hidden":"","data":["Zambia","ZM"]},{"id":249,"default":"","disabled":"","required":"","hidden":"","data":["Zimbabwe","ZW"]}]}]},"data_grid_rows_randomize":"","select_field_label":"0","select_field_value":"0","select_field_parse_variable":"0","select_field_wc":"0","select_cascade":"","select_cascade_field_filter":"0","select_cascade_field_id":"","select_cascade_no_match":"","select_cascade_option_text_no_rows":"","select_cascade_ajax":"","select_cascade_ajax_option_text_loading":"","breakpoint_sizes":"","data_source_id":"","wsf-data-grid-auto-group":"0","data_source_preset_preset_id":"10613","data_source_preset_get":"","data_source_get":""}},{"label":"Ship to Same Address","type":"checkbox","date_updated":"2021-02-22 19:00:56","sort_index":"7","id":"17695","meta":{"label_render":"","hidden":"","select_all":"","select_all_label":"","help":"","orientation":"","aria_label":"","exclude_email":"","wc_exclude_cart":"","hidden_bypass":"","label_position":"default","label_column_width":"default","class_single_vertical_align":"","class_field_wrapper":"","class_field":"","checkbox_min":"","checkbox_max":"","field_user_status":"","field_user_roles":[],"field_user_capabilities":[],"dedupe_value_scope":"","invalid_feedback_render":"on","invalid_feedback":"","data_grid_checkbox":{"rows_per_page":10,"group_index":0,"default":[],"columns":[{"id":0,"label":"Label"}],"groups":[{"label":"Checkboxes","page":0,"disabled":"","mask_group":"","label_render":"on","rows":[{"id":1,"default":"","required":"","disabled":"","hidden":"","data":["Ship to Same Address"]}]}]},"data_grid_rows_randomize":"","checkbox_field_label":"0","checkbox_field_value":"0","checkbox_field_parse_variable":"0","checkbox_field_wc":"0","checkbox_cascade":"","checkbox_cascade_field_filter":"0","checkbox_cascade_field_id":"","checkbox_cascade_no_match":"","orientation_breakpoint_sizes":"","breakpoint_sizes":"","data_source_id":"","wsf-data-grid-auto-group":"0"}}]},{"label":"Shipping Address","child_count":"0","sort_index":"2","id":"3699","meta":{"label_render":"on","hidden_section":"","section_repeatable":"","section_repeat_label":"","section_repeat_default":"","class_single_vertical_align":"","class_section_wrapper":"","disabled_section":"","section_repeat_min":"","section_repeat_max":"","section_repeatable_delimiter_section":",","section_repeatable_delimiter_row":";","breakpoint_size_25":"","breakpoint_size_75":"6","breakpoint_sizes":""},"fields":[{"label":"Address Line 1","type":"text","date_updated":"2021-02-22 19:00:21","sort_index":"1","id":"17689","meta":{"label_render":"on","required":"on","hidden":"","default_value":"","placeholder":"","help":"","autocomplete":"","prepend":"","append":"","aria_label":"","exclude_email":"","wc_exclude_cart":"","hidden_bypass":"","label_position":"default","label_column_width":"default","class_single_vertical_align":"","class_field_wrapper":"","class_field":"","disabled":"","readonly":"","min_length":"","max_length":"","min_length_words":"","max_length_words":"","input_mask":"","pattern":"","field_user_status":"","field_user_roles":[],"field_user_capabilities":[],"dedupe":"","dedupe_period":"","dedupe_message":"","invalid_feedback_render":"on","invalid_feedback":"","custom_attributes":[],"data_grid_datalist":{"rows_per_page":10,"group_index":0,"default":[],"columns":[{"id":0,"label":"Value"},{"id":1,"label":"Label"}],"groups":[{"label":"Values","page":0,"disabled":"","mask_group":"","rows":[]}]},"datalist_field_text":"1","datalist_field_value":"0","breakpoint_sizes":"","data_source_id":"","wsf-data-grid-auto-group":"0","breakpoint_size_50":"6"}},{"label":"Address Line 2","type":"text","date_updated":"2021-02-22 19:00:21","sort_index":"2","id":"17690","meta":{"label_render":"on","required":"","hidden":"","default_value":"","placeholder":"","help":"","autocomplete":"","prepend":"","append":"","aria_label":"","exclude_email":"","wc_exclude_cart":"","hidden_bypass":"","label_position":"default","label_column_width":"default","class_single_vertical_align":"","class_field_wrapper":"","class_field":"","disabled":"","readonly":"","min_length":"","max_length":"","min_length_words":"","max_length_words":"","input_mask":"","pattern":"","field_user_status":"","field_user_roles":"","field_user_capabilities":"","dedupe":"","dedupe_period":"","dedupe_message":"","invalid_feedback_render":"on","invalid_feedback":"","custom_attributes":"","data_grid_datalist":{"rows_per_page":10,"group_index":0,"default":[],"columns":[{"id":0,"label":"Value"},{"id":1,"label":"Label"}],"groups":[{"label":"Values","page":0,"disabled":"","mask_group":"","rows":[]}]},"datalist_field_text":"1","datalist_field_value":"0","breakpoint_size_50":"6"}},{"label":"City","type":"text","date_updated":"2021-02-22 19:00:21","sort_index":"3","id":"17691","meta":{"label_render":"on","required":"on","hidden":"","default_value":"","placeholder":"","help":"","autocomplete":"","prepend":"","append":"","aria_label":"","exclude_email":"","wc_exclude_cart":"","hidden_bypass":"","label_position":"default","label_column_width":"default","class_single_vertical_align":"","class_field_wrapper":"","class_field":"","disabled":"","readonly":"","min_length":"","max_length":"","min_length_words":"","max_length_words":"","input_mask":"","pattern":"","field_user_status":"","field_user_roles":[],"field_user_capabilities":[],"dedupe":"","dedupe_period":"","dedupe_message":"","invalid_feedback_render":"on","invalid_feedback":"","custom_attributes":[],"data_grid_datalist":{"rows_per_page":10,"group_index":0,"default":[],"columns":[{"id":0,"label":"Value"},{"id":1,"label":"Label"}],"groups":[{"label":"Values","page":0,"disabled":"","mask_group":"","rows":[]}]},"datalist_field_text":"1","datalist_field_value":"0","breakpoint_size_50":"4","breakpoint_sizes":"","data_source_id":"","wsf-data-grid-auto-group":"0"}},{"label":"State \/ County \/ Province","type":"text","date_updated":"2021-02-22 19:00:21","sort_index":"4","id":"17692","meta":{"label_render":"on","required":"on","hidden":"","default_value":"","placeholder":"","help":"","autocomplete":"","prepend":"","append":"","aria_label":"","exclude_email":"","wc_exclude_cart":"","hidden_bypass":"","label_position":"default","label_column_width":"default","class_single_vertical_align":"","class_field_wrapper":"","class_field":"","disabled":"","readonly":"","min_length":"","max_length":"","min_length_words":"","max_length_words":"","input_mask":"","pattern":"","field_user_status":"","field_user_roles":[],"field_user_capabilities":[],"dedupe":"","dedupe_period":"","dedupe_message":"","invalid_feedback_render":"on","invalid_feedback":"","custom_attributes":[],"data_grid_datalist":{"rows_per_page":10,"group_index":0,"default":[],"columns":[{"id":0,"label":"Value"},{"id":1,"label":"Label"}],"groups":[{"label":"Values","page":0,"disabled":"","mask_group":"","rows":[]}]},"datalist_field_text":"1","datalist_field_value":"0","breakpoint_size_25":"8","breakpoint_size_50":"4","breakpoint_sizes":"","data_source_id":"","wsf-data-grid-auto-group":"0"}},{"label":"Postal Code","type":"text","date_updated":"2021-02-22 19:00:21","sort_index":"5","id":"17693","meta":{"label_render":"on","required":"on","hidden":"","default_value":"","placeholder":"","help":"","autocomplete":"","prepend":"","append":"","aria_label":"","exclude_email":"","wc_exclude_cart":"","hidden_bypass":"","label_position":"default","label_column_width":"default","class_single_vertical_align":"","class_field_wrapper":"","class_field":"","disabled":"","readonly":"","min_length":"","max_length":"","min_length_words":"","max_length_words":"","input_mask":"","pattern":"","field_user_status":"","field_user_roles":[],"field_user_capabilities":[],"dedupe":"","dedupe_period":"","dedupe_message":"","invalid_feedback_render":"on","invalid_feedback":"","custom_attributes":[],"data_grid_datalist":{"rows_per_page":10,"group_index":0,"default":[],"columns":[{"id":0,"label":"Value"},{"id":1,"label":"Label"}],"groups":[{"label":"Values","page":0,"disabled":"","mask_group":"","rows":[]}]},"datalist_field_text":"1","datalist_field_value":"0","breakpoint_size_25":"4","breakpoint_sizes":"","data_source_id":"","wsf-data-grid-auto-group":"0"}},{"label":"Country","type":"select","date_updated":"2021-02-22 19:00:21","sort_index":"6","id":"17694","meta":{"label_render":"on","required":"on","hidden":"","multiple":"","size":"","placeholder_row":"Select...","help":"","autocomplete":"","select2_intro":"","select2":"","select2_ajax":"","select2_tags":"","prepend":"","append":"","aria_label":"","exclude_email":"","wc_exclude_cart":"","hidden_bypass":"","label_position":"default","label_column_width":"default","class_single_vertical_align":"","class_field_wrapper":"","class_field":"","disabled":"","select_min":"","select_max":"","field_user_status":"","field_user_roles":[],"field_user_capabilities":[],"dedupe_value_scope":"","invalid_feedback_render":"on","invalid_feedback":"","custom_attributes":[],"data_grid_select":{"rows_per_page":10,"group_index":0,"default":[],"columns":[{"id":0,"label":"Name"},{"id":1,"label":"Code"}],"groups":[{"label":"Countries (Basic)","page":0,"disabled":"","mask_group":"","rows":[{"id":1,"default":"","disabled":"","required":"","hidden":"","data":["Afghanistan","AF"]},{"id":2,"default":"","disabled":"","required":"","hidden":"","data":["\u00c5land Islands","AX"]},{"id":3,"default":"","disabled":"","required":"","hidden":"","data":["Albania","AL"]},{"id":4,"default":"","disabled":"","required":"","hidden":"","data":["Algeria","DZ"]},{"id":5,"default":"","disabled":"","required":"","hidden":"","data":["American Samoa","AS"]},{"id":6,"default":"","disabled":"","required":"","hidden":"","data":["Andorra","AD"]},{"id":7,"default":"","disabled":"","required":"","hidden":"","data":["Angola","AO"]},{"id":8,"default":"","disabled":"","required":"","hidden":"","data":["Anguilla","AI"]},{"id":9,"default":"","disabled":"","required":"","hidden":"","data":["Antarctica","AQ"]},{"id":10,"default":"","disabled":"","required":"","hidden":"","data":["Antigua and Barbuda","AG"]},{"id":11,"default":"","disabled":"","required":"","hidden":"","data":["Argentina","AR"]},{"id":12,"default":"","disabled":"","required":"","hidden":"","data":["Armenia","AM"]},{"id":13,"default":"","disabled":"","required":"","hidden":"","data":["Aruba","AW"]},{"id":14,"default":"","disabled":"","required":"","hidden":"","data":["Australia","AU"]},{"id":15,"default":"","disabled":"","required":"","hidden":"","data":["Austria","AT"]},{"id":16,"default":"","disabled":"","required":"","hidden":"","data":["Azerbaijan","AZ"]},{"id":17,"default":"","disabled":"","required":"","hidden":"","data":["Bahamas","BS"]},{"id":18,"default":"","disabled":"","required":"","hidden":"","data":["Bahrain","BH"]},{"id":19,"default":"","disabled":"","required":"","hidden":"","data":["Bangladesh","BD"]},{"id":20,"default":"","disabled":"","required":"","hidden":"","data":["Barbados","BB"]},{"id":21,"default":"","disabled":"","required":"","hidden":"","data":["Belarus","BY"]},{"id":22,"default":"","disabled":"","required":"","hidden":"","data":["Belgium","BE"]},{"id":23,"default":"","disabled":"","required":"","hidden":"","data":["Belize","BZ"]},{"id":24,"default":"","disabled":"","required":"","hidden":"","data":["Benin","BJ"]},{"id":25,"default":"","disabled":"","required":"","hidden":"","data":["Bermuda","BM"]},{"id":26,"default":"","disabled":"","required":"","hidden":"","data":["Bhutan","BT"]},{"id":27,"default":"","disabled":"","required":"","hidden":"","data":["Bolivia, Plurinational State of","BO"]},{"id":28,"default":"","disabled":"","required":"","hidden":"","data":["Bonaire, Sint Eustatius and Saba","BQ"]},{"id":29,"default":"","disabled":"","required":"","hidden":"","data":["Bosnia and Herzegovina","BA"]},{"id":30,"default":"","disabled":"","required":"","hidden":"","data":["Botswana","BW"]},{"id":31,"default":"","disabled":"","required":"","hidden":"","data":["Bouvet Island","BV"]},{"id":32,"default":"","disabled":"","required":"","hidden":"","data":["Brazil","BR"]},{"id":33,"default":"","disabled":"","required":"","hidden":"","data":["British Indian Ocean Territory","IO"]},{"id":34,"default":"","disabled":"","required":"","hidden":"","data":["Brunei Darussalam","BN"]},{"id":35,"default":"","disabled":"","required":"","hidden":"","data":["Bulgaria","BG"]},{"id":36,"default":"","disabled":"","required":"","hidden":"","data":["Burkina Faso","BF"]},{"id":37,"default":"","disabled":"","required":"","hidden":"","data":["Burundi","BI"]},{"id":38,"default":"","disabled":"","required":"","hidden":"","data":["Cambodia","KH"]},{"id":39,"default":"","disabled":"","required":"","hidden":"","data":["Cameroon","CM"]},{"id":40,"default":"","disabled":"","required":"","hidden":"","data":["Canada","CA"]},{"id":41,"default":"","disabled":"","required":"","hidden":"","data":["Cape Verde","CV"]},{"id":42,"default":"","disabled":"","required":"","hidden":"","data":["Cayman Islands","KY"]},{"id":43,"default":"","disabled":"","required":"","hidden":"","data":["Central African Republic","CF"]},{"id":44,"default":"","disabled":"","required":"","hidden":"","data":["Chad","TD"]},{"id":45,"default":"","disabled":"","required":"","hidden":"","data":["Chile","CL"]},{"id":46,"default":"","disabled":"","required":"","hidden":"","data":["China","CN"]},{"id":47,"default":"","disabled":"","required":"","hidden":"","data":["Christmas Island","CX"]},{"id":48,"default":"","disabled":"","required":"","hidden":"","data":["Cocos (Keeling) Islands","CC"]},{"id":49,"default":"","disabled":"","required":"","hidden":"","data":["Colombia","CO"]},{"id":50,"default":"","disabled":"","required":"","hidden":"","data":["Comoros","KM"]},{"id":51,"default":"","disabled":"","required":"","hidden":"","data":["Congo","CG"]},{"id":52,"default":"","disabled":"","required":"","hidden":"","data":["Congo, the Democratic Republic of the","CD"]},{"id":53,"default":"","disabled":"","required":"","hidden":"","data":["Cook Islands","CK"]},{"id":54,"default":"","disabled":"","required":"","hidden":"","data":["Costa Rica","CR"]},{"id":55,"default":"","disabled":"","required":"","hidden":"","data":["C\u00f4te d'Ivoire","CI"]},{"id":56,"default":"","disabled":"","required":"","hidden":"","data":["Croatia","HR"]},{"id":57,"default":"","disabled":"","required":"","hidden":"","data":["Cuba","CU"]},{"id":58,"default":"","disabled":"","required":"","hidden":"","data":["Cura\u00e7ao","CW"]},{"id":59,"default":"","disabled":"","required":"","hidden":"","data":["Cyprus","CY"]},{"id":60,"default":"","disabled":"","required":"","hidden":"","data":["Czech Republic","CZ"]},{"id":61,"default":"","disabled":"","required":"","hidden":"","data":["Denmark","DK"]},{"id":62,"default":"","disabled":"","required":"","hidden":"","data":["Djibouti","DJ"]},{"id":63,"default":"","disabled":"","required":"","hidden":"","data":["Dominica","DM"]},{"id":64,"default":"","disabled":"","required":"","hidden":"","data":["Dominican Republic","DO"]},{"id":65,"default":"","disabled":"","required":"","hidden":"","data":["Ecuador","EC"]},{"id":66,"default":"","disabled":"","required":"","hidden":"","data":["Egypt","EG"]},{"id":67,"default":"","disabled":"","required":"","hidden":"","data":["El Salvador","SV"]},{"id":68,"default":"","disabled":"","required":"","hidden":"","data":["Equatorial Guinea","GQ"]},{"id":69,"default":"","disabled":"","required":"","hidden":"","data":["Eritrea","ER"]},{"id":70,"default":"","disabled":"","required":"","hidden":"","data":["Estonia","EE"]},{"id":71,"default":"","disabled":"","required":"","hidden":"","data":["Ethiopia","ET"]},{"id":72,"default":"","disabled":"","required":"","hidden":"","data":["Falkland Islands (Malvinas)","FK"]},{"id":73,"default":"","disabled":"","required":"","hidden":"","data":["Faroe Islands","FO"]},{"id":74,"default":"","disabled":"","required":"","hidden":"","data":["Fiji","FJ"]},{"id":75,"default":"","disabled":"","required":"","hidden":"","data":["Finland","FI"]},{"id":76,"default":"","disabled":"","required":"","hidden":"","data":["France","FR"]},{"id":77,"default":"","disabled":"","required":"","hidden":"","data":["French Guiana","GF"]},{"id":78,"default":"","disabled":"","required":"","hidden":"","data":["French Polynesia","PF"]},{"id":79,"default":"","disabled":"","required":"","hidden":"","data":["French Southern Territories","TF"]},{"id":80,"default":"","disabled":"","required":"","hidden":"","data":["Gabon","GA"]},{"id":81,"default":"","disabled":"","required":"","hidden":"","data":["Gambia","GM"]},{"id":82,"default":"","disabled":"","required":"","hidden":"","data":["Georgia","GE"]},{"id":83,"default":"","disabled":"","required":"","hidden":"","data":["Germany","DE"]},{"id":84,"default":"","disabled":"","required":"","hidden":"","data":["Ghana","GH"]},{"id":85,"default":"","disabled":"","required":"","hidden":"","data":["Gibraltar","GI"]},{"id":86,"default":"","disabled":"","required":"","hidden":"","data":["Greece","GR"]},{"id":87,"default":"","disabled":"","required":"","hidden":"","data":["Greenland","GL"]},{"id":88,"default":"","disabled":"","required":"","hidden":"","data":["Grenada","GD"]},{"id":89,"default":"","disabled":"","required":"","hidden":"","data":["Guadeloupe","GP"]},{"id":90,"default":"","disabled":"","required":"","hidden":"","data":["Guam","GU"]},{"id":91,"default":"","disabled":"","required":"","hidden":"","data":["Guatemala","GT"]},{"id":92,"default":"","disabled":"","required":"","hidden":"","data":["Guernsey","GG"]},{"id":93,"default":"","disabled":"","required":"","hidden":"","data":["Guinea","GN"]},{"id":94,"default":"","disabled":"","required":"","hidden":"","data":["Guinea-Bissau","GW"]},{"id":95,"default":"","disabled":"","required":"","hidden":"","data":["Guyana","GY"]},{"id":96,"default":"","disabled":"","required":"","hidden":"","data":["Haiti","HT"]},{"id":97,"default":"","disabled":"","required":"","hidden":"","data":["Heard Island and McDonald Islands","HM"]},{"id":98,"default":"","disabled":"","required":"","hidden":"","data":["Holy See (Vatican City State)","VA"]},{"id":99,"default":"","disabled":"","required":"","hidden":"","data":["Honduras","HN"]},{"id":100,"default":"","disabled":"","required":"","hidden":"","data":["Hong Kong","HK"]},{"id":101,"default":"","disabled":"","required":"","hidden":"","data":["Hungary","HU"]},{"id":102,"default":"","disabled":"","required":"","hidden":"","data":["Iceland","IS"]},{"id":103,"default":"","disabled":"","required":"","hidden":"","data":["India","IN"]},{"id":104,"default":"","disabled":"","required":"","hidden":"","data":["Indonesia","ID"]},{"id":105,"default":"","disabled":"","required":"","hidden":"","data":["Iran, Islamic Republic of","IR"]},{"id":106,"default":"","disabled":"","required":"","hidden":"","data":["Iraq","IQ"]},{"id":107,"default":"","disabled":"","required":"","hidden":"","data":["Ireland","IE"]},{"id":108,"default":"","disabled":"","required":"","hidden":"","data":["Isle of Man","IM"]},{"id":109,"default":"","disabled":"","required":"","hidden":"","data":["Israel","IL"]},{"id":110,"default":"","disabled":"","required":"","hidden":"","data":["Italy","IT"]},{"id":111,"default":"","disabled":"","required":"","hidden":"","data":["Jamaica","JM"]},{"id":112,"default":"","disabled":"","required":"","hidden":"","data":["Japan","JP"]},{"id":113,"default":"","disabled":"","required":"","hidden":"","data":["Jersey","JE"]},{"id":114,"default":"","disabled":"","required":"","hidden":"","data":["Jordan","JO"]},{"id":115,"default":"","disabled":"","required":"","hidden":"","data":["Kazakhstan","KZ"]},{"id":116,"default":"","disabled":"","required":"","hidden":"","data":["Kenya","KE"]},{"id":117,"default":"","disabled":"","required":"","hidden":"","data":["Kiribati","KI"]},{"id":118,"default":"","disabled":"","required":"","hidden":"","data":["Korea, Democratic People's Republic of","KP"]},{"id":119,"default":"","disabled":"","required":"","hidden":"","data":["Korea, Republic of","KR"]},{"id":120,"default":"","disabled":"","required":"","hidden":"","data":["Kuwait","KW"]},{"id":121,"default":"","disabled":"","required":"","hidden":"","data":["Kyrgyzstan","KG"]},{"id":122,"default":"","disabled":"","required":"","hidden":"","data":["Lao People's Democratic Republic","LA"]},{"id":123,"default":"","disabled":"","required":"","hidden":"","data":["Latvia","LV"]},{"id":124,"default":"","disabled":"","required":"","hidden":"","data":["Lebanon","LB"]},{"id":125,"default":"","disabled":"","required":"","hidden":"","data":["Lesotho","LS"]},{"id":126,"default":"","disabled":"","required":"","hidden":"","data":["Liberia","LR"]},{"id":127,"default":"","disabled":"","required":"","hidden":"","data":["Libya","LY"]},{"id":128,"default":"","disabled":"","required":"","hidden":"","data":["Liechtenstein","LI"]},{"id":129,"default":"","disabled":"","required":"","hidden":"","data":["Lithuania","LT"]},{"id":130,"default":"","disabled":"","required":"","hidden":"","data":["Luxembourg","LU"]},{"id":131,"default":"","disabled":"","required":"","hidden":"","data":["Macao","MO"]},{"id":132,"default":"","disabled":"","required":"","hidden":"","data":["Macedonia, the Former Yugoslav Republic of","MK"]},{"id":133,"default":"","disabled":"","required":"","hidden":"","data":["Madagascar","MG"]},{"id":134,"default":"","disabled":"","required":"","hidden":"","data":["Malawi","MW"]},{"id":135,"default":"","disabled":"","required":"","hidden":"","data":["Malaysia","MY"]},{"id":136,"default":"","disabled":"","required":"","hidden":"","data":["Maldives","MV"]},{"id":137,"default":"","disabled":"","required":"","hidden":"","data":["Mali","ML"]},{"id":138,"default":"","disabled":"","required":"","hidden":"","data":["Malta","MT"]},{"id":139,"default":"","disabled":"","required":"","hidden":"","data":["Marshall Islands","MH"]},{"id":140,"default":"","disabled":"","required":"","hidden":"","data":["Martinique","MQ"]},{"id":141,"default":"","disabled":"","required":"","hidden":"","data":["Mauritania","MR"]},{"id":142,"default":"","disabled":"","required":"","hidden":"","data":["Mauritius","MU"]},{"id":143,"default":"","disabled":"","required":"","hidden":"","data":["Mayotte","YT"]},{"id":144,"default":"","disabled":"","required":"","hidden":"","data":["Mexico","MX"]},{"id":145,"default":"","disabled":"","required":"","hidden":"","data":["Micronesia, Federated States of","FM"]},{"id":146,"default":"","disabled":"","required":"","hidden":"","data":["Moldova, Republic of","MD"]},{"id":147,"default":"","disabled":"","required":"","hidden":"","data":["Monaco","MC"]},{"id":148,"default":"","disabled":"","required":"","hidden":"","data":["Mongolia","MN"]},{"id":149,"default":"","disabled":"","required":"","hidden":"","data":["Montenegro","ME"]},{"id":150,"default":"","disabled":"","required":"","hidden":"","data":["Montserrat","MS"]},{"id":151,"default":"","disabled":"","required":"","hidden":"","data":["Morocco","MA"]},{"id":152,"default":"","disabled":"","required":"","hidden":"","data":["Mozambique","MZ"]},{"id":153,"default":"","disabled":"","required":"","hidden":"","data":["Myanmar","MM"]},{"id":154,"default":"","disabled":"","required":"","hidden":"","data":["Namibia","NA"]},{"id":155,"default":"","disabled":"","required":"","hidden":"","data":["Nauru","NR"]},{"id":156,"default":"","disabled":"","required":"","hidden":"","data":["Nepal","NP"]},{"id":157,"default":"","disabled":"","required":"","hidden":"","data":["Netherlands","NL"]},{"id":158,"default":"","disabled":"","required":"","hidden":"","data":["New Caledonia","NC"]},{"id":159,"default":"","disabled":"","required":"","hidden":"","data":["New Zealand","NZ"]},{"id":160,"default":"","disabled":"","required":"","hidden":"","data":["Nicaragua","NI"]},{"id":161,"default":"","disabled":"","required":"","hidden":"","data":["Niger","NE"]},{"id":162,"default":"","disabled":"","required":"","hidden":"","data":["Nigeria","NG"]},{"id":163,"default":"","disabled":"","required":"","hidden":"","data":["Niue","NU"]},{"id":164,"default":"","disabled":"","required":"","hidden":"","data":["Norfolk Island","NF"]},{"id":165,"default":"","disabled":"","required":"","hidden":"","data":["Northern Mariana Islands","MP"]},{"id":166,"default":"","disabled":"","required":"","hidden":"","data":["Norway","NO"]},{"id":167,"default":"","disabled":"","required":"","hidden":"","data":["Oman","OM"]},{"id":168,"default":"","disabled":"","required":"","hidden":"","data":["Pakistan","PK"]},{"id":169,"default":"","disabled":"","required":"","hidden":"","data":["Palau","PW"]},{"id":170,"default":"","disabled":"","required":"","hidden":"","data":["Palestine, State of","PS"]},{"id":171,"default":"","disabled":"","required":"","hidden":"","data":["Panama","PA"]},{"id":172,"default":"","disabled":"","required":"","hidden":"","data":["Papua New Guinea","PG"]},{"id":173,"default":"","disabled":"","required":"","hidden":"","data":["Paraguay","PY"]},{"id":174,"default":"","disabled":"","required":"","hidden":"","data":["Peru","PE"]},{"id":175,"default":"","disabled":"","required":"","hidden":"","data":["Philippines","PH"]},{"id":176,"default":"","disabled":"","required":"","hidden":"","data":["Pitcairn","PN"]},{"id":177,"default":"","disabled":"","required":"","hidden":"","data":["Poland","PL"]},{"id":178,"default":"","disabled":"","required":"","hidden":"","data":["Portugal","PT"]},{"id":179,"default":"","disabled":"","required":"","hidden":"","data":["Puerto Rico","PR"]},{"id":180,"default":"","disabled":"","required":"","hidden":"","data":["Qatar","QA"]},{"id":181,"default":"","disabled":"","required":"","hidden":"","data":["R\u00e9union","RE"]},{"id":182,"default":"","disabled":"","required":"","hidden":"","data":["Romania","RO"]},{"id":183,"default":"","disabled":"","required":"","hidden":"","data":["Russian Federation","RU"]},{"id":184,"default":"","disabled":"","required":"","hidden":"","data":["Rwanda","RW"]},{"id":185,"default":"","disabled":"","required":"","hidden":"","data":["Saint Barth\u00e9lemy","BL"]},{"id":186,"default":"","disabled":"","required":"","hidden":"","data":["Saint Helena, Ascension and Tristan da Cunha","SH"]},{"id":187,"default":"","disabled":"","required":"","hidden":"","data":["Saint Kitts and Nevis","KN"]},{"id":188,"default":"","disabled":"","required":"","hidden":"","data":["Saint Lucia","LC"]},{"id":189,"default":"","disabled":"","required":"","hidden":"","data":["Saint Martin (French part)","MF"]},{"id":190,"default":"","disabled":"","required":"","hidden":"","data":["Saint Pierre and Miquelon","PM"]},{"id":191,"default":"","disabled":"","required":"","hidden":"","data":["Saint Vincent and the Grenadines","VC"]},{"id":192,"default":"","disabled":"","required":"","hidden":"","data":["Samoa","WS"]},{"id":193,"default":"","disabled":"","required":"","hidden":"","data":["San Marino","SM"]},{"id":194,"default":"","disabled":"","required":"","hidden":"","data":["Sao Tome and Principe","ST"]},{"id":195,"default":"","disabled":"","required":"","hidden":"","data":["Saudi Arabia","SA"]},{"id":196,"default":"","disabled":"","required":"","hidden":"","data":["Senegal","SN"]},{"id":197,"default":"","disabled":"","required":"","hidden":"","data":["Serbia","RS"]},{"id":198,"default":"","disabled":"","required":"","hidden":"","data":["Seychelles","SC"]},{"id":199,"default":"","disabled":"","required":"","hidden":"","data":["Sierra Leone","SL"]},{"id":200,"default":"","disabled":"","required":"","hidden":"","data":["Singapore","SG"]},{"id":201,"default":"","disabled":"","required":"","hidden":"","data":["Sint Maarten (Dutch part)","SX"]},{"id":202,"default":"","disabled":"","required":"","hidden":"","data":["Slovakia","SK"]},{"id":203,"default":"","disabled":"","required":"","hidden":"","data":["Slovenia","SI"]},{"id":204,"default":"","disabled":"","required":"","hidden":"","data":["Solomon Islands","SB"]},{"id":205,"default":"","disabled":"","required":"","hidden":"","data":["Somalia","SO"]},{"id":206,"default":"","disabled":"","required":"","hidden":"","data":["South Africa","ZA"]},{"id":207,"default":"","disabled":"","required":"","hidden":"","data":["South Georgia and the South Sandwich Islands","GS"]},{"id":208,"default":"","disabled":"","required":"","hidden":"","data":["South Sudan","SS"]},{"id":209,"default":"","disabled":"","required":"","hidden":"","data":["Spain","ES"]},{"id":210,"default":"","disabled":"","required":"","hidden":"","data":["Sri Lanka","LK"]},{"id":211,"default":"","disabled":"","required":"","hidden":"","data":["Sudan","SD"]},{"id":212,"default":"","disabled":"","required":"","hidden":"","data":["Suriname","SR"]},{"id":213,"default":"","disabled":"","required":"","hidden":"","data":["Svalbard and Jan Mayen","SJ"]},{"id":214,"default":"","disabled":"","required":"","hidden":"","data":["Swaziland","SZ"]},{"id":215,"default":"","disabled":"","required":"","hidden":"","data":["Sweden","SE"]},{"id":216,"default":"","disabled":"","required":"","hidden":"","data":["Switzerland","CH"]},{"id":217,"default":"","disabled":"","required":"","hidden":"","data":["Syrian Arab Republic","SY"]},{"id":218,"default":"","disabled":"","required":"","hidden":"","data":["Taiwan, Province of China","TW"]},{"id":219,"default":"","disabled":"","required":"","hidden":"","data":["Tajikistan","TJ"]},{"id":220,"default":"","disabled":"","required":"","hidden":"","data":["Tanzania, United Republic of","TZ"]},{"id":221,"default":"","disabled":"","required":"","hidden":"","data":["Thailand","TH"]},{"id":222,"default":"","disabled":"","required":"","hidden":"","data":["Timor-Leste","TL"]},{"id":223,"default":"","disabled":"","required":"","hidden":"","data":["Togo","TG"]},{"id":224,"default":"","disabled":"","required":"","hidden":"","data":["Tokelau","TK"]},{"id":225,"default":"","disabled":"","required":"","hidden":"","data":["Tonga","TO"]},{"id":226,"default":"","disabled":"","required":"","hidden":"","data":["Trinidad and Tobago","TT"]},{"id":227,"default":"","disabled":"","required":"","hidden":"","data":["Tunisia","TN"]},{"id":228,"default":"","disabled":"","required":"","hidden":"","data":["Turkey","TR"]},{"id":229,"default":"","disabled":"","required":"","hidden":"","data":["Turkmenistan","TM"]},{"id":230,"default":"","disabled":"","required":"","hidden":"","data":["Turks and Caicos Islands","TC"]},{"id":231,"default":"","disabled":"","required":"","hidden":"","data":["Tuvalu","TV"]},{"id":232,"default":"","disabled":"","required":"","hidden":"","data":["Uganda","UG"]},{"id":233,"default":"","disabled":"","required":"","hidden":"","data":["Ukraine","UA"]},{"id":234,"default":"","disabled":"","required":"","hidden":"","data":["United Arab Emirates","AE"]},{"id":235,"default":"","disabled":"","required":"","hidden":"","data":["United Kingdom","GB"]},{"id":236,"default":"","disabled":"","required":"","hidden":"","data":["United States","US"]},{"id":237,"default":"","disabled":"","required":"","hidden":"","data":["United States Minor Outlying Islands","UM"]},{"id":238,"default":"","disabled":"","required":"","hidden":"","data":["Uruguay","UY"]},{"id":239,"default":"","disabled":"","required":"","hidden":"","data":["Uzbekistan","UZ"]},{"id":240,"default":"","disabled":"","required":"","hidden":"","data":["Vanuatu","VU"]},{"id":241,"default":"","disabled":"","required":"","hidden":"","data":["Venezuela, Bolivarian Republic of","VE"]},{"id":242,"default":"","disabled":"","required":"","hidden":"","data":["Viet Nam","VN"]},{"id":243,"default":"","disabled":"","required":"","hidden":"","data":["Virgin Islands, British","VG"]},{"id":244,"default":"","disabled":"","required":"","hidden":"","data":["Virgin Islands, U.S.","VI"]},{"id":245,"default":"","disabled":"","required":"","hidden":"","data":["Wallis and Futuna","WF"]},{"id":246,"default":"","disabled":"","required":"","hidden":"","data":["Western Sahara","EH"]},{"id":247,"default":"","disabled":"","required":"","hidden":"","data":["Yemen","YE"]},{"id":248,"default":"","disabled":"","required":"","hidden":"","data":["Zambia","ZM"]},{"id":249,"default":"","disabled":"","required":"","hidden":"","data":["Zimbabwe","ZW"]}]}]},"data_grid_rows_randomize":"","select_field_label":"0","select_field_value":"0","select_field_parse_variable":"0","select_field_wc":"0","select_cascade":"","select_cascade_field_filter":"0","select_cascade_field_id":"","select_cascade_no_match":"","select_cascade_option_text_no_rows":"","select_cascade_ajax":"","select_cascade_ajax_option_text_loading":"","breakpoint_sizes":"","data_source_id":"","wsf-data-grid-auto-group":"0","data_source_preset_preset_id":"10613","data_source_preset_get":"","data_source_get":""}}]}]}],"meta":{"label_render":"","submit_on_enter":"","submit_lock":"on","submit_unlock":"on","submit_reload":"on","form_action":"","cookie_tab_index":"on","tab_validation":"","submit_show_errors":"on","invalid_field_focus":"on","error_type":"danger","error_method":"after","error_clear":"on","error_scroll_top":"","error_scroll_top_offset":"0","error_scroll_top_duration":"400","error_form_hide":"","error_duration":"","error_message_hide":"on","error_form_show":"","label_position_form":"top","label_column_width_form":"3","label_required":"on","label_mask_required":"","class_form_wrapper":"","class_group_wrapper":"","class_section_wrapper":"","class_field_wrapper":"","class_field":"","label_mask_form":"","label_mask_group":"","label_mask_section":"","action_humanpresence_intro":"","action_humanpresence_not_enabled":"","action_akismetv1_intro":"","action_akismetv1_not_enabled":"","honeypot":"","spam_threshold":"50","submit_limit":"","submit_limit_count":"","submit_limit_period":"","submit_limit_message":"","submit_limit_message_type":"information","schedule_start":"","schedule_start_datetime":"","schedule_start_message":"","schedule_start_message_type":"information","schedule_end":"","schedule_end_datetime":"","schedule_end_message":"","schedule_end_message_type":"information","user_limit_logged_in":"","form_user_roles":"","form_user_capabilities":"","user_limit_logged_in_message_type":"danger","user_limit_logged_in_message":"","analytics_google":"","analytics_google_event_tab":"on","analytics_google_event_field":"on","tracking_remote_ip":"","tracking_agent":"","tracking_referrer":"","tracking_os":"","tracking_host":"","tracking_pathname":"","tracking_query_string":"","tracking_geo_location":"","tracking_ip_lookup_latlon":"","tracking_ip_lookup_city":"","tracking_ip_lookup_region":"","tracking_ip_lookup_country":"","tracking_ip_lookup_time_zone":"","tracking_duration":"","tracking_utm_source":"","tracking_utm_medium":"","tracking_utm_campaign":"","tracking_utm_term":"","tracking_utm_content":"","form_populate_enabled":"","form_populate_action_id":"","form_populate_list_id":"","action_post_form_populate_post_id":"","action_post_form_populate_author_restrict":"","action_user_form_populate_field_mapping":"","form_populate_field_mapping":"","action_post_form_populate_field_mapping_acf":"","action_post_form_populate_meta_mapping":"","action_user_form_populate_field_mapping_acf":"","action_user_form_populate_meta_mapping":"","form_populate_tag_mapping":"","action_post_form_populate_featured_image":"","wc_form_assign_intro":"","wc_form_assign":"","wc_form_assign_product_cat_include_mapping":"","wc_form_assign_product_tag_include_mapping":"","wc_form_assign_product_include_mapping":"","wc_form_assign_product_cat_exclude_mapping":"","wc_form_assign_product_tag_exclude_mapping":"","wc_form_assign_product_exclude_mapping":"","wc_catalog_add_to_cart_text":"Select options","wc_price_disable":"","wc_price_prefix":"","wc_price_suffix":"","wc_product_price_variation_hide":"","wc_product_add_to_cart_hide":"","wc_product_quantity_hide":"","wc_product_form_validate":"","wc_product_clear_hidden_meta_values":"on","wc_cart_edit":"","wc_cart_price_plugin_allow_negative":"","wc_actions_fire":"on","breakpoint":"25","tab_index":0,"action":{"rows_per_page":10,"group_index":0,"default":[],"columns":[{"id":0,"label":"Action"},{"id":1,"label":"Data"}],"groups":[{"label":"Actions","page":0,"disabled":"","mask_group":"","rows":[]}]},"conditional":{"rows_per_page":10,"group_index":0,"default":[],"columns":[{"id":0,"label":"Condition"},{"id":1,"label":"Data"}],"groups":[{"label":"Conditions","page":0,"disabled":"","mask_group":"","rows":[{"id":1,"default":"","disabled":"","required":"","hidden":"","data":["Ship to Same Address","{\"if\":[{\"conditions\":[{\"id\":1,\"object\":\"field\",\"object_id\":\"17695\",\"object_row_id\":\"1\",\"logic\":\"checked\",\"value\":\"\",\"case_sensitive\":true,\"logic_previous\":\"||\"}],\"logic_previous\":\"||\"}],\"then\":[{\"id\":1,\"object\":\"field\",\"object_id\":\"17689\",\"object_row_id\":\"\",\"action\":\"value\",\"value\":\"#field(17683)\"},{\"id\":2,\"object\":\"field\",\"object_id\":\"17690\",\"object_row_id\":\"\",\"action\":\"value\",\"value\":\"#field(17684)\"},{\"id\":3,\"object\":\"field\",\"object_id\":\"17691\",\"object_row_id\":\"\",\"action\":\"value\",\"value\":\"#field(17685)\"},{\"id\":4,\"object\":\"field\",\"object_id\":\"17692\",\"object_row_id\":\"\",\"action\":\"value\",\"value\":\"#field(17686)\"},{\"id\":5,\"object\":\"field\",\"object_id\":\"17693\",\"object_row_id\":\"\",\"action\":\"value\",\"value\":\"#field(17687)\"},{\"id\":6,\"object\":\"field\",\"object_id\":\"17694\",\"object_row_id\":\"\",\"action\":\"value_row_select_value\",\"value\":\"#field(17688)\"}],\"else\":[{\"id\":1,\"object\":\"field\",\"object_id\":\"17689\",\"object_row_id\":\"\",\"action\":\"value\",\"value\":\"\"},{\"id\":2,\"object\":\"field\",\"object_id\":\"17690\",\"object_row_id\":\"\",\"action\":\"value\",\"value\":\"\"},{\"id\":4,\"object\":\"field\",\"object_id\":\"17691\",\"object_row_id\":\"\",\"action\":\"value\",\"value\":\"\"},{\"id\":5,\"object\":\"field\",\"object_id\":\"17692\",\"object_row_id\":\"\",\"action\":\"value\",\"value\":\"\"},{\"id\":7,\"object\":\"field\",\"object_id\":\"17693\",\"object_row_id\":\"\",\"action\":\"value\",\"value\":\"\"},{\"id\":8,\"object\":\"field\",\"object_id\":\"17694\",\"object_row_id\":\"\",\"action\":\"reset\",\"value\":\"\"}]}"]}]}]},"export_object":"section"},"identifier":"ws_form","version":"1.8.0","time":1614020905,"checksum":"e519148cf7374c020f35a3bd056d7af1"}