{"label":"RSVP","status":"draft","count_stat_view":"0","count_stat_save":"0","count_stat_submit":"0","count_submit":0,"count_submit_unread":"0","id":"7","groups":[{"label":"Tab","sort_index":"1","id":"14","sections":[{"label":"Event Name Here","child_count":"0","sort_index":"1","id":"14","meta":{"label_render":"on","hidden_section":"","class_section_wrapper":"","disabled_section":"","breakpoint_sizes":""},"fields":[{"label":"Date, Time and Address","type":"texteditor","date_updated":"2019-09-11 02:03:30","sort_index":"1","id":"41","meta":{"hidden":"","text_editor":"<p><strong>Date - Time<\/strong><\/p>\n<p>Address<\/p>\n","exclude_email":"on","class_field_wrapper":"","html_editor":"","breakpoint_sizes":""}},{"label":"Introduction","type":"texteditor","date_updated":"2019-09-11 02:03:30","sort_index":"2","id":"42","meta":{"hidden":"","text_editor":"<p>To RSVP, please complete the form below. Please RSVP at least 5 days prior to the date of the event.<\/p>\n","exclude_email":"on","class_field_wrapper":"","html_editor":"","breakpoint_sizes":""}},{"label":"First Name","type":"text","date_updated":"2019-09-11 02:03:30","sort_index":"3","id":"43","meta":{"label_render":"on","label_position":"default","label_column_width":"default","required":"on","hidden":"","default_value":"","placeholder":"","help":"","aria_label":"","exclude_email":"","class_single_vertical_align":"","class_field_wrapper":"","class_field":"","disabled":"","readonly":"","min_length":"","max_length":"","min_length_words":"","max_length_words":"","input_mask":"","pattern":"","dedupe":"","dedupe_message":"","invalid_feedback_render":"on","invalid_feedback":"","custom_attributes":"","data_grid_datalist":{"rows_per_page":10,"group_index":0,"default":[],"columns":[{"id":0,"label":"Value"},{"id":1,"label":"Label"}],"groups":[{"label":"Values","page":0,"disabled":"","mask_group":"","rows":[]}]},"datalist_field_text":"1","datalist_field_value":"0","breakpoint_size_25":"6","breakpoint_sizes":"","wsf-data-grid-auto-group":"0"}},{"label":"Last Name","type":"text","date_updated":"2019-09-11 02:03:30","sort_index":"4","id":"44","meta":{"label_render":"on","label_position":"default","label_column_width":"default","required":"on","hidden":"","default_value":"","placeholder":"","help":"","aria_label":"","exclude_email":"","class_single_vertical_align":"","class_field_wrapper":"","class_field":"","disabled":"","readonly":"","min_length":"","max_length":"","min_length_words":"","max_length_words":"","input_mask":"","pattern":"","dedupe":"","dedupe_message":"","invalid_feedback_render":"on","invalid_feedback":"","custom_attributes":"","data_grid_datalist":{"rows_per_page":10,"group_index":0,"default":[],"columns":[{"id":0,"label":"Value"},{"id":1,"label":"Label"}],"groups":[{"label":"Values","page":0,"disabled":"","mask_group":"","rows":[]}]},"datalist_field_text":"1","datalist_field_value":"0","breakpoint_size_25":"6","breakpoint_sizes":"","wsf-data-grid-auto-group":"0"}},{"label":"Email","type":"email","date_updated":"2019-09-11 02:03:30","sort_index":"5","id":"45","meta":{"label_render":"on","label_position":"default","label_column_width":"default","required":"on","hidden":"","default_value":"","multiple_email":"","placeholder":"","help":"","aria_label":"","exclude_email":"","class_single_vertical_align":"","class_field_wrapper":"","class_field":"","disabled":"","readonly":"","min_length":"","max_length":"","pattern":"","dedupe":"","dedupe_message":"","invalid_feedback_render":"on","invalid_feedback":"","custom_attributes":"","data_grid_datalist":{"rows_per_page":10,"group_index":0,"default":[],"columns":[{"id":0,"label":"Value"},{"id":1,"label":"Label"}],"groups":[{"label":"Values","page":0,"disabled":"","mask_group":"","rows":[]}]},"datalist_field_text":"1","datalist_field_value":"0","breakpoint_sizes":"","wsf-data-grid-auto-group":"0"}},{"label":"Cell","type":"tel","date_updated":"2019-09-11 02:03:30","sort_index":"6","id":"46","meta":{"label_render":"on","label_position":"default","label_column_width":"default","required":"","hidden":"","default_value":"","placeholder":"","help":"","aria_label":"","exclude_email":"","class_single_vertical_align":"","class_field_wrapper":"","class_field":"","disabled":"","readonly":"","min_length":"","max_length":"","input_mask":"","pattern_tel":"","dedupe":"","dedupe_message":"","invalid_feedback_render":"on","invalid_feedback":"","custom_attributes":"","data_grid_datalist":{"rows_per_page":10,"group_index":0,"default":[],"columns":[{"id":0,"label":"Value"},{"id":1,"label":"Label"}],"groups":[{"label":"Values","page":0,"disabled":"","mask_group":"","rows":[]}]},"datalist_field_text":"1","datalist_field_value":"0"}},{"label":"RSVP Response","type":"radio","date_updated":"2019-09-11 02:03:30","sort_index":"7","id":"47","meta":{"label_render":"on","label_position":"default","label_column_width":"default","required":"on","hidden":"","class_inline":"","help":"","aria_label":"","exclude_email":"","class_single_vertical_align":"","class_field_wrapper":"","class_field":"","invalid_feedback_render":"on","invalid_feedback":"","data_grid_radio":{"rows_per_page":10,"group_index":0,"default":[],"columns":[{"id":0,"label":"Radio"}],"groups":[{"label":"Radios","page":0,"disabled":"","mask_group":"","rows":[{"id":1,"default":"","required":"","disabled":"","hidden":"","data":["Attending"]},{"id":2,"default":"","required":"","disabled":"","hidden":"","data":["Not attending"]}]}]},"radio_field_label":"0","radio_field_value":"0","data_grid_rows_randomize":"","breakpoint_sizes":"","wsf-data-grid-auto-group":"0"}}]},{"label":"For Attending Only","child_count":"0","sort_index":"2","id":"15","meta":{"label_render":"","hidden_section":"","class_section_wrapper":"","disabled_section":"","breakpoint_size_25":"","breakpoint_size_50":"","breakpoint_size_75":"","breakpoint_size_100":"","breakpoint_size_125":""},"fields":[{"label":"How many are in your party?","type":"range","date_updated":"2019-09-11 02:03:30","sort_index":"1","id":"48","meta":{"label_render":"on","label_position":"default","label_column_width":"default","hidden":"","default_value":"1","help":"#value","aria_label":"","exclude_email":"","class_single_vertical_align":"","class_field_wrapper":"","class_field":"","disabled":"","min":"1","max":"10","step":"1","dedupe":"","dedupe_message":"","invalid_feedback_render":"on","invalid_feedback":"Please let us know how many will be in your party","custom_attributes":"","data_grid_datalist":{"rows_per_page":10,"group_index":0,"default":[],"columns":[{"id":0,"label":"Value"},{"id":1,"label":"Label"}],"groups":[{"label":"Values","page":0,"disabled":"","mask_group":"","rows":[]}]},"datalist_field_value":"0","datalist_field_text":"1","breakpoint_sizes":"","wsf-data-grid-auto-group":"0"}},{"label":"Food preference?","type":"checkbox","date_updated":"2019-09-11 02:03:30","sort_index":"2","id":"49","meta":{"label_render":"on","label_position":"default","label_column_width":"default","hidden":"","select_all":"","select_all_label":"","class_inline":"","help":"","aria_label":"","exclude_email":"","class_single_vertical_align":"","class_field_wrapper":"","class_field":"","invalid_feedback_render":"on","invalid_feedback":"","data_grid_checkbox":{"rows_per_page":10,"group_index":0,"default":[],"columns":[{"id":0,"label":"Label"}],"groups":[{"label":"Checkboxes","page":0,"disabled":"","mask_group":"","rows":[{"id":1,"default":"","required":"","disabled":"","hidden":"","data":["Vegetarian"]},{"id":2,"default":"","required":"","disabled":"","hidden":"","data":["Gluten Free"]},{"id":3,"default":"","required":"","disabled":"","hidden":"","data":["Dairy Free"]}]}]},"checkbox_field_label":"0","checkbox_field_value":"0","data_grid_rows_randomize":"","breakpoint_size_25":"6","breakpoint_sizes":"","wsf-data-grid-auto-group":"0"}},{"label":"Drink preference?","type":"radio","date_updated":"2019-09-11 02:03:30","sort_index":"3","id":"50","meta":{"label_render":"on","label_position":"default","label_column_width":"default","required":"","hidden":"","class_inline":"","help":"","aria_label":"","exclude_email":"","class_single_vertical_align":"","class_field_wrapper":"","class_field":"","invalid_feedback_render":"on","invalid_feedback":"","data_grid_radio":{"rows_per_page":10,"group_index":0,"default":[],"columns":[{"id":0,"label":"Radio"}],"groups":[{"label":"Radios","page":0,"disabled":"","mask_group":"","rows":[{"id":5,"default":"","disabled":"","required":"","hidden":"","data":["Cocktail"]},{"id":2,"default":"","required":"","disabled":"","hidden":"","data":["White Wine"]},{"id":3,"default":"","required":"","disabled":"","hidden":"","data":["Red Wine"]},{"id":4,"default":"","disabled":"","required":"","hidden":"","data":["Beer"]},{"id":1,"default":"","required":"","disabled":"","hidden":"","data":["Soft Drink"]},{"id":6,"default":"","disabled":"","required":"","hidden":"","data":["Water"]},{"id":7,"default":"","disabled":"","required":"","hidden":"","data":["None"]}]}]},"radio_field_label":"0","radio_field_value":"0","data_grid_rows_randomize":"","breakpoint_size_25":"6","breakpoint_sizes":"","wsf-data-grid-auto-group":"0"}}]},{"label":"Button","child_count":"0","sort_index":"3","id":"16","meta":{"label_render":"","hidden_section":"","class_section_wrapper":"","disabled_section":"","breakpoint_size_25":"","breakpoint_size_50":"","breakpoint_size_75":"","breakpoint_size_100":"","breakpoint_size_125":""},"fields":[{"label":"RSVP","type":"submit","date_updated":"2019-09-11 02:03:30","sort_index":"1","id":"51","meta":{"hidden":"","help":"","aria_label":"","class_single_vertical_align":"bottom","class_field_button_type":"primary","class_field_full_button_remove":"","class_field_wrapper":"","class_field":"","disabled":"","custom_attributes":""}}]}],"meta":{"label_render":"","class_group_wrapper":""}}],"meta":{"label_render":"","tracking_remote_ip":"","tracking_agent":"","tracking_referrer":"","tracking_os":"","tracking_host":"","tracking_geo_location":"","tracking_ip_lookup_latlon":"","tracking_ip_lookup_city":"","tracking_ip_lookup_region":"","tracking_ip_lookup_country":"","tracking_utm_source":"","tracking_utm_medium":"","tracking_utm_campaign":"","tracking_utm_term":"","tracking_utm_content":"","analytics_google":"","analytics_google_event_tab":"on","analytics_google_event_field":"on","honeypot":"","spam_threshold":"50","submit_lock":"on","label_mask_form":"","class_form_wrapper":"","submit_on_enter":"","submit_reload":"on","submit_show_errors":"on","form_action":"","cookie_tab_index":"on","label_mask_group":"","class_group_wrapper":"","label_mask_section":"","class_section_wrapper":"","invalid_field_focus":"on","class_field_wrapper":"","class_field":"","label_position_form":"top","label_column_width_form":"3","label_required":"on","label_mask_required":"","submit_limit":"","submit_limit_count":"","submit_limit_period":"","submit_limit_message":"","submit_limit_message_type":"information","schedule_start":"","schedule_start_datetime":"","schedule_start_message":"","schedule_start_message_type":"information","schedule_end":"","schedule_end_datetime":"","schedule_end_message":"","schedule_end_message_type":"information","user_limit_logged_in":"","user_limit_logged_in_message":"","user_limit_logged_in_message_type":"danger","form_populate_enabled":"","form_populate_action_id":"","form_populate_list_id":"","form_populate_field_mapping":"","form_populate_tag_mapping":"","breakpoint":"25","tab_index":"0","action":{"rows_per_page":10,"group_index":0,"default":[],"columns":[{"id":0,"label":"Action"},{"id":1,"label":"Data"}],"groups":[{"label":"Actions","page":0,"disabled":"","mask_group":"","rows":[{"id":1,"default":"","required":"","disabled":"","hidden":"","data":["Save to Submissions","{\"id\":\"database\",\"meta\":{\"action_database_field_filter\":\"\",\"action_database_field_filter_mapping\":\"\",\"action_database_expire\":\"\",\"action_database_expire_duration\":\"90\"},\"events\":[\"save\",\"submit\"]}"]},{"id":2,"default":"","required":"","disabled":"","hidden":"","data":["Show Message","{\"id\":\"message\",\"meta\":{\"action_message_message\":\"Thank you for your response.\",\"action_message_type\":\"success\",\"action_message_method\":\"before\",\"action_message_form_hide\":\"on\",\"action_message_clear\":\"on\",\"action_message_scroll_top\":\"\",\"action_message_duration\":\"\",\"action_message_message_hide\":\"\",\"action_message_form_show\":\"\"},\"events\":[\"submit\"]}"]},{"id":3,"default":"","disabled":"","required":"","hidden":"","data":["Send an Email","{\"id\":\"email\",\"meta\":{\"action_email_content_type\":\"text\\\/html\",\"action_email_from_email\":\"#blog_admin_email\",\"action_email_from_name\":\"#blog_name\",\"action_email_to\":[{\"action_email_email\":\"#blog_admin_email\",\"action_email_name\":\"#blog_name\"}],\"action_email_cc\":[],\"action_email_bcc\":[],\"action_email_reply_to_email\":\"#field(45)\",\"action_email_subject\":\"RSVP Response from #field(43) #field(44)\",\"action_email_message_editor\":\"text_editor\",\"action_email_message_wrapper\":\"on\",\"action_email_message_textarea\":\"#email_submission\",\"action_email_message_text_editor\":\"<p>You have received an RSVP response.<\\\/p><p>#email_submission<\\\/p>\",\"action_email_message_html_editor\":\"#email_logo\\n\\n<h3>#email_subject<\\\/h3>\\n\\n#email_submission\",\"action_email_attachments\":[],\"action_email_charset\":\"#blog_charset\"},\"events\":[\"submit\"]}"]}]}]},"field_select":"","form_history":"","knowledgebase":"","contact":"","conditional":{"rows_per_page":10,"group_index":0,"default":[],"columns":[{"id":0,"label":"Condition"},{"id":1,"label":"Data"}],"groups":[{"label":"Conditions","page":0,"disabled":"","mask_group":"","rows":[{"id":1,"default":"","disabled":"","required":"","hidden":"","data":["For Attending Only","{\"if\":[{\"conditions\":[{\"id\":1,\"object\":\"field\",\"object_id\":47,\"object_row_id\":\"1\",\"logic\":\"checked\",\"value\":\"\",\"case_sensitive\":true,\"logic_previous\":\"||\"}],\"logic_previous\":\"||\"}],\"then\":[{\"id\":1,\"object\":\"section\",\"object_id\":15,\"object_row_id\":\"\",\"action\":\"visibility\",\"value\":\"\"}],\"else\":[{\"id\":1,\"object\":\"section\",\"object_id\":15,\"object_row_id\":\"\",\"action\":\"visibility\",\"value\":\"off\"}]}"]}]}]}},"identifier":"ws_form","version":"1.4.28","time":1568167414,"checksum":"ba45736e91b7ca914b9012fd3aba51f2"}