{"label":"Style Checkboxes","status":"draft","count_stat_view":"0","count_stat_save":"0","count_stat_submit":"0","count_submit":0,"count_submit_unread":"0","id":"466","groups":[{"label":"Buttons","sort_index":"1","id":"895","sections":[{"label":"Section","child_count":"0","sort_index":"2","id":"1799","meta":{"label_render":"","hidden_section":"","section_repeatable":"","section_repeat_label":"","section_repeat_default":"","class_single_vertical_align":"","class_section_wrapper":"","disabled_section":"","section_repeat_min":"","section_repeat_max":"","section_repeatable_delimiter_section":",","section_repeatable_delimiter_row":";","breakpoint_sizes":""},"fields":[{"label":"Vertical","type":"checkbox","date_updated":"2021-01-22 18:27:48","sort_index":"1","id":"9999","meta":{"label_render":"on","hidden":"","select_all":"","select_all_label":"","help":"","orientation":"","aria_label":"","exclude_email":"","wc_exclude_cart":"","hidden_bypass":"","label_position":"default","label_column_width":"default","class_single_vertical_align":"","class_field_wrapper":"","class_field":"wsf-button","checkbox_min":"","checkbox_max":"","field_user_status":"","field_user_roles":[],"field_user_capabilities":[],"dedupe_value_scope":"","invalid_feedback_render":"on","invalid_feedback":"","data_grid_checkbox":{"rows_per_page":10,"group_index":0,"default":[],"columns":[{"id":0,"label":"Label"}],"groups":[{"label":"Checkboxes","page":0,"disabled":"","mask_group":"","rows":[{"id":1,"default":"","required":"","disabled":"","hidden":"","data":["Default"]},{"id":2,"default":"on","required":"","disabled":"","hidden":"","data":["Checked"]},{"id":4,"default":"","disabled":"","required":"on","hidden":"","data":["Required"]},{"id":3,"default":"","required":"","disabled":"on","hidden":"","data":["Disabled"]},{"id":5,"default":"on","disabled":"on","required":"","hidden":"","data":["Checked + Disabled"]}]}]},"data_grid_rows_randomize":"","checkbox_field_label":"0","checkbox_field_value":"0","checkbox_field_parse_variable":"0","checkbox_field_wc":"0","checkbox_cascade":"","checkbox_cascade_field_filter":"0","checkbox_cascade_field_id":"","checkbox_cascade_no_match":"","class_inline":"","breakpoint_size_50":"6","breakpoint_sizes":"","wsf-data-grid-auto-group":"0","orientation_breakpoint_sizes":"","data_source_id":""}},{"label":"Horizontal","type":"checkbox","date_updated":"2021-01-22 18:27:48","sort_index":"2","id":"10000","meta":{"label_render":"on","hidden":"","select_all":"","select_all_label":"","help":"","orientation":"horizontal","aria_label":"","exclude_email":"","wc_exclude_cart":"","hidden_bypass":"","label_position":"default","label_column_width":"default","class_single_vertical_align":"","class_field_wrapper":"","class_field":"wsf-button","checkbox_min":"","checkbox_max":"","field_user_status":"","field_user_roles":[],"field_user_capabilities":[],"dedupe_value_scope":"","invalid_feedback_render":"on","invalid_feedback":"","data_grid_checkbox":{"rows_per_page":10,"group_index":0,"default":[],"columns":[{"id":0,"label":"Label"}],"groups":[{"label":"Checkboxes","page":0,"disabled":"","mask_group":"","rows":[{"id":1,"default":"","required":"","disabled":"","hidden":"","data":["Default"]},{"id":2,"default":"on","required":"","disabled":"","hidden":"","data":["Checked"]},{"id":4,"default":"","disabled":"","required":"on","hidden":"","data":["Required"]},{"id":3,"default":"","required":"","disabled":"on","hidden":"","data":["Disabled"]},{"id":5,"default":"on","disabled":"on","required":"","hidden":"","data":["Checked + Disabled"]}]}]},"data_grid_rows_randomize":"","checkbox_field_label":"0","checkbox_field_value":"0","checkbox_field_parse_variable":"0","checkbox_field_wc":"0","checkbox_cascade":"","checkbox_cascade_field_filter":"0","checkbox_cascade_field_id":"","checkbox_cascade_no_match":"","breakpoint_size_50":"6","breakpoint_sizes":"","wsf-data-grid-auto-group":"0","orientation_breakpoint_sizes":"","data_source_id":"","orientation_breakpoint_size_25":"4","orientation_breakpoint_size_50":""}},{"label":"Grid","type":"checkbox","date_updated":"2021-01-22 18:27:48","sort_index":"3","id":"10001","meta":{"label_render":"on","hidden":"","select_all":"","select_all_label":"","help":"","orientation":"grid","aria_label":"","exclude_email":"","wc_exclude_cart":"","hidden_bypass":"","label_position":"default","label_column_width":"default","class_single_vertical_align":"","class_field_wrapper":"","class_field":"wsf-button wsf-button-full","checkbox_min":"","checkbox_max":"","field_user_status":"","field_user_roles":[],"field_user_capabilities":[],"dedupe_value_scope":"","invalid_feedback_render":"on","invalid_feedback":"","data_grid_checkbox":{"rows_per_page":10,"group_index":0,"default":[],"columns":[{"id":0,"label":"Label"}],"groups":[{"label":"Checkboxes","page":0,"disabled":"","mask_group":"","rows":[{"id":1,"default":"","required":"","disabled":"","hidden":"","data":["Default"]},{"id":2,"default":"on","required":"","disabled":"","hidden":"","data":["Checked"]},{"id":3,"default":"","required":"","disabled":"on","hidden":"","data":["Disabled"]}]}]},"data_grid_rows_randomize":"","checkbox_field_label":"0","checkbox_field_value":"0","checkbox_field_parse_variable":"0","checkbox_field_wc":"0","checkbox_cascade":"","checkbox_cascade_field_filter":"0","checkbox_cascade_field_id":"","checkbox_cascade_no_match":"","breakpoint_size_50":"","breakpoint_sizes":"","wsf-data-grid-auto-group":"0","orientation_breakpoint_sizes":"","data_source_id":"","orientation_breakpoint_size_25":"4","orientation_breakpoint_size_50":""}}]}],"meta":{"label_render":"","class_group_wrapper":""}},{"label":"Switches","sort_index":"2","id":"896","sections":[{"label":"Section","child_count":"0","sort_index":"1","id":"1800","meta":{"label_render":"","hidden_section":"","section_repeatable":"","section_repeat_label":"","section_repeat_default":"","class_single_vertical_align":"","class_section_wrapper":"","disabled_section":"","section_repeat_min":"","section_repeat_max":"","section_repeatable_delimiter_section":",","section_repeatable_delimiter_row":";","breakpoint_size_25":"","breakpoint_size_50":"","breakpoint_size_75":"","breakpoint_size_100":"","breakpoint_size_125":"","breakpoint_sizes":""},"fields":[{"label":"Vertical","type":"checkbox","date_updated":"2021-01-22 18:27:48","sort_index":"1","id":"10002","meta":{"label_render":"on","hidden":"","select_all":"","select_all_label":"","help":"","orientation":"","aria_label":"","exclude_email":"","wc_exclude_cart":"","hidden_bypass":"","label_position":"default","label_column_width":"default","class_single_vertical_align":"","class_field_wrapper":"","class_field":"wsf-switch","checkbox_min":"","checkbox_max":"","field_user_status":"","field_user_roles":[],"field_user_capabilities":[],"dedupe_value_scope":"","invalid_feedback_render":"on","invalid_feedback":"","data_grid_checkbox":{"rows_per_page":10,"group_index":0,"default":[],"columns":[{"id":0,"label":"Label"}],"groups":[{"label":"Checkboxes","page":0,"disabled":"","mask_group":"","rows":[{"id":1,"default":"","required":"","disabled":"","hidden":"","data":["Default"]},{"id":2,"default":"on","required":"","disabled":"","hidden":"","data":["Checked"]},{"id":4,"default":"","disabled":"","required":"on","hidden":"","data":["Required"]},{"id":3,"default":"","required":"","disabled":"on","hidden":"","data":["Disabled"]},{"id":5,"default":"on","disabled":"on","required":"","hidden":"","data":["Checked + Disabled"]}]}]},"data_grid_rows_randomize":"","checkbox_field_label":"0","checkbox_field_value":"0","checkbox_field_parse_variable":"0","checkbox_field_wc":"0","checkbox_cascade":"","checkbox_cascade_field_filter":"0","checkbox_cascade_field_id":"","checkbox_cascade_no_match":"","class_inline":"","breakpoint_size_50":"6","breakpoint_sizes":"","wsf-data-grid-auto-group":"0","orientation_breakpoint_sizes":"","data_source_id":""}},{"label":"Horizontal","type":"checkbox","date_updated":"2021-01-22 18:27:48","sort_index":"2","id":"10003","meta":{"label_render":"on","hidden":"","select_all":"","select_all_label":"","help":"","orientation":"horizontal","aria_label":"","exclude_email":"","wc_exclude_cart":"","hidden_bypass":"","label_position":"default","label_column_width":"default","class_single_vertical_align":"","class_field_wrapper":"","class_field":"wsf-switch","checkbox_min":"","checkbox_max":"","field_user_status":"","field_user_roles":[],"field_user_capabilities":[],"dedupe_value_scope":"","invalid_feedback_render":"on","invalid_feedback":"","data_grid_checkbox":{"rows_per_page":10,"group_index":0,"default":[],"columns":[{"id":0,"label":"Label"}],"groups":[{"label":"Checkboxes","page":0,"disabled":"","mask_group":"","rows":[{"id":1,"default":"","required":"","disabled":"","hidden":"","data":["Default"]},{"id":2,"default":"on","required":"","disabled":"","hidden":"","data":["Checked"]},{"id":4,"default":"","disabled":"","required":"on","hidden":"","data":["Required"]},{"id":3,"default":"","required":"","disabled":"on","hidden":"","data":["Disabled"]},{"id":5,"default":"on","disabled":"on","required":"","hidden":"","data":["Checked + Disabled"]}]}]},"data_grid_rows_randomize":"","checkbox_field_label":"0","checkbox_field_value":"0","checkbox_field_parse_variable":"0","checkbox_field_wc":"0","checkbox_cascade":"","checkbox_cascade_field_filter":"0","checkbox_cascade_field_id":"","checkbox_cascade_no_match":"","breakpoint_size_50":"6","breakpoint_sizes":"","wsf-data-grid-auto-group":"0","orientation_breakpoint_sizes":"","data_source_id":""}}]}],"meta":{"label_render":"","class_group_wrapper":""}},{"label":"Colors","sort_index":"3","id":"897","sections":[{"label":"Section","child_count":"0","sort_index":"1","id":"1801","meta":{"label_render":"","hidden_section":"","section_repeatable":"","section_repeat_label":"","section_repeat_default":"","class_single_vertical_align":"","class_section_wrapper":"","disabled_section":"","section_repeat_min":"","section_repeat_max":"","section_repeatable_delimiter_section":",","section_repeatable_delimiter_row":";","breakpoint_size_25":"","breakpoint_size_50":"6","breakpoint_size_75":"","breakpoint_size_100":"","breakpoint_size_125":"","breakpoint_sizes":""},"fields":[{"label":"Vertical + Labels","type":"checkbox","date_updated":"2021-01-22 18:28:04","sort_index":"1","id":"10004","meta":{"label_render":"on","hidden":"","select_all":"","select_all_label":"","help":"","orientation":"","aria_label":"","exclude_email":"","wc_exclude_cart":"","hidden_bypass":"","label_position":"default","label_column_width":"default","class_single_vertical_align":"","class_field_wrapper":"","class_field":"wsf-color","checkbox_min":"","checkbox_max":"","field_user_status":"","field_user_roles":[],"field_user_capabilities":[],"dedupe_value_scope":"","invalid_feedback_render":"on","invalid_feedback":"","data_grid_checkbox":{"rows_per_page":10,"group_index":0,"default":[],"columns":[{"id":0,"label":"Label"},{"id":1,"label":"Value"}],"groups":[{"label":"Checkboxes","page":0,"disabled":"","mask_group":"","rows":[{"id":1,"default":"","required":"","disabled":"","hidden":"","data":["<span style=\"background-color: #021e4b;\"><\/span> #data_grid_row_value","Oxford Blue"]},{"id":4,"default":"","disabled":"","required":"","hidden":"","data":["<span style=\"background-color: #03396c;\"><\/span> #data_grid_row_value","Regal Blue"]},{"id":2,"default":"","required":"","disabled":"","hidden":"","data":["<span style=\"background-color: #025b95;\"><\/span> #data_grid_row_value","Bahama Blue"]},{"id":3,"default":"","required":"","disabled":"","hidden":"","data":["<span style=\"background-color: #6497b1;\"><\/span> #data_grid_row_value","Shakespeare"]},{"id":5,"default":"","disabled":"","required":"","hidden":"","data":["<span style=\"background-color: #b3cce0;\"><\/span> #data_grid_row_value","Light Steel Blue"]}]}]},"data_grid_rows_randomize":"","checkbox_field_label":"0","checkbox_field_value":"1","checkbox_field_parse_variable":"1","checkbox_field_wc":"0","checkbox_cascade":"","checkbox_cascade_field_filter":"0","checkbox_cascade_field_id":"","checkbox_cascade_no_match":"","class_inline":"","breakpoint_size_50":"","breakpoint_sizes":"","wsf-data-grid-auto-group":"0","orientation_breakpoint_sizes":"","data_source_id":""}}]},{"label":"Section","child_count":"0","sort_index":"2","id":"1802","meta":{"label_render":"","hidden_section":"","section_repeatable":"","section_repeat_label":"","section_repeat_default":"","class_single_vertical_align":"","class_section_wrapper":"","disabled_section":"","section_repeat_min":"","section_repeat_max":"","section_repeatable_delimiter_section":",","section_repeatable_delimiter_row":";","breakpoint_size_25":"","breakpoint_size_50":"6","breakpoint_size_75":"","breakpoint_size_100":"","breakpoint_size_150":""},"fields":[{"label":"Horizontal","type":"checkbox","date_updated":"2021-01-22 18:28:13","sort_index":"1","id":"10005","meta":{"label_render":"on","hidden":"","select_all":"","select_all_label":"","help":"","orientation":"horizontal","aria_label":"","exclude_email":"","wc_exclude_cart":"","hidden_bypass":"","label_position":"default","label_column_width":"default","class_single_vertical_align":"","class_field_wrapper":"","class_field":"wsf-color","checkbox_min":"","checkbox_max":"","field_user_status":"","field_user_roles":[],"field_user_capabilities":[],"dedupe_value_scope":"","invalid_feedback_render":"on","invalid_feedback":"","data_grid_checkbox":{"rows_per_page":10,"group_index":0,"default":[],"columns":[{"id":0,"label":"Label"},{"id":1,"label":"Value"}],"groups":[{"label":"Checkboxes","page":0,"disabled":"","mask_group":"","label_render":"on","rows":[{"id":1,"default":"","disabled":"","required":"","hidden":"","data":["<span title=\"#data_grid_row_value\" style=\"background-color: #021e4b;\"><\/span>","Oxford Blue"]},{"id":4,"default":"","disabled":"","required":"","hidden":"","data":["<span title=\"#data_grid_row_value\" style=\"background-color: #03396c;\"><\/span>","Regal Blue"]},{"id":2,"default":"","disabled":"","required":"","hidden":"","data":["<span title=\"#data_grid_row_value\" style=\"background-color: #025b95;\"><\/span>","Bahama Blue"]},{"id":3,"default":"","disabled":"","required":"","hidden":"","data":["<span title=\"#data_grid_row_value\" style=\"background-color: #6497b1;\"><\/span>","Shakespeare"]},{"id":5,"default":"","disabled":"","required":"","hidden":"","data":["<span title=\"#data_grid_row_value\" style=\"background-color: #b3cce0;\"><\/span>","Light Steel Blue"]}]}]},"data_grid_rows_randomize":"","checkbox_field_label":"0","checkbox_field_value":"1","checkbox_field_parse_variable":"1","checkbox_field_wc":"0","checkbox_cascade":"","checkbox_cascade_field_filter":"0","checkbox_cascade_field_id":"","checkbox_cascade_no_match":"","breakpoint_size_50":"","breakpoint_sizes":"","wsf-data-grid-auto-group":"0","orientation_breakpoint_sizes":"","data_source_id":""}},{"label":"Horizontal (Circles)","type":"checkbox","date_updated":"2021-01-22 18:28:21","sort_index":"2","id":"10006","meta":{"label_render":"on","hidden":"","select_all":"","select_all_label":"","help":"","orientation":"horizontal","aria_label":"","exclude_email":"","wc_exclude_cart":"","hidden_bypass":"","label_position":"default","label_column_width":"default","class_single_vertical_align":"","class_field_wrapper":"","class_field":"wsf-color wsf-circle","checkbox_min":"","checkbox_max":"","field_user_status":"","field_user_roles":[],"field_user_capabilities":[],"dedupe_value_scope":"","invalid_feedback_render":"on","invalid_feedback":"","data_grid_checkbox":{"rows_per_page":10,"group_index":0,"default":[],"columns":[{"id":0,"label":"Label"},{"id":1,"label":"Value"}],"groups":[{"label":"Checkboxes","page":0,"disabled":"","mask_group":"","label_render":"on","rows":[{"id":1,"default":"","disabled":"","required":"","hidden":"","data":["<span title=\"#data_grid_row_value\" style=\"background-color: #021e4b;\"><\/span>","Oxford Blue"]},{"id":4,"default":"","disabled":"","required":"","hidden":"","data":["<span title=\"#data_grid_row_value\" style=\"background-color: #03396c;\"><\/span>","Regal Blue"]},{"id":2,"default":"","disabled":"","required":"","hidden":"","data":["<span title=\"#data_grid_row_value\" style=\"background-color: #025b95;\"><\/span>","Bahama Blue"]},{"id":3,"default":"","disabled":"","required":"","hidden":"","data":["<span title=\"#data_grid_row_value\" style=\"background-color: #6497b1;\"><\/span>","Shakespeare"]},{"id":5,"default":"","disabled":"","required":"","hidden":"","data":["<span title=\"#data_grid_row_value\" style=\"background-color: #b3cce0;\"><\/span>","Light Steel Blue"]}]}]},"data_grid_rows_randomize":"","checkbox_field_label":"0","checkbox_field_value":"1","checkbox_field_parse_variable":"1","checkbox_field_wc":"0","checkbox_cascade":"","checkbox_cascade_field_filter":"0","checkbox_cascade_field_id":"","checkbox_cascade_no_match":"","breakpoint_size_50":"","breakpoint_sizes":"","wsf-data-grid-auto-group":"0","orientation_breakpoint_sizes":"","data_source_id":""}}]}],"meta":{"label_render":"","class_group_wrapper":""}},{"label":"Images","sort_index":"4","id":"898","sections":[{"label":"Section","child_count":"0","sort_index":"1","id":"1803","meta":{"label_render":"","hidden_section":"","section_repeatable":"","section_repeat_label":"","section_repeat_default":"1","class_single_vertical_align":"","class_section_wrapper":"","disabled_section":"","section_repeat_min":"","section_repeat_max":"","section_repeatable_delimiter_section":",","section_repeatable_delimiter_row":";","breakpoint_sizes":"","breakpoint_size_50":"6"},"fields":[{"label":"Vertical","type":"checkbox","date_updated":"2021-01-22 18:36:16","sort_index":"1","id":"10007","meta":{"label_render":"on","hidden":"","select_all":"","select_all_label":"","help":"","orientation":"","aria_label":"","exclude_email":"","wc_exclude_cart":"","hidden_bypass":"","label_position":"default","label_column_width":"default","class_single_vertical_align":"","class_field_wrapper":"","class_field":"wsf-image","checkbox_min":"","checkbox_max":"","field_user_status":"","field_user_roles":[],"field_user_capabilities":[],"dedupe_value_scope":"","invalid_feedback_render":"on","invalid_feedback":"","data_grid_checkbox":{"rows_per_page":10,"group_index":0,"default":[],"columns":[{"id":0,"label":"Label"},{"id":1,"label":"Value"}],"groups":[{"label":"Checkboxes","page":0,"disabled":"","mask_group":"","label_render":"on","rows":[{"id":1,"default":"","disabled":"","required":"","hidden":"","data":["<img height=\"75\" width=\"75\" alt=\"#data_grid_row_value\" src=\"https:\/\/cdn.wsform.com\/wp-content\/uploads\/2021\/01\/bear.jpeg\"><div class=\"wsf-image-caption wsf-text-center\">#data_grid_row_value <\/div>","Bear"]},{"id":2,"default":"","disabled":"","required":"","hidden":"","data":["<img height=\"75\" width=\"75\" alt=\"#data_grid_row_value\" src=\"https:\/\/cdn.wsform.com\/wp-content\/uploads\/2021\/01\/phoenix.jpeg\"><div class=\"wsf-image-caption wsf-text-center\">#data_grid_row_value <\/div>","Phoenix"]},{"id":4,"default":"","disabled":"","required":"","hidden":"","data":["<img height=\"75\" width=\"75\" alt=\"#data_grid_row_value\" src=\"https:\/\/cdn.wsform.com\/wp-content\/uploads\/2021\/01\/rocket.jpeg\"><div class=\"wsf-image-caption wsf-text-center\">#data_grid_row_value <\/div>","Rocket"]},{"id":3,"default":"","disabled":"","required":"","hidden":"","data":["<img height=\"75\" width=\"75\" alt=\"#data_grid_row_value\" src=\"https:\/\/cdn.wsform.com\/wp-content\/uploads\/2021\/01\/samurai.jpeg\"><div class=\"wsf-image-caption wsf-text-center\">#data_grid_row_value <\/div>","Samurai"]}]}]},"data_grid_rows_randomize":"","checkbox_field_label":"0","checkbox_field_value":"1","checkbox_field_parse_variable":"1","checkbox_field_wc":"0","checkbox_cascade":"","checkbox_cascade_field_filter":"0","checkbox_cascade_field_id":"","checkbox_cascade_no_match":"","class_inline":"","breakpoint_size_50":"","breakpoint_sizes":"","wsf-data-grid-auto-group":"0","orientation_breakpoint_sizes":"","data_source_id":""}}]},{"label":"Section","child_count":"0","sort_index":"2","id":"1804","meta":{"label_render":"","hidden_section":"","section_repeatable":"","section_repeat_label":"","section_repeat_default":"","class_single_vertical_align":"","class_section_wrapper":"","disabled_section":"","section_repeat_min":"","section_repeat_max":"","section_repeatable_delimiter_section":",","section_repeatable_delimiter_row":";","breakpoint_size_25":"","breakpoint_size_50":"6","breakpoint_size_75":"","breakpoint_size_100":"","breakpoint_size_150":""},"fields":[{"label":"Horizontal","type":"checkbox","date_updated":"2021-01-22 18:36:25","sort_index":"1","id":"10008","meta":{"label_render":"on","hidden":"","select_all":"","select_all_label":"","help":"","orientation":"horizontal","aria_label":"","exclude_email":"","wc_exclude_cart":"","hidden_bypass":"","label_position":"default","label_column_width":"default","class_single_vertical_align":"","class_field_wrapper":"","class_field":"wsf-image","checkbox_min":"","checkbox_max":"","field_user_status":"","field_user_roles":[],"field_user_capabilities":[],"dedupe_value_scope":"","invalid_feedback_render":"on","invalid_feedback":"","data_grid_checkbox":{"rows_per_page":10,"group_index":0,"default":[],"columns":[{"id":0,"label":"Label"},{"id":1,"label":"Value"}],"groups":[{"label":"Checkboxes","page":0,"disabled":"","mask_group":"","label_render":"on","rows":[{"id":1,"default":"","disabled":"","required":"","hidden":"","data":["<img height=\"75\" width=\"75\" alt=\"#data_grid_row_value\" src=\"https:\/\/cdn.wsform.com\/wp-content\/uploads\/2021\/01\/bear.jpeg\"><div class=\"wsf-image-caption wsf-text-center\">#data_grid_row_value <\/div>","Bear"]},{"id":2,"default":"","disabled":"","required":"","hidden":"","data":["<img height=\"75\" width=\"75\" alt=\"#data_grid_row_value\" src=\"https:\/\/cdn.wsform.com\/wp-content\/uploads\/2021\/01\/phoenix.jpeg\"><div class=\"wsf-image-caption wsf-text-center\">#data_grid_row_value <\/div>","Phoenix"]},{"id":4,"default":"","disabled":"","required":"","hidden":"","data":["<img height=\"75\" width=\"75\" alt=\"#data_grid_row_value\" src=\"https:\/\/cdn.wsform.com\/wp-content\/uploads\/2021\/01\/rocket.jpeg\"><div class=\"wsf-image-caption wsf-text-center\">#data_grid_row_value <\/div>","Rocket"]},{"id":3,"default":"","disabled":"","required":"","hidden":"","data":["<img height=\"75\" width=\"75\" alt=\"#data_grid_row_value\" src=\"https:\/\/cdn.wsform.com\/wp-content\/uploads\/2021\/01\/samurai.jpeg\"><div class=\"wsf-image-caption wsf-text-center\">#data_grid_row_value <\/div>","Samurai"]}]}]},"data_grid_rows_randomize":"","checkbox_field_label":"0","checkbox_field_value":"1","checkbox_field_parse_variable":"1","checkbox_field_wc":"0","checkbox_cascade":"","checkbox_cascade_field_filter":"0","checkbox_cascade_field_id":"","checkbox_cascade_no_match":"","breakpoint_size_50":"","breakpoint_sizes":"","wsf-data-grid-auto-group":"0","orientation_breakpoint_sizes":"","data_source_id":""}},{"label":"Horizontal (Circles)","type":"checkbox","date_updated":"2021-01-22 18:36:33","sort_index":"2","id":"10009","meta":{"label_render":"on","hidden":"","select_all":"","select_all_label":"","help":"","orientation":"horizontal","aria_label":"","exclude_email":"","wc_exclude_cart":"","hidden_bypass":"","label_position":"default","label_column_width":"default","class_single_vertical_align":"","class_field_wrapper":"","class_field":"wsf-image wsf-circle","checkbox_min":"","checkbox_max":"","field_user_status":"","field_user_roles":[],"field_user_capabilities":[],"dedupe_value_scope":"","invalid_feedback_render":"on","invalid_feedback":"","data_grid_checkbox":{"rows_per_page":10,"group_index":0,"default":[],"columns":[{"id":0,"label":"Label"},{"id":1,"label":"Value"}],"groups":[{"label":"Checkboxes","page":0,"disabled":"","mask_group":"","label_render":"on","rows":[{"id":1,"default":"","disabled":"","required":"","hidden":"","data":["<img height=\"75\" width=\"75\" alt=\"#data_grid_row_value\" src=\"https:\/\/cdn.wsform.com\/wp-content\/uploads\/2021\/01\/bear.jpeg\"><div class=\"wsf-image-caption wsf-text-center\">#data_grid_row_value <\/div>","Bear"]},{"id":2,"default":"","disabled":"","required":"","hidden":"","data":["<img height=\"75\" width=\"75\" alt=\"#data_grid_row_value\" src=\"https:\/\/cdn.wsform.com\/wp-content\/uploads\/2021\/01\/phoenix.jpeg\"><div class=\"wsf-image-caption wsf-text-center\">#data_grid_row_value <\/div>","Phoenix"]},{"id":4,"default":"","disabled":"","required":"","hidden":"","data":["<img height=\"75\" width=\"75\" alt=\"#data_grid_row_value\" src=\"https:\/\/cdn.wsform.com\/wp-content\/uploads\/2021\/01\/rocket.jpeg\"><div class=\"wsf-image-caption wsf-text-center\">#data_grid_row_value <\/div>","Rocket"]},{"id":3,"default":"","disabled":"","required":"","hidden":"","data":["<img height=\"75\" width=\"75\" alt=\"#data_grid_row_value\" src=\"https:\/\/cdn.wsform.com\/wp-content\/uploads\/2021\/01\/samurai.jpeg\"><div class=\"wsf-image-caption wsf-text-center\">#data_grid_row_value <\/div>","Samurai"]}]}]},"data_grid_rows_randomize":"","checkbox_field_label":"0","checkbox_field_value":"1","checkbox_field_parse_variable":"1","checkbox_field_wc":"0","checkbox_cascade":"","checkbox_cascade_field_filter":"0","checkbox_cascade_field_id":"","checkbox_cascade_no_match":"","breakpoint_size_50":"","breakpoint_sizes":"","wsf-data-grid-auto-group":"0","orientation_breakpoint_sizes":"","data_source_id":""}}]},{"label":"Section","child_count":"0","sort_index":"3","id":"1805","meta":{"label_render":"","hidden_section":"","section_repeatable":"","section_repeat_label":"","section_repeat_default":"","class_single_vertical_align":"","class_section_wrapper":"","disabled_section":"","section_repeat_min":"","section_repeat_max":"","section_repeatable_delimiter_section":",","section_repeatable_delimiter_row":";","breakpoint_size_25":"","breakpoint_size_50":"","breakpoint_size_75":"","breakpoint_size_100":"","breakpoint_size_150":""},"fields":[{"label":"Grid","type":"checkbox","date_updated":"2021-01-22 18:36:41","sort_index":"1","id":"10010","meta":{"label_render":"on","hidden":"","select_all":"","select_all_label":"","help":"","orientation":"grid","aria_label":"","exclude_email":"","wc_exclude_cart":"","hidden_bypass":"","label_position":"default","label_column_width":"default","class_single_vertical_align":"","class_field_wrapper":"","class_field":"wsf-image wsf-responsive wsf-image-full","checkbox_min":"","checkbox_max":"","field_user_status":"","field_user_roles":[],"field_user_capabilities":[],"dedupe_value_scope":"","invalid_feedback_render":"on","invalid_feedback":"","data_grid_checkbox":{"rows_per_page":10,"group_index":0,"default":[],"columns":[{"id":0,"label":"Label"},{"id":1,"label":"Value"}],"groups":[{"label":"Checkboxes","page":0,"disabled":"","mask_group":"","label_render":"on","rows":[{"id":1,"default":"","disabled":"","required":"","hidden":"","data":["<img alt=\"#data_grid_row_value\" src=\"https:\/\/cdn.wsform.com\/wp-content\/uploads\/2021\/01\/bear.jpeg\"><div class=\"wsf-image-caption wsf-text-center\">#data_grid_row_value <\/div>","Bear"]},{"id":2,"default":"","disabled":"","required":"","hidden":"","data":["<img alt=\"#data_grid_row_value\" src=\"https:\/\/cdn.wsform.com\/wp-content\/uploads\/2021\/01\/phoenix.jpeg\"><div class=\"wsf-image-caption wsf-text-center\">#data_grid_row_value <\/div>","Phoenix"]},{"id":4,"default":"","disabled":"","required":"","hidden":"","data":["<img alt=\"#data_grid_row_value\" src=\"https:\/\/cdn.wsform.com\/wp-content\/uploads\/2021\/01\/rocket.jpeg\"><div class=\"wsf-image-caption wsf-text-center\">#data_grid_row_value <\/div>","Rocket"]},{"id":3,"default":"","disabled":"","required":"","hidden":"","data":["<img alt=\"#data_grid_row_value\" src=\"https:\/\/cdn.wsform.com\/wp-content\/uploads\/2021\/01\/samurai.jpeg\"><div class=\"wsf-image-caption wsf-text-center\">#data_grid_row_value <\/div>","Samurai"]}]}]},"data_grid_rows_randomize":"","checkbox_field_label":"0","checkbox_field_value":"1","checkbox_field_parse_variable":"1","checkbox_field_wc":"0","checkbox_cascade":"","checkbox_cascade_field_filter":"0","checkbox_cascade_field_id":"","checkbox_cascade_no_match":"","breakpoint_size_50":"","breakpoint_sizes":"","wsf-data-grid-auto-group":"0","orientation_breakpoint_sizes":"","data_source_id":"","orientation_breakpoint_size_25":"6","orientation_breakpoint_size_50":"3","orientation_breakpoint_size_75":""}}]}],"meta":{"label_render":"","class_group_wrapper":""}}],"meta":{"label_render":"","submit_on_enter":"","submit_lock":"on","submit_unlock":"","submit_reload":"on","form_action":"","cookie_tab_index":"on","tab_validation":"","submit_show_errors":"on","invalid_field_focus":"on","error_type":"danger","error_method":"after","error_clear":"on","error_scroll_top":"","error_scroll_top_offset":"0","error_scroll_top_duration":"400","error_form_hide":"","error_duration":"","error_message_hide":"on","error_form_show":"","label_position_form":"top","label_column_width_form":"3","label_required":"on","label_mask_required":"","class_form_wrapper":"wsf-demo","class_group_wrapper":"","class_section_wrapper":"","class_field_wrapper":"","class_field":"","label_mask_form":"","label_mask_group":"","label_mask_section":"","action_humanpresence_intro":"","action_humanpresence_not_enabled":"","action_akismetv1_intro":"","action_akismetv1_not_enabled":"","honeypot":"","spam_threshold":"50","submit_limit":"","submit_limit_count":"","submit_limit_period":"","submit_limit_message":"","submit_limit_message_type":"information","schedule_start":"","schedule_start_datetime":"","schedule_start_message":"","schedule_start_message_type":"information","schedule_end":"","schedule_end_datetime":"","schedule_end_message":"","schedule_end_message_type":"information","user_limit_logged_in":"","form_user_roles":"","form_user_capabilities":"","user_limit_logged_in_message_type":"danger","user_limit_logged_in_message":"","analytics_google":"","analytics_google_event_tab":"on","analytics_google_event_field":"on","tracking_remote_ip":"","tracking_agent":"","tracking_referrer":"","tracking_os":"","tracking_host":"","tracking_pathname":"","tracking_query_string":"","tracking_geo_location":"","tracking_ip_lookup_latlon":"","tracking_ip_lookup_city":"","tracking_ip_lookup_region":"","tracking_ip_lookup_country":"","tracking_ip_lookup_time_zone":"","tracking_duration":"","tracking_utm_source":"","tracking_utm_medium":"","tracking_utm_campaign":"","tracking_utm_term":"","tracking_utm_content":"","form_populate_enabled":"","form_populate_action_id":"","form_populate_list_id":"","action_post_form_populate_post_id":"#query_var(\"post_id\")","action_post_form_populate_author_restrict":"","action_user_form_populate_field_mapping":[],"form_populate_field_mapping":[],"action_post_form_populate_field_mapping_acf":"","action_post_form_populate_meta_mapping":"","action_user_form_populate_field_mapping_acf":"","action_user_form_populate_meta_mapping":[],"form_populate_tag_mapping":[],"wc_form_assign_intro":"","wc_form_assign":"","wc_form_assign_product_cat_include_mapping":"","wc_form_assign_product_tag_include_mapping":"","wc_form_assign_product_include_mapping":"","wc_form_assign_product_cat_exclude_mapping":"","wc_form_assign_product_tag_exclude_mapping":"","wc_form_assign_product_exclude_mapping":"","wc_catalog_add_to_cart_text":"Select options","wc_price_disable":"","wc_price_prefix":"","wc_price_suffix":"","wc_product_price_variation_hide":"","wc_product_add_to_cart_hide":"","wc_product_quantity_hide":"","wc_product_form_validate":"","wc_product_clear_hidden_meta_values":"on","wc_cart_edit":"","wc_cart_price_plugin_allow_negative":"","wc_actions_fire":"on","breakpoint":"25","tab_index":"0","action":{"rows_per_page":10,"group_index":0,"default":[],"columns":[{"id":0,"label":"Action"},{"id":1,"label":"Data"}],"groups":[{"label":"Actions","page":0,"disabled":"","mask_group":"","rows":[{"id":1,"default":"","required":"","disabled":"","hidden":"","data":["Save Submission","{\"id\":\"database\",\"meta\":{\"action_database_field_filter\":\"\",\"action_database_field_filter_mapping\":\"\",\"action_database_expire\":\"\",\"action_database_expire_duration\":\"90\"},\"events\":[\"save\",\"submit\"]}"]},{"id":2,"default":"","required":"","disabled":"","hidden":"","data":["Show Message","{\"id\":\"message\",\"meta\":{\"action_message_message\":\"Thank you for your inquiry\",\"action_message_type\":\"success\",\"action_message_method\":\"before\",\"action_message_form_hide\":\"on\",\"action_message_clear\":\"on\",\"action_message_scroll_top\":\"\",\"action_message_duration\":\"\",\"action_message_message_hide\":\"\",\"action_message_form_show\":\"\"},\"events\":[\"submit\"]}"]},{"id":3,"default":"","required":"","disabled":"","hidden":"","data":["Send Email","{\"id\":\"email\",\"meta\":{\"action_email_content_type\":\"text\\\/html\",\"action_email_from_email\":\"#blog_admin_email\",\"action_email_from_name\":\"#blog_name\",\"action_email_to\":[{\"action_email_email\":\"#blog_admin_email\",\"action_email_name\":\"#blog_name\"}],\"action_email_cc\":\"\",\"action_email_bcc\":\"\",\"action_email_reply_to_email\":\"\",\"action_email_subject\":\"#form_label\",\"action_email_message_editor\":\"text_editor\",\"action_email_message_wrapper\":\"on\",\"action_email_message_textarea\":\"#email_submission\",\"action_email_message_text_editor\":\"<h3>#email_subject<\\\/h3>\\n\\n#email_submission\",\"action_email_message_html_editor\":\"<h3>#email_subject<\\\/h3>\\n\\n#email_submission\",\"action_email_attachments\":\"\",\"action_email_headers\":\"\",\"action_email_charset\":\"#blog_charset\"},\"events\":[\"submit\"]}"]}]}]},"invalid_field_scroll":"","field_select":"","form_history":"","knowledgebase":"","contact_inquiry":"","contact_push_form":"","contact_push_system":"","contact_gdpr":"","contact_submit":"","contact_first_name":"","contact_last_name":"","contact_email":""},"identifier":"ws_form","version":"1.7.148","time":1611340607,"checksum":"8c50eb14053c32aaad5ca9278468465d"}