{"label":"Progress Bar","status":"draft","count_stat_view":"271","count_stat_save":"0","count_stat_submit":"0","count_submit":0,"count_submit_unread":"0","id":"13552","groups":[{"label":"Tab","sort_index":"1","id":"947","sections":[{"label":"Section","child_count":"0","sort_index":"1","id":"1492","meta":{"label_render":"","hidden_section":"","class_section_wrapper":"","disabled_section":""},"fields":[{"label":"Progress","type":"progress","date_updated":"2019-08-21 19:51:49","sort_index":"1","id":"16646","meta":{"label_render":"on","label_position":"default","label_column_width":"default","hidden":"","default_value":"","progress_source":"form_progress","help":"#progress_percent","aria_label":"","class_field_wrapper":"","class_field":"","min":"","max":"","dedupe":"","dedupe_message":"","custom_attributes":""}},{"label":"Required","type":"text","date_updated":"2020-10-02 20:51:00","sort_index":"2","id":"16647","meta":{"label_render":"on","label_position":"default","label_column_width":"default","required":"on","hidden":"","default_value":"","placeholder":"","help":"","aria_label":"","class_field_wrapper":"","class_field":"","disabled":"","readonly":"","min_length":"","max_length":"","min_length_words":"","max_length_words":"","input_mask":"","pattern":"","dedupe":"","dedupe_message":"","invalid_feedback_render":"on","invalid_feedback":"","custom_attributes":[],"data_grid_datalist":{"rows_per_page":10,"group_index":0,"default":[],"columns":[{"id":0,"label":"Value"},{"id":1,"label":"Label"}],"groups":[{"label":"Values","page":0,"disabled":"","mask_group":"","rows":[]}]},"datalist_field_text":"1","datalist_field_value":"0","breakpoint_size_75":"","breakpoint_sizes":"","wsf-data-grid-auto-group":"0","breakpoint_size_50":"4","breakpoint_size_25":""}},{"label":"Required + Default Value","type":"text","date_updated":"2020-10-02 20:51:01","sort_index":"3","id":"17234","meta":{"label_render":"on","label_position":"default","label_column_width":"default","required":"on","hidden":"","default_value":"Some text","placeholder":"","help":"","aria_label":"","class_field_wrapper":"","class_field":"","disabled":"","readonly":"","min_length":"","max_length":"","min_length_words":"","max_length_words":"","input_mask":"","pattern":"","dedupe":"","dedupe_message":"","invalid_feedback_render":"on","invalid_feedback":"","custom_attributes":[],"data_grid_datalist":{"rows_per_page":10,"group_index":0,"default":[],"columns":[{"id":0,"label":"Value"},{"id":1,"label":"Label"}],"groups":[{"label":"Values","page":0,"disabled":"","mask_group":"","rows":[]}]},"datalist_field_text":"1","datalist_field_value":"0","breakpoint_size_75":"","breakpoint_sizes":"","wsf-data-grid-auto-group":"0","breakpoint_size_50":"4","breakpoint_size_25":"","autocomplete_off":"","exclude_email":"","class_single_vertical_align":"","data_source_id":""}},{"label":"Optional","type":"text","date_updated":"2020-08-05 21:05:14","sort_index":"4","id":"16648","meta":{"label_render":"on","label_position":"default","label_column_width":"default","required":"","hidden":"","default_value":"","placeholder":"","help":"","aria_label":"","class_field_wrapper":"","class_field":"","disabled":"","readonly":"","min_length":"","max_length":"","min_length_words":"","max_length_words":"","input_mask":"","pattern":"","dedupe":"","dedupe_message":"","invalid_feedback_render":"on","invalid_feedback":"","custom_attributes":"","data_grid_datalist":{"rows_per_page":10,"group_index":0,"default":[],"columns":[{"id":0,"label":"Value"},{"id":1,"label":"Label"}],"groups":[{"label":"Values","page":0,"disabled":"","mask_group":"","rows":[]}]},"datalist_field_text":"1","datalist_field_value":"0","breakpoint_size_75":"","breakpoint_size_50":"4"}},{"label":"2 Words Minimum","type":"textarea","date_updated":"2020-10-02 20:51:19","sort_index":"5","id":"16649","meta":{"label_render":"on","label_position":"default","label_column_width":"default","input_type_textarea":"","input_type_textarea_toolbar":"full","required":"on","hidden":"","default_value":"","placeholder":"","help":"#word_count #word_count_label (Minimum: #word_min #word_min_label)","aria_label":"","class_field_wrapper":"","class_field":"","disabled":"","readonly":"","min_length":"","max_length":"","min_length_words":"2","max_length_words":"","input_mask":"","pattern":"","cols":"","rows":"","dedupe":"","dedupe_message":"","invalid_feedback_render":"on","invalid_feedback":"","custom_attributes":[],"breakpoint_size_75":"","breakpoint_sizes":"","breakpoint_size_50":"3"}},{"label":"Select","type":"select","date_updated":"2020-10-02 20:51:12","sort_index":"6","id":"17191","meta":{"label_render":"on","label_position":"default","label_column_width":"default","required":"","hidden":"","multiple":"on","size":"","placeholder_row":"","help":"Min: 1, Max: 2","aria_label":"","exclude_email":"","class_single_vertical_align":"","class_field_wrapper":"","class_field":"","disabled":"","select_min":"1","select_max":"2","invalid_feedback_render":"on","invalid_feedback":"","custom_attributes":[],"data_grid_select":{"rows_per_page":10,"group_index":0,"default":[],"columns":[{"id":0,"label":"Label"}],"groups":[{"label":"Options","page":0,"disabled":"","mask_group":"","rows":[{"id":1,"default":"","required":"","disabled":"","hidden":"","data":["Option 1"]},{"id":2,"default":"","required":"","disabled":"","hidden":"","data":["Option 2"]},{"id":3,"default":"","disabled":"","required":"","hidden":"","data":["Option 3"]}]}]},"data_grid_rows_randomize":"","select_field_label":"0","select_field_value":"0","select_field_parse_variable":"0","select_cascade":"","select_cascade_field_filter":"0","select_cascade_field_id":"","breakpoint_size_50":"3","breakpoint_sizes":"","data_source_id":"","wsf-data-grid-auto-group":"0"}},{"label":"Checkbox","type":"checkbox","date_updated":"2020-10-02 20:51:13","sort_index":"7","id":"17188","meta":{"label_render":"","label_position":"default","label_column_width":"default","hidden":"","select_all":"","select_all_label":"","help":"","orientation":"","aria_label":"","exclude_email":"","class_single_vertical_align":"","class_field_wrapper":"","class_field":"","checkbox_min":"","checkbox_max":"","invalid_feedback_render":"on","invalid_feedback":"","data_grid_checkbox":{"rows_per_page":10,"group_index":0,"default":[],"columns":[{"id":0,"label":"Label"}],"groups":[{"label":"Checkboxes","page":0,"disabled":"","mask_group":"","label_render":"on","rows":[{"id":1,"default":"","required":"","disabled":"","hidden":"","data":["Optional"]},{"id":2,"default":"","required":"on","disabled":"","hidden":"","data":["Required"]},{"id":3,"default":"","required":"","disabled":"","hidden":"","data":["Optional"]}]}]},"data_grid_rows_randomize":"","checkbox_field_label":"0","checkbox_field_value":"0","checkbox_field_parse_variable":"0","breakpoint_size_75":"","orientation_breakpoint_sizes":"","breakpoint_sizes":"","data_source_id":"","wsf-data-grid-auto-group":"0","breakpoint_size_50":"3","breakpoint_size_25":"6"}},{"label":"Checkbox","type":"checkbox","date_updated":"2020-10-02 20:51:16","sort_index":"8","id":"17190","meta":{"label_render":"","label_position":"default","label_column_width":"default","hidden":"","select_all":"","select_all_label":"","help":"Min: 1, Max: 2","orientation":"","aria_label":"","exclude_email":"","class_single_vertical_align":"","class_field_wrapper":"","class_field":"","checkbox_min":"1","checkbox_max":"2","invalid_feedback_render":"on","invalid_feedback":"","data_grid_checkbox":{"rows_per_page":10,"group_index":0,"default":[],"columns":[{"id":0,"label":"Label"}],"groups":[{"label":"Checkboxes","page":0,"disabled":"","mask_group":"","label_render":"on","rows":[{"id":1,"default":"","required":"","disabled":"","hidden":"","data":["Checkbox 1"]},{"id":2,"default":"","required":"","disabled":"","hidden":"","data":["Checkbox 2"]},{"id":3,"default":"","required":"","disabled":"","hidden":"","data":["Checkbox 3"]}]}]},"data_grid_rows_randomize":"","checkbox_field_label":"0","checkbox_field_value":"0","checkbox_field_parse_variable":"0","breakpoint_size_75":"","orientation_breakpoint_sizes":"","breakpoint_sizes":"","data_source_id":"","wsf-data-grid-auto-group":"0","breakpoint_size_50":"3","breakpoint_size_25":"6"}},{"label":"More Fields...","type":"radio","date_updated":"2020-10-02 20:50:00","sort_index":"9","id":"17231","meta":{"label_render":"on","required":"","hidden":"","help":"When you show or hide fields, the progress bar is recalculated.","orientation":"horizontal","aria_label":"","exclude_email":"","label_position":"default","label_column_width":"default","class_single_vertical_align":"","class_field_wrapper":"","class_field":"","dedupe_value_scope":"","invalid_feedback_render":"on","invalid_feedback":"","data_grid_radio":{"rows_per_page":10,"group_index":0,"default":[],"columns":[{"id":0,"label":"Label"}],"groups":[{"label":"Radios","page":0,"disabled":"","mask_group":"","label_render":"on","rows":[{"id":2,"default":"on","required":"","disabled":"","hidden":"","data":["Hide"]},{"id":1,"default":"","required":"","disabled":"","hidden":"","data":["Show"]}]}]},"data_grid_rows_randomize":"","radio_field_label":"0","radio_field_value":"0","radio_field_parse_variable":"0","radio_cascade":"","radio_cascade_field_filter":"0","radio_cascade_field_id":"","radio_cascade_no_match":"","orientation_breakpoint_sizes":"","breakpoint_sizes":"","data_source_id":"","wsf-data-grid-auto-group":"0"}}]},{"label":"Section","child_count":"0","sort_index":"2","id":"1663","meta":{"label_render":"","hidden_section":"","section_repeatable":"","section_repeat_label":"","section_repeat_default":"","class_single_vertical_align":"","class_section_wrapper":"","disabled_section":"","section_repeat_min":"","section_repeat_max":"","section_repeatable_delimiter_section":",","section_repeatable_delimiter_row":";","breakpoint_size_25":"","breakpoint_size_50":"","breakpoint_size_75":"","breakpoint_size_100":"","breakpoint_size_150":""},"fields":[{"label":"Another Required Field","type":"text","date_updated":"2020-10-02 20:48:31","sort_index":"1","id":"17232","meta":{"label_render":"on","required":"on","hidden":"","autocomplete_off":"","default_value":"","placeholder":"","help":"","aria_label":"","exclude_email":"","label_position":"default","label_column_width":"default","class_single_vertical_align":"","class_field_wrapper":"","class_field":"","disabled":"","readonly":"","min_length":"","max_length":"","min_length_words":"","max_length_words":"","input_mask":"","pattern":"","dedupe":"","dedupe_message":"","invalid_feedback_render":"on","invalid_feedback":"","custom_attributes":[],"data_grid_datalist":{"rows_per_page":10,"group_index":0,"default":[],"columns":[{"id":0,"label":"Value"},{"id":1,"label":"Label"}],"groups":[{"label":"Values","page":0,"disabled":"","mask_group":"","rows":[]}]},"datalist_field_text":"1","datalist_field_value":"0","breakpoint_size_25":"6","breakpoint_sizes":"","data_source_id":"","wsf-data-grid-auto-group":"0"}},{"label":"Another Required Field","type":"text","date_updated":"2020-10-02 20:48:35","sort_index":"2","id":"17233","meta":{"label_render":"on","required":"on","hidden":"","autocomplete_off":"","default_value":"","placeholder":"","help":"","aria_label":"","exclude_email":"","label_position":"default","label_column_width":"default","class_single_vertical_align":"","class_field_wrapper":"","class_field":"","disabled":"","readonly":"","min_length":"","max_length":"","min_length_words":"","max_length_words":"","input_mask":"","pattern":"","dedupe":"","dedupe_message":"","invalid_feedback_render":"on","invalid_feedback":"","custom_attributes":[],"data_grid_datalist":{"rows_per_page":10,"group_index":0,"default":[],"columns":[{"id":0,"label":"Value"},{"id":1,"label":"Label"}],"groups":[{"label":"Values","page":0,"disabled":"","mask_group":"","rows":[]}]},"datalist_field_text":"1","datalist_field_value":"0","breakpoint_size_25":"6","breakpoint_sizes":"","data_source_id":"","wsf-data-grid-auto-group":"0"}}]}],"meta":{"label_render":"","class_group_wrapper":""}}],"meta":{"label_render":"","honeypot":"","spam_threshold":"50","submit_lock":"on","analytics_google":"","analytics_google_event_tab":"on","analytics_google_event_field":"on","tracking_remote_ip":"","tracking_agent":"","tracking_referrer":"","tracking_os":"","tracking_host":"","tracking_geo_location":"","tracking_ip_lookup_latlon":"","tracking_ip_lookup_city":"","tracking_ip_lookup_region":"","tracking_ip_lookup_country":"","tracking_utm_source":"","tracking_utm_medium":"","tracking_utm_campaign":"","tracking_utm_term":"","tracking_utm_content":"","label_mask_form":"","class_form_wrapper":"","submit_on_enter":"","submit_reload":"on","submit_show_errors":"on","form_action":"","cookie_tab_index":"on","label_mask_group":"","class_group_wrapper":"","label_mask_section":"","class_section_wrapper":"","invalid_field_focus":"on","class_field_wrapper":"","class_field":"","label_position_form":"top","label_column_width_form":"3","label_required":"on","label_mask_required":"","submit_limit":"","submit_limit_count":"","submit_limit_period":"","submit_limit_message":"","submit_limit_message_type":"information","schedule_start":"","schedule_start_datetime":"","schedule_start_message":"","schedule_start_message_type":"information","schedule_end":"","schedule_end_datetime":"","schedule_end_message":"","schedule_end_message_type":"information","user_limit_logged_in":"","user_limit_logged_in_message":"","user_limit_logged_in_message_type":"danger","form_populate_enabled":"","form_populate_action_id":"","form_populate_list_id":"","form_populate_field_mapping":[],"form_populate_tag_mapping":[],"breakpoint":"25","tab_index":"0","action":{"rows_per_page":10,"group_index":0,"default":[],"columns":[{"id":0,"label":"Action"},{"id":1,"label":"Data"}],"groups":[{"label":"Actions","page":0,"disabled":"","mask_group":"","rows":[]}]},"invalid_field_scroll":"","conditional":{"rows_per_page":10,"group_index":0,"default":[],"columns":[{"id":0,"label":"Condition"},{"id":1,"label":"Data"}],"groups":[{"label":"Conditions","page":0,"disabled":"","mask_group":"","rows":[{"id":1,"default":"","disabled":"","required":"","hidden":"","data":["New condition","{\"if\":[{\"conditions\":[{\"id\":1,\"object\":\"field\",\"object_id\":\"17231\",\"object_row_id\":\"1\",\"logic\":\"checked\",\"value\":\"\",\"case_sensitive\":true,\"logic_previous\":\"||\"}],\"logic_previous\":\"||\"}],\"then\":[{\"id\":1,\"object\":\"section\",\"object_id\":\"1663\",\"object_row_id\":\"\",\"action\":\"visibility\",\"value\":\"\"}],\"else\":[{\"id\":1,\"object\":\"section\",\"object_id\":\"1663\",\"object_row_id\":\"\",\"action\":\"visibility\",\"value\":\"off\"}]}"]}]}]},"field_select":"","form_history":"","knowledgebase":"","contact_inquiry":"","contact_push_form":"","contact_push_system":"","contact_gdpr":"","contact_submit":"","submit_unlock":"","tab_validation":"","action_user_form_populate_field_mapping":[],"action_user_form_populate_meta_mapping":[],"contact_first_name":"","contact_last_name":"","contact_email":""},"identifier":"ws_form","version":"1.7.80","time":1603227245,"checksum":"06249140e391dbacd73541851053544a"}