{"label":"Average Rating","status":"draft","count_stat_view":"0","count_stat_save":"0","count_stat_submit":"0","count_submit":0,"count_submit_unread":"0","id":"2689","groups":[{"label":"Tab","sort_index":"2","id":"4712","sections":[{"label":"Section","child_count":"0","sort_index":"1","id":"8318","meta":{"label_render":"","hidden_section":"","section_repeatable":"","section_repeat_label":"","section_repeat_default":"","class_single_vertical_align":"","class_section_wrapper":"","disabled_section":"","section_repeat_min":"","section_repeat_max":"","section_repeatable_delimiter_section":",","section_repeatable_delimiter_row":";","breakpoint_size_25":"","breakpoint_size_50":"","breakpoint_size_75":"12","breakpoint_size_100":"","breakpoint_size_150":""},"fields":[{"label":"Add Rating","type":"section_add","date_updated":"2020-10-19 22:12:58","sort_index":"1","id":"39218","meta":{"hidden":"","section_repeatable_section_id":"8319","help":"","aria_label":"","class_single_vertical_align":"bottom","class_field_button_type":"","class_field_full_button_remove":"","class_field_wrapper":"","class_field":"","disabled":"","custom_attributes":[],"breakpoint_sizes":"","breakpoint_size_75":"","breakpoint_size_25":"6"}},{"label":"Remove Rating","type":"section_delete","date_updated":"2020-10-19 22:12:59","sort_index":"2","id":"39219","meta":{"hidden":"","section_repeatable_section_id":"8319","help":"","aria_label":"","class_single_vertical_align":"bottom","class_field_button_type":"danger","class_field_full_button_remove":"","class_field_wrapper":"","class_field":"","disabled":"","custom_attributes":[],"breakpoint_sizes":"","breakpoint_size_75":"","breakpoint_size_25":"6"}}]},{"label":"Ratings","child_count":"0","sort_index":"2","id":"8319","meta":{"label_render":"on","hidden_section":"","section_repeatable":"on","section_repeat_label":"","section_repeat_default":"3","class_single_vertical_align":"","class_section_wrapper":"","disabled_section":"","section_repeat_min":"","section_repeat_max":"","section_repeatable_delimiter_section":",","section_repeatable_delimiter_row":";","breakpoint_size_75":"","breakpoint_sizes":""},"fields":[{"label":"Rating","type":"rating","date_updated":"2020-10-19 22:12:33","sort_index":"1","id":"39220","meta":{"label_render":"on","required":"","hidden":"","default_value":"3","help":"","aria_label":"","exclude_email":"","wc_exclude_cart":"","hidden_bypass":"","label_position":"default","label_column_width":"default","class_single_vertical_align":"","horizontal_align":"flex-start","rating_icon":"star","rating_icon_html":"<span>*<\/span>","rating_size":"32","rating_color_off":"#ceced2","rating_color_on":"#fdb81e","class_field_wrapper":"","class_field":"","readonly":"","rating_max":"5","dedupe":"","dedupe_message":"","invalid_feedback_render":"on","invalid_feedback":"","custom_attributes":[],"breakpoint_size_75":"","breakpoint_sizes":""}}]},{"label":"Average Rating","child_count":"0","sort_index":"3","id":"8320","meta":{"label_render":"on","hidden_section":"","section_repeatable":"","section_repeat_label":"","section_repeat_default":"","class_single_vertical_align":"","class_section_wrapper":"","disabled_section":"","section_repeat_min":"","section_repeat_max":"","section_repeatable_delimiter_section":",","section_repeatable_delimiter_row":";","breakpoint_size_25":"","breakpoint_size_50":"","breakpoint_size_75":"","breakpoint_size_100":"","breakpoint_size_125":"","breakpoint_sizes":""},"fields":[{"label":"Average Rating","type":"rating","date_updated":"2020-10-19 22:13:21","sort_index":"1","id":"39221","meta":{"label_render":"","required":"","hidden":"","default_value":"#calc(#field(39220) \/ #section_row_count(8319))","help":"","aria_label":"","exclude_email":"","wc_exclude_cart":"","hidden_bypass":"","label_position":"default","label_column_width":"default","class_single_vertical_align":"","horizontal_align":"flex-start","rating_icon":"star","rating_icon_html":"<span>*<\/span>","rating_size":"32","rating_color_off":"#ceced2","rating_color_on":"#fdb81e","class_field_wrapper":"","class_field":"","readonly":"on","rating_max":"5","dedupe":"","dedupe_message":"","invalid_feedback_render":"on","invalid_feedback":"","custom_attributes":[],"breakpoint_sizes":""}}]}],"meta":{"label_render":"","class_group_wrapper":""}}],"meta":{"label_render":"","submit_on_enter":"","invalid_field_focus":"on","submit_lock":"on","submit_unlock":"on","submit_reload":"on","submit_show_errors":"on","form_action":"","cookie_tab_index":"on","tab_validation":"","label_position_form":"top","label_column_width_form":"3","label_required":"on","label_mask_required":"","class_form_wrapper":"","class_group_wrapper":"","class_section_wrapper":"","class_field_wrapper":"","class_field":"","label_mask_form":"","label_mask_group":"","label_mask_section":"","action_humanpresence_intro":"","action_humanpresence_not_enabled":"","action_akismetv1_intro":"","action_akismetv1_not_enabled":"","honeypot":"","spam_threshold":"50","submit_limit":"","submit_limit_count":"","submit_limit_period":"","submit_limit_message":"","submit_limit_message_type":"information","schedule_start":"","schedule_start_datetime":"","schedule_start_message":"","schedule_start_message_type":"information","schedule_end":"","schedule_end_datetime":"","schedule_end_message":"","schedule_end_message_type":"information","user_limit_logged_in":"","user_limit_logged_in_message_type":"danger","user_limit_logged_in_message":"","analytics_google":"","analytics_google_event_tab":"on","analytics_google_event_field":"on","tracking_remote_ip":"","tracking_agent":"","tracking_referrer":"","tracking_os":"","tracking_host":"","tracking_pathname":"","tracking_query_string":"","tracking_geo_location":"","tracking_ip_lookup_latlon":"","tracking_ip_lookup_city":"","tracking_ip_lookup_region":"","tracking_ip_lookup_country":"","tracking_utm_source":"","tracking_utm_medium":"","tracking_utm_campaign":"","tracking_utm_term":"","tracking_utm_content":"","form_populate_enabled":"","form_populate_action_id":"","form_populate_list_id":"","action_post_form_populate_post_id":"","action_user_form_populate_field_mapping":[],"form_populate_field_mapping":[],"action_post_form_populate_field_mapping_acf":"","action_post_form_populate_meta_mapping":"","action_user_form_populate_field_mapping_acf":[],"action_user_form_populate_meta_mapping":[],"form_populate_tag_mapping":[],"wc_form_assign_intro":"","wc_form_assign":"","wc_form_assign_product_cat_include_mapping":"","wc_form_assign_product_tag_include_mapping":"","wc_form_assign_product_include_mapping":"","wc_form_assign_product_cat_exclude_mapping":"","wc_form_assign_product_tag_exclude_mapping":"","wc_form_assign_product_exclude_mapping":"","wc_catalog_add_to_cart_text":"Select options","wc_price_disable":"","wc_price_prefix":"","wc_price_suffix":"","wc_product_price_variation_hide":"","wc_product_add_to_cart_hide":"","wc_product_quantity_hide":"","wc_product_form_validate":"","wc_product_clear_hidden_meta_values":"on","wc_cart_edit":"","wc_cart_price_plugin_allow_negative":"","wc_actions_fire":"on","breakpoint":"25","tab_index":"0","action":{"rows_per_page":10,"group_index":0,"default":[],"columns":[{"id":0,"label":"Action"},{"id":1,"label":"Data"}],"groups":[{"label":"Actions","page":0,"disabled":"","mask_group":"","rows":[]}]},"field_select":"","form_history":"","knowledgebase":"","contact_first_name":"","contact_last_name":"","contact_email":"","contact_inquiry":"","contact_push_form":"","contact_push_system":"","contact_gdpr":"","contact_submit":""},"identifier":"ws_form","version":"1.7.80","time":1603145870,"checksum":"c8b2141d21039130135e632999c7a42c"}