{"label":"Responsive Checkbox Grid","status":"draft","count_stat_view":"0","count_stat_save":"0","count_stat_submit":"0","count_submit":0,"count_submit_unread":"0","id":"1241","groups":[{"label":"Tab","sort_index":"1","id":"2022","sections":[{"label":"Section","child_count":"0","sort_index":"1","id":"3191","meta":{"label_render":"","hidden_section":"","section_repeatable":"","section_repeat_label":"","section_repeat_default":"1","class_section_wrapper":"","disabled_section":"","section_repeat_min":"","section_repeat_max":"","section_repeatable_delimiter_section":",","section_repeatable_delimiter_row":";","breakpoint_size_25":"","breakpoint_offset_25":"","breakpoint_size_50":"","breakpoint_offset_50":"","breakpoint_size_75":"","breakpoint_offset_75":"","breakpoint_size_100":"","breakpoint_offset_100":"","breakpoint_size_125":"","breakpoint_offset_125":""},"fields":[{"label":"Text Editor","type":"texteditor","date_updated":"2020-04-17 03:43:04","sort_index":"1","id":"15317","meta":{"hidden":"","text_editor":"<p>Preview this form on different device screen sizes, or drag your browser window to make it narrow and wide to see fully responsive checkbox fields.<\/p>\n<p>This is achieved by changing 'Orientation' to 'Grid' in the basic settings tab. Then select widths for each breakpoint.<\/p>\n","exclude_email":"on","wc_exclude_cart":"on","class_single_vertical_align":"","class_field_wrapper":"","html_editor":"","breakpoint_sizes":""}},{"label":"Divider","type":"divider","date_updated":"2020-04-17 03:40:47","sort_index":"2","id":"15318","meta":{"hidden":"","class_single_vertical_align":"","class_field_wrapper":"","class_field":""}}]},{"label":"Simple Checkboxes","child_count":"0","sort_index":"2","id":"3198","meta":{"label_render":"on","hidden_section":"","section_repeatable":"","section_repeat_label":"","section_repeat_default":"1","class_section_wrapper":"","disabled_section":"","section_repeat_min":"","section_repeat_max":"","section_repeatable_delimiter_section":",","section_repeatable_delimiter_row":";","breakpoint_size_25":"","breakpoint_size_50":"","breakpoint_size_75":"","breakpoint_size_100":"","breakpoint_size_125":"","breakpoint_sizes":""},"fields":[{"label":"Simple Checkboxes","type":"checkbox","date_updated":"2020-04-17 04:39:52","sort_index":"1","id":"15308","meta":{"label_render":"","label_position":"default","label_column_width":"default","hidden":"","select_all":"","select_all_label":"","orientation":"grid","help":"","aria_label":"","exclude_email":"","wc_exclude_cart":"","class_single_vertical_align":"","class_field_wrapper":"wrapper-class","class_field":"field-class","invalid_feedback_render":"on","invalid_feedback":"","data_grid_checkbox":{"rows_per_page":10,"group_index":0,"default":[],"columns":[{"id":0,"label":"Label"}],"groups":[{"label":"Checkboxes","page":0,"disabled":"","mask_group":"","rows":[{"id":1,"default":"","required":"","disabled":"","hidden":"","data":["Checkbox 1"]},{"id":2,"default":"","required":"","disabled":"","hidden":"","data":["Checkbox 2"]},{"id":3,"default":"","required":"","disabled":"","hidden":"","data":["Checkbox 3"]},{"id":4,"default":"","disabled":"","required":"","hidden":"","data":["Checkbox 4"]},{"id":5,"default":"","disabled":"","required":"","hidden":"","data":["Checkbox 5"]},{"id":6,"default":"","disabled":"","required":"","hidden":"","data":["Checkbox 6"]}]}]},"checkbox_field_label":"0","checkbox_field_value":"0","data_grid_rows_randomize":"","breakpoint_sizes":"","wsf-data-grid-auto-group":"0","breakpoint_size_25":"","breakpoint_size_75":"","breakpoint_size_100":"","breakpoint_size_50":"12","orientation_breakpoint_sizes":"","orientation_breakpoint_size_25":"","breakpoint_offset_25":"","breakpoint_offset_50":"","breakpoint_offset_75":"","breakpoint_offset_100":"","breakpoint_size_125":"","breakpoint_offset_125":"","orientation_breakpoint_size_50":"6","orientation_breakpoint_size_75":"4","orientation_breakpoint_size_100":"3","orientation_breakpoint_size_125":""}},{"label":"Divider","type":"divider","date_updated":"2020-04-17 04:41:11","sort_index":"2","id":"15326","meta":{"hidden":"","class_single_vertical_align":"","class_field_wrapper":"","class_field":""}}]},{"label":"Checkboxes with Fieldsets","child_count":"0","sort_index":"3","id":"3199","meta":{"label_render":"on","hidden_section":"","section_repeatable":"","section_repeat_label":"","section_repeat_default":"1","class_section_wrapper":"","disabled_section":"","section_repeat_min":"","section_repeat_max":"","section_repeatable_delimiter_section":",","section_repeatable_delimiter_row":";","breakpoint_size_25":"","breakpoint_size_50":"","breakpoint_size_75":"","breakpoint_size_100":"","breakpoint_size_125":"","breakpoint_sizes":""},"fields":[{"label":"Checkboxes with Fieldsets","type":"checkbox","date_updated":"2020-04-17 04:42:27","sort_index":"1","id":"15325","meta":{"label_render":"","label_position":"default","label_column_width":"default","hidden":"","select_all":"","select_all_label":"","orientation":"grid","help":"","aria_label":"","exclude_email":"","wc_exclude_cart":"","class_single_vertical_align":"","class_field_wrapper":"wrapper-class","class_field":"field-class","invalid_feedback_render":"on","invalid_feedback":"","data_grid_checkbox":{"rows_per_page":10,"group_index":1,"default":[],"columns":[{"id":0,"label":"Label"}],"groups":[{"label":"Fieldset 1","page":0,"disabled":"","mask_group":"on","rows":[{"id":1,"default":"","required":"","disabled":"","hidden":"","data":["Checkbox 1"]},{"id":2,"default":"","required":"","disabled":"","hidden":"","data":["Checkbox 2"]},{"id":3,"default":"","required":"","disabled":"","hidden":"","data":["Checkbox 3"]},{"id":4,"default":"","disabled":"","required":"","hidden":"","data":["Checkbox 4"]},{"id":5,"default":"","disabled":"","required":"","hidden":"","data":["Checkbox 5"]},{"id":6,"default":"","disabled":"","required":"","hidden":"","data":["Checkbox 6"]}],"label_render":"on"},{"label":"Fieldset 2","page":0,"disabled":"","mask_group":"on","rows":[{"id":7,"default":"","disabled":"","required":"","hidden":"","data":["Checkbox 7"]},{"id":8,"default":"","disabled":"","required":"","hidden":"","data":["Checkbox 8"]},{"id":9,"default":"","disabled":"","required":"","hidden":"","data":["Checkbox 9"]},{"id":10,"default":"","disabled":"","required":"","hidden":"","data":["Checkbox 10"]},{"id":11,"default":"","disabled":"","required":"","hidden":"","data":["Checkbox 11"]},{"id":12,"default":"","disabled":"","required":"","hidden":"","data":["Checkbox 12"]}],"label_render":"on"}]},"checkbox_field_label":"0","checkbox_field_value":"0","data_grid_rows_randomize":"","breakpoint_sizes":"","wsf-data-grid-auto-group":"0","breakpoint_size_25":"","breakpoint_size_75":"","breakpoint_size_100":"","breakpoint_size_50":"12","orientation_breakpoint_sizes":"","orientation_breakpoint_size_25":"","breakpoint_offset_25":"","breakpoint_offset_50":"","breakpoint_offset_75":"","breakpoint_offset_100":"","breakpoint_size_125":"","breakpoint_offset_125":"","orientation_breakpoint_size_50":"6","orientation_breakpoint_size_75":"4","orientation_breakpoint_size_100":"3","orientation_breakpoint_size_125":""}}]}],"meta":{"label_render":"","class_group_wrapper":""}}],"meta":{"label_render":"on","analytics_google":"","analytics_google_event_tab":"on","analytics_google_event_field":"on","tracking_remote_ip":"","tracking_agent":"","tracking_referrer":"","tracking_os":"","tracking_host":"","tracking_geo_location":"","tracking_ip_lookup_latlon":"","tracking_ip_lookup_city":"","tracking_ip_lookup_region":"","tracking_ip_lookup_country":"","tracking_utm_source":"","tracking_utm_medium":"","tracking_utm_campaign":"","tracking_utm_term":"","tracking_utm_content":"","honeypot":"","spam_threshold":"50","label_mask_form":"","class_form_wrapper":"","submit_on_enter":"","submit_lock":"on","submit_unlock":"on","submit_reload":"on","submit_show_errors":"on","form_action":"","cookie_tab_index":"on","tab_validation":"","label_mask_group":"","class_group_wrapper":"","label_mask_section":"","class_section_wrapper":"","invalid_field_focus":"on","class_field_wrapper":"","class_field":"","label_position_form":"top","label_column_width_form":"3","label_required":"on","label_mask_required":"","submit_limit":"","submit_limit_count":"","submit_limit_period":"","submit_limit_message":"","submit_limit_message_type":"information","schedule_start":"","schedule_start_datetime":"","schedule_start_message":"","schedule_start_message_type":"information","schedule_end":"","schedule_end_datetime":"","schedule_end_message":"","schedule_end_message_type":"information","user_limit_logged_in":"","user_limit_logged_in_message":"","user_limit_logged_in_message_type":"danger","form_populate_enabled":"","form_populate_action_id":"","form_populate_list_id":"","action_user_form_populate_field_mapping":[],"form_populate_field_mapping":[],"action_user_form_populate_meta_mapping":[],"form_populate_tag_mapping":[],"breakpoint":"25","tab_index":"0","action":{"rows_per_page":10,"group_index":0,"default":[],"columns":[{"id":0,"label":"Action"},{"id":1,"label":"Data"}],"groups":[{"label":"Actions","page":0,"disabled":"","mask_group":"","rows":[{"id":1,"default":"","required":"","disabled":"","hidden":"","data":["Save to Submissions","{\"id\":\"database\",\"meta\":{\"action_database_field_filter\":\"\",\"action_database_field_filter_mapping\":\"\",\"action_database_expire\":\"\",\"action_database_expire_duration\":\"90\"},\"events\":[\"save\",\"submit\"]}"]},{"id":2,"default":"","required":"","disabled":"","hidden":"","data":["Show Message","{\"id\":\"message\",\"meta\":{\"action_message_message\":\"Thank you for your submission.\",\"action_message_type\":\"success\",\"action_message_method\":\"before\",\"action_message_form_hide\":\"on\",\"action_message_clear\":\"on\",\"action_message_scroll_top\":\"\",\"action_message_duration\":\"\",\"action_message_message_hide\":\"\",\"action_message_form_show\":\"\"},\"events\":[\"submit\"]}"]}]}]},"field_select":"","form_history":"","knowledgebase":"","contact_inquiry":"","contact_push_form":"","contact_push_system":"","contact_gdpr":"","contact_submit":"","wc_form_assign_intro":"","wc_form_assign":"","wc_form_assign_product_cat_include_mapping":[],"wc_form_assign_product_tag_include_mapping":[],"wc_form_assign_product_include_mapping":[],"wc_form_assign_product_cat_exclude_mapping":[],"wc_form_assign_product_tag_exclude_mapping":[],"wc_form_assign_product_exclude_mapping":[],"wc_catalog_add_to_cart_text":"","wc_price_disable":"","wc_price_prefix":"","wc_price_suffix":"","wc_product_price_variation_hide":"","wc_product_add_to_cart_hide":"","wc_product_quantity_hide":"","wc_product_form_validate":"","wc_cart_edit":"","wc_cart_price_plugin_allow_negative":"","wc_actions_fire":""},"identifier":"ws_form","version":"1.5.21","time":1587136840,"checksum":"e280fec4228644f9abf1ad452aa9211e"}