{"label":"Webhook Return Mapping","status":"draft","count_stat_view":"0","count_stat_save":"0","count_stat_submit":"0","count_submit":0,"count_submit_unread":"0","id":"4551","groups":[{"label":"Tab","sort_index":"1","id":"8095","sections":[{"label":"Section","child_count":"0","sort_index":"1","id":"19211","meta":{"label_render":"","hidden_section":"","section_repeatable":"","section_repeat_label":"","section_repeat_default":"","class_single_vertical_align":"","conversational_full_height_section":"","class_section_wrapper":"","disabled_section":"","section_user_status":"","section_user_roles":"","section_user_capabilities":"","validate_inline":"","section_repeat_min":"","section_repeat_max":"","section_repeatable_delimiter_section":",","section_repeatable_delimiter_row":";","breakpoint_size_25":"","breakpoint_offset_25":"","breakpoint_size_50":"9","breakpoint_offset_50":"","breakpoint_size_75":"","breakpoint_offset_75":"","breakpoint_size_100":"","breakpoint_offset_100":"","breakpoint_size_150":"","breakpoint_offset_150":""},"fields":[{"label":"Note","type":"note","date_updated":"2023-01-24 07:47:50","sort_index":"1","id":"99190","meta":{"text_editor":"This demo uses the open source <a href=\"https:\/\/randomuser.me\/\" target=\"_blank\" rel=\"noopener\">random user API<\/a> to obtain data about a fictitious person and loads the return data into the form.\n\nConditional logic us used to run the 'Webhook' action when the 'Get Random Person' custom button is clicked.\n\nCheck the 'Webhook' action to see how the 'Return Mapping' setting is used to map nodes in the return JSON to fields on the form.","html_editor":"","breakpoint_size_25":"","breakpoint_offset_25":"","breakpoint_size_50":"","breakpoint_offset_50":"","breakpoint_size_75":"","breakpoint_offset_75":"","breakpoint_size_100":"","breakpoint_offset_100":"","breakpoint_size_150":"","breakpoint_offset_150":""}},{"label":"Get from Random User API","type":"button","date_updated":"2023-01-24 08:07:14","sort_index":"2","id":"99189","meta":{"hidden":"","help":"","aria_label":"","class_single_vertical_align":"bottom","class_field_button_type":"secondary","class_field_full_button_remove":"","class_field_wrapper":"","class_field":"","disabled":"","field_user_status":"","field_user_roles":[],"field_user_capabilities":[],"custom_attributes":[],"breakpoint_size_25":"","breakpoint_offset_25":"","breakpoint_size_50":"","breakpoint_offset_50":"","breakpoint_size_75":"","breakpoint_offset_75":"","breakpoint_size_100":"","breakpoint_offset_100":"","breakpoint_size_150":"","breakpoint_offset_150":"","breakpoint_sizes":""}},{"label":"First Name","type":"text","date_updated":"2023-01-24 07:49:43","sort_index":"3","id":"99183","meta":{"label_render":"on","required":"","hidden":"","default_value":"","placeholder":"","help":"","autocomplete":"","inputmode":"","prepend":"","append":"","aria_label":"","exclude_email":"","wc_exclude_cart":"","hidden_bypass":"","label_position":"default","label_column_width":"default","class_single_vertical_align":"","class_field_wrapper":"","class_field":"","disabled":"","readonly":"","min_length":"","max_length":"","min_length_words":"","max_length_words":"","input_mask":"","pattern":"","field_user_status":"","field_user_roles":"","field_user_capabilities":"","transform":"","dedupe":"","dedupe_period":"","dedupe_message":"","invalid_feedback_render":"on","validate_inline":"","invalid_feedback":"","custom_attributes":"","data_grid_datalist":{"rows_per_page":10,"group_index":0,"default":[],"columns":[{"id":0,"label":"Value"},{"id":1,"label":"Label"}],"groups":[{"label":"Values","page":0,"disabled":"","mask_group":"","rows":[]}]},"datalist_field_text":"1","datalist_field_value":"0","breakpoint_size_25":"","breakpoint_offset_25":"","breakpoint_size_50":"6","breakpoint_offset_50":"","breakpoint_size_75":"","breakpoint_offset_75":"","breakpoint_size_100":"","breakpoint_offset_100":"","breakpoint_size_150":"","breakpoint_offset_150":""}},{"label":"Last Name","type":"text","date_updated":"2023-01-24 07:49:45","sort_index":"4","id":"99188","meta":{"label_render":"on","required":"","hidden":"","default_value":"","placeholder":"","help":"","autocomplete":"","inputmode":"","prepend":"","append":"","aria_label":"","exclude_email":"","wc_exclude_cart":"","hidden_bypass":"","label_position":"default","label_column_width":"default","class_single_vertical_align":"","class_field_wrapper":"","class_field":"","disabled":"","readonly":"","min_length":"","max_length":"","min_length_words":"","max_length_words":"","input_mask":"","pattern":"","field_user_status":"","field_user_roles":"","field_user_capabilities":"","transform":"","dedupe":"","dedupe_period":"","dedupe_message":"","invalid_feedback_render":"on","validate_inline":"","invalid_feedback":"","custom_attributes":"","data_grid_datalist":{"rows_per_page":10,"group_index":0,"default":[],"columns":[{"id":0,"label":"Value"},{"id":1,"label":"Label"}],"groups":[{"label":"Values","page":0,"disabled":"","mask_group":"","rows":[]}]},"datalist_field_text":"1","datalist_field_value":"0","breakpoint_size_25":"","breakpoint_offset_25":"","breakpoint_size_50":"6","breakpoint_offset_50":"","breakpoint_size_75":"","breakpoint_offset_75":"","breakpoint_size_100":"","breakpoint_offset_100":"","breakpoint_size_150":"","breakpoint_offset_150":""}},{"label":"Address","type":"text","date_updated":"2023-01-24 07:47:51","sort_index":"5","id":"99187","meta":{"label_render":"on","required":"","hidden":"","default_value":"#text(#field(99191) #field(99192))","placeholder":"","help":"","autocomplete":"","inputmode":"","prepend":"","append":"","aria_label":"","exclude_email":"","wc_exclude_cart":"","hidden_bypass":"","label_position":"default","label_column_width":"default","class_single_vertical_align":"","class_field_wrapper":"","class_field":"","disabled":"","readonly":"","min_length":"","max_length":"","min_length_words":"","max_length_words":"","input_mask":"","pattern":"","field_user_status":"","field_user_roles":[],"field_user_capabilities":[],"transform":"","dedupe":"","dedupe_period":"","dedupe_message":"","invalid_feedback_render":"on","validate_inline":"","invalid_feedback":"","custom_attributes":[],"data_grid_datalist":{"rows_per_page":10,"group_index":0,"default":[],"columns":[{"id":0,"label":"Value"},{"id":1,"label":"Label"}],"groups":[{"label":"Values","page":0,"disabled":"","mask_group":"","rows":[]}]},"datalist_field_text":"1","datalist_field_value":"0","breakpoint_sizes":"","data_source_id":"","wsf-data-grid-auto-group":"0","breakpoint_size_25":"","breakpoint_offset_25":"","breakpoint_size_50":"","breakpoint_offset_50":"","breakpoint_size_75":"","breakpoint_offset_75":"","breakpoint_size_100":"","breakpoint_offset_100":"","breakpoint_size_150":"","breakpoint_offset_150":""}},{"label":"City","type":"text","date_updated":"2023-01-24 07:49:48","sort_index":"6","id":"99193","meta":{"label_render":"on","required":"","hidden":"","default_value":"#text(#field(99191) #field(99192))","placeholder":"","help":"","autocomplete":"","inputmode":"","prepend":"","append":"","aria_label":"","exclude_email":"","wc_exclude_cart":"","hidden_bypass":"","label_position":"default","label_column_width":"default","class_single_vertical_align":"","class_field_wrapper":"","class_field":"","disabled":"","readonly":"","min_length":"","max_length":"","min_length_words":"","max_length_words":"","input_mask":"","pattern":"","field_user_status":"","field_user_roles":[],"field_user_capabilities":[],"transform":"","dedupe":"","dedupe_period":"","dedupe_message":"","invalid_feedback_render":"on","validate_inline":"","invalid_feedback":"","custom_attributes":[],"data_grid_datalist":{"rows_per_page":10,"group_index":0,"default":[],"columns":[{"id":0,"label":"Value"},{"id":1,"label":"Label"}],"groups":[{"label":"Values","page":0,"disabled":"","mask_group":"","rows":[]}]},"datalist_field_text":"1","datalist_field_value":"0","breakpoint_sizes":"","data_source_id":"","wsf-data-grid-auto-group":"0","breakpoint_size_25":"","breakpoint_offset_25":"","breakpoint_size_50":"7","breakpoint_offset_50":"","breakpoint_size_75":"","breakpoint_offset_75":"","breakpoint_size_100":"","breakpoint_offset_100":"","breakpoint_size_150":"","breakpoint_offset_150":""}},{"label":"State","type":"text","date_updated":"2023-01-24 07:49:51","sort_index":"7","id":"99194","meta":{"label_render":"on","required":"","hidden":"","default_value":"#text(#field(99191) #field(99192))","placeholder":"","help":"","autocomplete":"","inputmode":"","prepend":"","append":"","aria_label":"","exclude_email":"","wc_exclude_cart":"","hidden_bypass":"","label_position":"default","label_column_width":"default","class_single_vertical_align":"","class_field_wrapper":"","class_field":"","disabled":"","readonly":"","min_length":"","max_length":"","min_length_words":"","max_length_words":"","input_mask":"","pattern":"","field_user_status":"","field_user_roles":[],"field_user_capabilities":[],"transform":"","dedupe":"","dedupe_period":"","dedupe_message":"","invalid_feedback_render":"on","validate_inline":"","invalid_feedback":"","custom_attributes":[],"data_grid_datalist":{"rows_per_page":10,"group_index":0,"default":[],"columns":[{"id":0,"label":"Value"},{"id":1,"label":"Label"}],"groups":[{"label":"Values","page":0,"disabled":"","mask_group":"","rows":[]}]},"datalist_field_text":"1","datalist_field_value":"0","breakpoint_sizes":"","data_source_id":"","wsf-data-grid-auto-group":"0","breakpoint_size_25":"","breakpoint_offset_25":"","breakpoint_size_50":"5","breakpoint_offset_50":"","breakpoint_size_75":"","breakpoint_offset_75":"","breakpoint_size_100":"","breakpoint_offset_100":"","breakpoint_size_150":"","breakpoint_offset_150":""}},{"label":"Country","type":"text","date_updated":"2023-01-24 07:49:55","sort_index":"8","id":"99195","meta":{"label_render":"on","required":"","hidden":"","default_value":"#text(#field(99191) #field(99192))","placeholder":"","help":"","autocomplete":"","inputmode":"","prepend":"","append":"","aria_label":"","exclude_email":"","wc_exclude_cart":"","hidden_bypass":"","label_position":"default","label_column_width":"default","class_single_vertical_align":"","class_field_wrapper":"","class_field":"","disabled":"","readonly":"","min_length":"","max_length":"","min_length_words":"","max_length_words":"","input_mask":"","pattern":"","field_user_status":"","field_user_roles":[],"field_user_capabilities":[],"transform":"","dedupe":"","dedupe_period":"","dedupe_message":"","invalid_feedback_render":"on","validate_inline":"","invalid_feedback":"","custom_attributes":[],"data_grid_datalist":{"rows_per_page":10,"group_index":0,"default":[],"columns":[{"id":0,"label":"Value"},{"id":1,"label":"Label"}],"groups":[{"label":"Values","page":0,"disabled":"","mask_group":"","rows":[]}]},"datalist_field_text":"1","datalist_field_value":"0","breakpoint_sizes":"","data_source_id":"","wsf-data-grid-auto-group":"0","breakpoint_size_25":"","breakpoint_offset_25":"","breakpoint_size_50":"7","breakpoint_offset_50":"","breakpoint_size_75":"","breakpoint_offset_75":"","breakpoint_size_100":"","breakpoint_offset_100":"","breakpoint_size_150":"","breakpoint_offset_150":""}},{"label":"Postal Code","type":"text","date_updated":"2023-01-24 07:49:57","sort_index":"9","id":"99196","meta":{"label_render":"on","required":"","hidden":"","default_value":"#text(#field(99191) #field(99192))","placeholder":"","help":"","autocomplete":"","inputmode":"","prepend":"","append":"","aria_label":"","exclude_email":"","wc_exclude_cart":"","hidden_bypass":"","label_position":"default","label_column_width":"default","class_single_vertical_align":"","class_field_wrapper":"","class_field":"","disabled":"","readonly":"","min_length":"","max_length":"","min_length_words":"","max_length_words":"","input_mask":"","pattern":"","field_user_status":"","field_user_roles":[],"field_user_capabilities":[],"transform":"","dedupe":"","dedupe_period":"","dedupe_message":"","invalid_feedback_render":"on","validate_inline":"","invalid_feedback":"","custom_attributes":[],"data_grid_datalist":{"rows_per_page":10,"group_index":0,"default":[],"columns":[{"id":0,"label":"Value"},{"id":1,"label":"Label"}],"groups":[{"label":"Values","page":0,"disabled":"","mask_group":"","rows":[]}]},"datalist_field_text":"1","datalist_field_value":"0","breakpoint_sizes":"","data_source_id":"","wsf-data-grid-auto-group":"0","breakpoint_size_25":"","breakpoint_offset_25":"","breakpoint_size_50":"5","breakpoint_offset_50":"","breakpoint_size_75":"","breakpoint_offset_75":"","breakpoint_size_100":"","breakpoint_offset_100":"","breakpoint_size_150":"","breakpoint_offset_150":""}},{"label":"Email","type":"email","date_updated":"2023-01-24 08:00:35","sort_index":"10","id":"99200","meta":{"label_render":"on","required":"","hidden":"","default_value":"","multiple_email":"","placeholder":"","help":"","autocomplete":"","prepend":"","append":"","aria_label":"","exclude_email":"","wc_exclude_cart":"","hidden_bypass":"","label_position":"default","label_column_width":"default","class_single_vertical_align":"","class_field_wrapper":"","class_field":"","disabled":"","readonly":"","min_length":"","max_length":"","pattern":"","field_user_status":"","field_user_roles":"","field_user_capabilities":"","transform":"","allow_deny":"","allow_deny_values":"","allow_deny_message":"","dedupe":"","dedupe_period":"","dedupe_message":"","invalid_feedback_render":"on","validate_inline":"","invalid_feedback":"","custom_attributes":"","data_grid_datalist":{"rows_per_page":10,"group_index":0,"default":[],"columns":[{"id":0,"label":"Value"},{"id":1,"label":"Label"}],"groups":[{"label":"Values","page":0,"disabled":"","mask_group":"","rows":[]}]},"datalist_field_text":"1","datalist_field_value":"0"}},{"label":"Text Editor","type":"texteditor","date_updated":"2023-01-24 08:07:59","sort_index":"11","id":"99203","meta":{"hidden":"","text_editor":"<p style=\"text-align: center;\">Data from <a href=\"https:\/\/randomuser.me\/\" target=\"_blank\" rel=\"noopener\">https:\/\/randomuser.me\/<\/a><\/p>","exclude_email":"on","wc_exclude_cart":"on","class_single_vertical_align":"","class_field_wrapper":"","field_user_status":"","field_user_roles":[],"field_user_capabilities":[],"html_editor":"","breakpoint_sizes":""}}]},{"label":"Picture","child_count":"0","sort_index":"2","id":"19213","meta":{"label_render":"","hidden_section":"","section_repeatable":"","section_repeat_label":"","section_repeat_default":"","class_single_vertical_align":"","conversational_full_height_section":"","class_section_wrapper":"","disabled_section":"","section_user_status":"","section_user_roles":"","section_user_capabilities":"","validate_inline":"","section_repeat_min":"","section_repeat_max":"","section_repeatable_delimiter_section":",","section_repeatable_delimiter_row":";","breakpoint_size_25":"","breakpoint_size_50":"3","breakpoint_size_75":"","breakpoint_size_100":"","breakpoint_size_150":""},"fields":[{"label":"Picture HTML","type":"html","date_updated":"2023-01-24 08:04:51","sort_index":"1","id":"99202","meta":{"hidden":"","html_editor":"","exclude_email":"on","wc_exclude_cart":"on","class_single_vertical_align":"","class_field_wrapper":"","field_user_status":"","field_user_roles":[],"field_user_capabilities":[],"breakpoint_sizes":""}}]},{"label":"Hidden Fields for Processing","child_count":"0","sort_index":"3","id":"19212","meta":{"label_render":"","hidden_section":"","section_repeatable":"","section_repeat_label":"","section_repeat_default":"","class_single_vertical_align":"","conversational_full_height_section":"","class_section_wrapper":"","disabled_section":"","section_user_status":"","section_user_roles":"","section_user_capabilities":"","validate_inline":"","section_repeat_min":"","section_repeat_max":"","section_repeatable_delimiter_section":",","section_repeatable_delimiter_row":";","breakpoint_size_25":"","breakpoint_size_50":"","breakpoint_size_75":"","breakpoint_size_100":"","breakpoint_size_150":""},"fields":[{"label":"Street Number","type":"hidden","date_updated":"2023-01-24 07:47:51","sort_index":"1","id":"99191","meta":{"default_value":"","autocomplete":"","exclude_email":"on","wc_exclude_cart":"on","field_user_status":"","field_user_roles":"","field_user_capabilities":"","breakpoint_size_25":"","breakpoint_offset_25":"","breakpoint_size_50":"","breakpoint_offset_50":"","breakpoint_size_75":"","breakpoint_offset_75":"","breakpoint_size_100":"","breakpoint_offset_100":"","breakpoint_size_150":"","breakpoint_offset_150":""}},{"label":"Street Name","type":"hidden","date_updated":"2023-01-24 07:47:51","sort_index":"2","id":"99192","meta":{"default_value":"","autocomplete":"","exclude_email":"on","wc_exclude_cart":"on","field_user_status":"","field_user_roles":"","field_user_capabilities":"","breakpoint_size_25":"","breakpoint_offset_25":"","breakpoint_size_50":"","breakpoint_offset_50":"","breakpoint_size_75":"","breakpoint_offset_75":"","breakpoint_size_100":"","breakpoint_offset_100":"","breakpoint_size_150":"","breakpoint_offset_150":""}},{"label":"Picture URL","type":"hidden","date_updated":"2023-01-24 08:03:14","sort_index":"3","id":"99201","meta":{"default_value":"","autocomplete":"","exclude_email":"on","wc_exclude_cart":"on","field_user_status":"","field_user_roles":"","field_user_capabilities":"","breakpoint_size_25":"","breakpoint_offset_25":"","breakpoint_size_50":"","breakpoint_offset_50":"","breakpoint_size_75":"","breakpoint_offset_75":"","breakpoint_size_100":"","breakpoint_offset_100":"","breakpoint_size_150":"","breakpoint_offset_150":""}}]}],"meta":{"label_render":"","hidden":"","class_group_wrapper":"","group_user_status":"","group_user_roles":"","group_user_capabilities":""}}],"meta":{"label_render":"","submit_on_enter":"","submit_lock":"on","submit_unlock":"on","submit_reload":"","form_action":"","cookie_tab_index":"on","tab_validation":"","tab_validation_show":"","tabs_hide":"","submit_show_errors":"on","invalid_field_focus":"on","error_type":"danger","error_method":"after","error_clear":"on","error_scroll_top":"","error_scroll_top_offset":"0","error_scroll_top_duration":"400","error_form_hide":"","error_duration":"","error_message_hide":"on","error_form_show":"","label_position_form":"top","label_column_width_form":"3","label_required":"on","label_mask_required":"","class_form_wrapper":"","class_tabs_wrapper":"","class_group_wrapper":"","class_section_wrapper":"","class_field_wrapper":"","class_field":"","label_mask_form":"","label_mask_group":"","label_mask_section":"","action_humanpresence_intro":"","action_humanpresence_not_enabled":"","action_akismetv1_intro":"","action_akismetv1_not_enabled":"","honeypot":"","spam_threshold":"50","submit_limit":"","submit_limit_count":"","submit_limit_period":"","submit_limit_message":"","submit_limit_message_type":"information","schedule_start":"","schedule_start_datetime":"","schedule_start_message":"","schedule_start_message_type":"information","schedule_end":"","schedule_end_datetime":"","schedule_end_message":"","schedule_end_message_type":"information","user_limit_logged_in":"","form_user_roles":[],"form_user_capabilities":[],"user_limit_logged_in_message_type":"danger","user_limit_logged_in_message":"","analytics_google":"","analytics_google_event_form":"on","analytics_google_event_tab":"on","analytics_google_event_field":"on","tracking_remote_ip":"","tracking_agent":"","tracking_referrer":"","tracking_os":"","tracking_host":"","tracking_pathname":"","tracking_query_string":"","tracking_geo_location":"","tracking_ip_lookup_latlon":"","tracking_ip_lookup_city":"","tracking_ip_lookup_region":"","tracking_ip_lookup_country":"","tracking_ip_lookup_time_zone":"","tracking_duration":"","tracking_utm_source":"","tracking_utm_medium":"","tracking_utm_campaign":"","tracking_utm_term":"","tracking_utm_content":"","conversational":"","conversational_preview":"","conversational_customize":"","conversational_slug":"","conversational_view":"","conversational_nav":"on","conversational_nav_progress_help":"#progress_percent","conversational_scroll_duration":"300","form_populate_enabled":"","form_populate_action_id":"","form_populate_list_id":"","action_post_form_populate_post_id":"","action_post_form_populate_author_restrict":"","action_user_form_populate_field_mapping":[],"form_populate_field_mapping":[],"action_post_form_populate_field_mapping_woocommerce":[],"action_post_form_populate_field_mapping_jetengine":[],"action_post_form_populate_meta_mapping":[],"action_user_form_populate_field_mapping_jetengine":[],"action_user_form_populate_meta_mapping":[],"form_populate_tag_mapping":[],"action_post_form_populate_featured_image":"","wc_form_assign_intro":"","wc_form_assign":"","wc_form_assign_product_cat_include_mapping":[],"wc_form_assign_product_tag_include_mapping":[],"wc_form_assign_product_include_mapping":[],"wc_form_assign_product_cat_exclude_mapping":[],"wc_form_assign_product_tag_exclude_mapping":[],"wc_form_assign_product_exclude_mapping":[],"wc_catalog_add_to_cart_text":"Select options","wc_price_disable":"","wc_price_prefix":"","wc_price_suffix":"","wc_product_price_variation_hide":"","wc_product_add_to_cart_hide":"","wc_product_quantity_hide":"","wc_product_form_validate":"","wc_product_clear_hidden_meta_values":"on","wc_cart_edit":"","wc_cart_price_plugin_allow_negative":"","wc_actions_fire":"on","breakpoint":"50","tab_index":0,"action":{"rows_per_page":10,"group_index":0,"default":[],"columns":[{"id":0,"label":"Action"},{"id":1,"label":"Data"}],"groups":[{"label":"Actions","page":0,"disabled":"","mask_group":"","rows":[{"id":1,"default":"","disabled":"","required":"","hidden":"","data":["Webhook","{\"id\":\"customendpoint\",\"meta\":{\"action_customendpoint_endpoint\":\"https:\/\/randomuser.me\/api\/\",\"action_customendpoint_request_method\":\"GET\",\"action_customendpoint_content_type\":\"application\/json\",\"action_customendpoint_field_mapping\":[],\"action_customendpoint_custom_mapping\":[],\"action_customendpoint_header_mapping\":[],\"action_customendpoint_response_mapping\":[{\"action_customendpoint_endpoint_key\":\"results[0].name.first\",\"ws_form_field\":\"99183\"},{\"action_customendpoint_endpoint_key\":\"results[0].name.last\",\"ws_form_field\":\"99188\"},{\"action_customendpoint_endpoint_key\":\"results[0].location.street.number\",\"ws_form_field\":\"99191\"},{\"action_customendpoint_endpoint_key\":\"results[0].location.street.name\",\"ws_form_field\":\"99192\"},{\"action_customendpoint_endpoint_key\":\"results[0].location.city\",\"ws_form_field\":\"99193\"},{\"action_customendpoint_endpoint_key\":\"results[0].location.state\",\"ws_form_field\":\"99194\"},{\"action_customendpoint_endpoint_key\":\"results[0].location.country\",\"ws_form_field\":\"99195\"},{\"action_customendpoint_endpoint_key\":\"results[0].location.postcode\",\"ws_form_field\":\"99196\"},{\"action_customendpoint_endpoint_key\":\"results[0].email\",\"ws_form_field\":\"99200\"},{\"action_customendpoint_endpoint_key\":\"results[0].picture.large\",\"ws_form_field\":\"99201\"}],\"action_customendpoint_authentication\":\"\",\"action_customendpoint_username\":\"\",\"action_customendpoint_password\":\"\",\"action_customendpoint_timeout\":\"\",\"action_customendpoint_ssl_verify\":\"on\",\"action_customendpoint_file_to_url\":\"on\",\"action_customendpoint_array_to_delimited\":\"on\",\"action_customendpoint_cookie_passthrough\":\"\",\"wc_order_statuses_action_post\":[{\"wc_order_status\":\"processing\"},{\"wc_order_status\":\"completed\"}]},\"events\":[\"submit\"]}"]}]}]},"field_select":"","section_select":"","form_history":"","knowledgebase":"","contact_first_name":"","contact_last_name":"","contact_email":"","contact_inquiry":"","contact_support_search_results":"","contact_push_form":"","contact_push_system":"","contact_gdpr":"","contact_submit":"","conditional":{"rows_per_page":10,"group_index":0,"default":[],"columns":[{"id":0,"label":"Condition"},{"id":1,"label":"Data"}],"groups":[{"label":"Conditions","page":0,"disabled":"","mask_group":"","rows":[{"id":1,"default":"","disabled":"","required":"","hidden":"","data":["Get Random Person Clicked","{\"if\":[{\"conditions\":[{\"id\":1,\"object\":\"field\",\"object_id\":\"99189\",\"object_row_id\":0,\"logic\":\"click\",\"value\":\"\",\"case_sensitive\":true,\"logic_previous\":\"||\"}],\"logic_previous\":\"||\"}],\"then\":[{\"id\":1,\"object\":\"action\",\"object_id\":\"1\",\"object_row_id\":\"\",\"action\":\"action_run\",\"value\":\"\"}],\"else\":[]}"]},{"id":2,"default":"","disabled":"","required":"","hidden":"","data":["Show Picture","{\"if\":[{\"conditions\":[{\"id\":3,\"object\":\"field\",\"object_id\":\"99201\",\"object_row_id\":0,\"logic\":\"change\",\"value\":\"\",\"case_sensitive\":true,\"logic_previous\":\"||\"}],\"logic_previous\":\"||\"}],\"then\":[{\"id\":1,\"object\":\"field\",\"object_id\":\"99202\",\"object_row_id\":\"\",\"action\":\"html\",\"value\":\"<img src=\\\"#field(99201)\\\" style=\\\"width:100%;\\\" \/>\"}],\"else\":[]}"]}]}]}},"identifier":"ws_form","version":"1.9.49","time":1674547763,"checksum":"39163d801d1fc5aa4a0fbd6964505410"}