{"label":"Create a Form Recipient Selector","status":"draft","count_stat_view":"0","count_stat_save":"0","count_stat_submit":"0","count_submit":0,"count_submit_unread":"2","id":"1160","groups":[{"label":"Tab","sort_index":"1","id":"1882","sections":[{"label":"Section","child_count":"0","sort_index":"1","id":"2991","meta":{"label_render":"","hidden_section":"","section_repeatable":"","section_repeat_label":"","section_repeat_default":"1","class_section_wrapper":"","disabled_section":"","section_repeat_min":"","section_repeat_max":"","section_repeatable_delimiter_section":",","section_repeatable_delimiter_row":";"},"fields":[{"label":"First Name","type":"text","date_updated":"2020-03-26 21:04:44","sort_index":"1","id":"14614","meta":{"label_render":"on","label_position":"default","label_column_width":"default","required":"on","hidden":"","default_value":"","placeholder":"","help":"","aria_label":"","exclude_email":"","wc_exclude_cart":"","class_single_vertical_align":"","class_field_wrapper":"","class_field":"","disabled":"","readonly":"","min_length":"","max_length":"","min_length_words":"","max_length_words":"","input_mask":"","pattern":"","dedupe":"","dedupe_message":"","invalid_feedback_render":"on","invalid_feedback":"","custom_attributes":"","data_grid_datalist":{"rows_per_page":10,"group_index":0,"default":[],"columns":[{"id":0,"label":"Value"},{"id":1,"label":"Label"}],"groups":[{"label":"Values","page":0,"disabled":"","mask_group":"","rows":[]}]},"datalist_field_text":"1","datalist_field_value":"0","breakpoint_size_25":"6","wsf-data-grid-auto-group":"0"}},{"label":"Last Name","type":"text","date_updated":"2020-03-26 21:04:45","sort_index":"2","id":"14615","meta":{"label_render":"on","label_position":"default","label_column_width":"default","required":"on","hidden":"","default_value":"","placeholder":"","help":"","aria_label":"","exclude_email":"","wc_exclude_cart":"","class_single_vertical_align":"","class_field_wrapper":"","class_field":"","disabled":"","readonly":"","min_length":"","max_length":"","min_length_words":"","max_length_words":"","input_mask":"","pattern":"","dedupe":"","dedupe_message":"","invalid_feedback_render":"on","invalid_feedback":"","custom_attributes":"","data_grid_datalist":{"rows_per_page":10,"group_index":0,"default":[],"columns":[{"id":0,"label":"Value"},{"id":1,"label":"Label"}],"groups":[{"label":"Values","page":0,"disabled":"","mask_group":"","rows":[]}]},"datalist_field_text":"1","datalist_field_value":"0","breakpoint_size_25":"6","wsf-data-grid-auto-group":"0"}},{"label":"Email","type":"email","date_updated":"2020-03-26 21:04:45","sort_index":"3","id":"14616","meta":{"label_render":"on","label_position":"default","label_column_width":"default","required":"on","hidden":"","default_value":"","multiple_email":"","placeholder":"","help":"","aria_label":"","exclude_email":"","wc_exclude_cart":"","class_single_vertical_align":"","class_field_wrapper":"","class_field":"","disabled":"","readonly":"","min_length":"","max_length":"","pattern":"","dedupe":"","dedupe_message":"","invalid_feedback_render":"on","invalid_feedback":"","custom_attributes":"","data_grid_datalist":{"rows_per_page":10,"group_index":0,"default":[],"columns":[{"id":0,"label":"Value"},{"id":1,"label":"Label"}],"groups":[{"label":"Values","page":0,"disabled":"","mask_group":"","rows":[]}]},"datalist_field_text":"1","datalist_field_value":"0","wsf-data-grid-auto-group":"0"}},{"label":"Phone","type":"tel","date_updated":"2020-03-26 21:04:45","sort_index":"4","id":"14617","meta":{"label_render":"on","label_position":"default","label_column_width":"default","required":"","hidden":"","default_value":"","placeholder":"","help":"","aria_label":"","exclude_email":"","wc_exclude_cart":"","class_single_vertical_align":"","class_field_wrapper":"","class_field":"","disabled":"","readonly":"","min_length":"","max_length":"","input_mask":"","pattern_tel":"","dedupe":"","dedupe_message":"","invalid_feedback_render":"on","invalid_feedback":"","custom_attributes":"","data_grid_datalist":{"rows_per_page":10,"group_index":0,"default":[],"columns":[{"id":0,"label":"Value"},{"id":1,"label":"Label"}],"groups":[{"label":"Values","page":0,"disabled":"","mask_group":"","rows":[]}]},"datalist_field_text":"1","datalist_field_value":"0","breakpoint_sizes":"","wsf-data-grid-auto-group":"0"}},{"label":"Select Department","type":"radio","date_updated":"2020-03-26 21:21:37","sort_index":"5","id":"14621","meta":{"label_render":"on","label_position":"default","label_column_width":"default","required":"","hidden":"","class_inline":"","help":"","aria_label":"","exclude_email":"","wc_exclude_cart":"","class_single_vertical_align":"","class_field_wrapper":"","class_field":"","invalid_feedback_render":"on","invalid_feedback":"","data_grid_radio":{"rows_per_page":10,"group_index":0,"default":[],"columns":[{"id":0,"label":"Label"}],"groups":[{"label":"Radios","page":0,"disabled":"","mask_group":"","rows":[{"id":1,"default":"on","required":"","disabled":"","hidden":"","data":["Sales"]},{"id":2,"default":"","required":"","disabled":"","hidden":"","data":["Support"]}]}]},"radio_field_label":"0","radio_field_value":"0","data_grid_rows_randomize":"","radio_cascade":"","radio_cascade_field_filter":"0","radio_cascade_field_id":"","breakpoint_sizes":"","wsf-data-grid-auto-group":"0"}},{"label":"Your Inquiry","type":"textarea","date_updated":"2020-03-26 21:04:45","sort_index":"6","id":"14618","meta":{"label_render":"on","label_position":"default","label_column_width":"default","input_type_textarea":"","input_type_textarea_toolbar":"full","required":"","hidden":"","default_value":"","placeholder":"","help":"#character_count #character_count_label \/ #word_count #word_count_label","aria_label":"","exclude_email":"","wc_exclude_cart":"","class_single_vertical_align":"","class_field_wrapper":"","class_field":"","disabled":"","readonly":"","min_length":"","max_length":"","min_length_words":"","max_length_words":"","input_mask":"","cols":"","rows":"4","dedupe":"","dedupe_message":"","invalid_feedback_render":"on","invalid_feedback":"","custom_attributes":[],"pattern":"","breakpoint_sizes":""}},{"label":"GDPR","type":"checkbox","date_updated":"2020-03-26 21:04:45","sort_index":"7","id":"14619","meta":{"label_render":"","label_position":"default","label_column_width":"default","hidden":"","select_all":"","select_all_label":"","class_inline":"","help":"","aria_label":"","exclude_email":"","wc_exclude_cart":"","class_single_vertical_align":"","class_field_wrapper":"","class_field":"","invalid_feedback_render":"on","invalid_feedback":"Please provide consent.","data_grid_checkbox":{"rows_per_page":10,"group_index":0,"default":[],"columns":[{"id":0,"label":"Label"}],"groups":[{"label":"Checkboxes","page":0,"disabled":"","mask_group":"","rows":[{"id":1,"default":"","required":"on","disabled":"","hidden":"","data":["I consent to #blog_name storing my submitted information so they can respond to my inquiry"]}]}]},"checkbox_field_label":"0","checkbox_field_value":"0","data_grid_rows_randomize":"","breakpoint_sizes":"","wsf-data-grid-auto-group":"0"}},{"label":"Submit","type":"submit","date_updated":"2020-03-26 21:04:45","sort_index":"8","id":"14620","meta":{"hidden":"","help":"","aria_label":"","class_single_vertical_align":"bottom","class_field_button_type":"primary","class_field_full_button_remove":"","class_field_wrapper":"","class_field":"","disabled":"","custom_attributes":""}}]}],"meta":{"label_render":"","class_group_wrapper":""}}],"meta":{"label_render":"","analytics_google":"","analytics_google_event_tab":"on","analytics_google_event_field":"on","tracking_remote_ip":"","tracking_agent":"","tracking_referrer":"","tracking_os":"","tracking_host":"","tracking_geo_location":"","tracking_ip_lookup_latlon":"","tracking_ip_lookup_city":"","tracking_ip_lookup_region":"","tracking_ip_lookup_country":"","tracking_utm_source":"","tracking_utm_medium":"","tracking_utm_campaign":"","tracking_utm_term":"","tracking_utm_content":"","honeypot":"","spam_threshold":"50","label_mask_form":"","class_form_wrapper":"","submit_on_enter":"","submit_lock":"on","submit_unlock":"on","submit_reload":"on","submit_show_errors":"on","form_action":"","cookie_tab_index":"on","tab_validation":"","label_mask_group":"","class_group_wrapper":"","label_mask_section":"","class_section_wrapper":"","invalid_field_focus":"on","class_field_wrapper":"","class_field":"","label_position_form":"top","label_column_width_form":"3","label_required":"on","label_mask_required":"","submit_limit":"","submit_limit_count":"","submit_limit_period":"","submit_limit_message":"","submit_limit_message_type":"information","schedule_start":"","schedule_start_datetime":"","schedule_start_message":"","schedule_start_message_type":"information","schedule_end":"","schedule_end_datetime":"","schedule_end_message":"","schedule_end_message_type":"information","user_limit_logged_in":"","user_limit_logged_in_message":"","user_limit_logged_in_message_type":"danger","form_populate_enabled":"","form_populate_action_id":"","form_populate_list_id":"","action_post_form_populate_post_id":"#query_var(\"post_id\")","action_user_form_populate_field_mapping":"","form_populate_field_mapping":"","action_post_form_populate_field_mapping_acf":"","action_post_form_populate_meta_mapping":"","action_user_form_populate_field_mapping_acf":"","action_user_form_populate_meta_mapping":"","form_populate_tag_mapping":"","wc_form_assign_intro":"","wc_form_assign":"","wc_form_assign_product_cat_include_mapping":"","wc_form_assign_product_tag_include_mapping":"","wc_form_assign_product_include_mapping":"","wc_form_assign_product_cat_exclude_mapping":"","wc_form_assign_product_tag_exclude_mapping":"","wc_form_assign_product_exclude_mapping":"","wc_catalog_add_to_cart_text":"Select options","wc_price_disable":"","wc_price_prefix":"","wc_price_suffix":"","wc_product_price_variation_hide":"","wc_product_add_to_cart_hide":"","wc_product_quantity_hide":"","wc_product_form_validate":"","wc_cart_edit":"","wc_cart_price_plugin_allow_negative":"","wc_actions_fire":"yes","breakpoint":"25","tab_index":"0","action":{"rows_per_page":10,"group_index":0,"default":[],"columns":[{"id":0,"label":"Action"},{"id":1,"label":"Data"}],"groups":[{"label":"Actions","page":0,"disabled":"","mask_group":"","rows":[{"id":1,"default":"","required":"","disabled":"","hidden":"","data":["Save to Submissions","{\"id\":\"database\",\"meta\":{\"action_database_field_filter\":\"\",\"action_database_field_filter_mapping\":\"\",\"action_database_expire\":\"\",\"action_database_expire_duration\":\"90\"},\"events\":[\"save\",\"submit\"]}"]},{"id":2,"default":"","required":"","disabled":"","hidden":"","data":["Show Message","{\"id\":\"message\",\"meta\":{\"action_message_message\":\"Thank you for your submission.\",\"action_message_type\":\"success\",\"action_message_method\":\"before\",\"action_message_form_hide\":\"on\",\"action_message_clear\":\"on\",\"action_message_scroll_top\":\"\",\"action_message_duration\":\"\",\"action_message_message_hide\":\"\",\"action_message_form_show\":\"\"},\"events\":[\"submit\"]}"]},{"id":3,"default":"","disabled":"","required":"","hidden":"","data":["Send Email to Sales","{\"id\":\"email\",\"meta\":{\"action_email_content_type\":\"text\/html\",\"action_email_from_email\":\"#blog_admin_email\",\"action_email_from_name\":\"#blog_name\",\"action_email_to\":[{\"action_email_email\":\"#blog_admin_email\",\"action_email_name\":\"#blog_name\"}],\"action_email_cc\":[],\"action_email_bcc\":[],\"action_email_reply_to_email\":\"\",\"action_email_subject\":\"#form_label\",\"action_email_message_editor\":\"text_editor\",\"action_email_message_wrapper\":\"on\",\"action_email_message_textarea\":\"#email_submission\",\"action_email_message_text_editor\":\"<h3>Sales Inquiry<\/h3>\\n#email_submission\",\"action_email_message_html_editor\":\"<h3>#email_subject<\/h3>\\n\\n#email_submission\",\"action_email_attachments\":[],\"action_email_headers\":[],\"action_email_charset\":\"#blog_charset\"},\"events\":[\"submit\"]}"]},{"id":4,"default":"","disabled":"","required":"","hidden":"","data":["Send Email to Support","{\"id\":\"email\",\"meta\":{\"action_email_content_type\":\"text\/html\",\"action_email_from_email\":\"#blog_admin_email\",\"action_email_from_name\":\"#blog_name\",\"action_email_to\":[{\"action_email_email\":\"#blog_admin_email\",\"action_email_name\":\"#blog_name\"}],\"action_email_cc\":[],\"action_email_bcc\":[],\"action_email_reply_to_email\":\"\",\"action_email_subject\":\"#form_label\",\"action_email_message_editor\":\"text_editor\",\"action_email_message_wrapper\":\"on\",\"action_email_message_textarea\":\"#email_submission\",\"action_email_message_text_editor\":\"<h3>Support Inquiry<\/h3>\\n#email_submission\",\"action_email_message_html_editor\":\"<h1>#email_subject<\/h1>\\n\\n#email_submission\",\"action_email_attachments\":[],\"action_email_headers\":[],\"action_email_charset\":\"#blog_charset\"},\"events\":[\"submit\"]}"]}]}]},"invalid_field_scroll":"","field_select":"","form_history":"","documentation":"","contact":"","knowledgebase":"","contact_inquiry":"","contact_push_form":"","contact_push_system":"","contact_gdpr":"","contact_submit":"","conditional":{"rows_per_page":10,"group_index":0,"default":[],"columns":[{"id":0,"label":"Condition"},{"id":1,"label":"Data"}],"groups":[{"label":"Conditions","page":0,"disabled":"","mask_group":"","rows":[{"id":1,"default":"","disabled":"","required":"","hidden":"","data":["Send Email to Sales","{\"if\":[{\"conditions\":[{\"id\":1,\"object\":\"field\",\"object_id\":\"14621\",\"object_row_id\":\"1\",\"logic\":\"checked\",\"value\":\"\",\"case_sensitive\":true,\"logic_previous\":\"||\"}],\"logic_previous\":\"||\"}],\"then\":[{\"id\":1,\"object\":\"action\",\"object_id\":\"3\",\"object_row_id\":\"\",\"action\":\"action_run_on_submit\",\"value\":\"\"}],\"else\":[{\"id\":1,\"object\":\"action\",\"object_id\":\"3\",\"object_row_id\":\"\",\"action\":\"action_do_not_run_on_submit\",\"value\":\"\"}]}"]},{"id":2,"default":"","disabled":"","required":"","hidden":"","data":["Send Email to Support","{\"if\":[{\"conditions\":[{\"id\":2,\"object\":\"field\",\"object_id\":\"14621\",\"object_row_id\":\"2\",\"logic\":\"checked\",\"value\":\"\",\"case_sensitive\":true,\"logic_previous\":\"||\"}],\"logic_previous\":\"||\"}],\"then\":[{\"id\":1,\"object\":\"action\",\"object_id\":\"4\",\"object_row_id\":\"\",\"action\":\"action_run_on_submit\",\"value\":\"\"}],\"else\":[{\"id\":1,\"object\":\"action\",\"object_id\":\"4\",\"object_row_id\":\"\",\"action\":\"action_do_not_run_on_submit\",\"value\":\"\"}]}"]}]}]}},"identifier":"ws_form","version":"1.5.13","time":1585271100,"checksum":"85c8e47ca7a5d6039c73661d7ace1b58"}