{"label":"File Upload + DropzoneJS","status":"draft","count_stat_view":"0","count_stat_save":"0","count_stat_submit":"0","count_submit":0,"count_submit_unread":"0","id":"308","groups":[{"label":"Tab","sort_index":"2","id":"584","sections":[{"label":"Section","child_count":"0","sort_index":"1","id":"1206","meta":{"label_render":"","hidden_section":"","section_repeatable":"","section_repeat_label":"","section_repeat_default":"","class_single_vertical_align":"","class_section_wrapper":"","disabled_section":"","section_repeat_min":"","section_repeat_max":"","section_repeatable_delimiter_section":",","section_repeatable_delimiter_row":";","breakpoint_size_25":"","breakpoint_size_50":"","breakpoint_size_75":"","breakpoint_size_100":"","breakpoint_size_150":"","breakpoint_sizes":""},"fields":[{"label":"File(s)","type":"file","date_updated":"2021-01-06 20:13:25","sort_index":"1","id":"5154","meta":{"label_render":"on","sub_type":"dropzonejs","required":"","hidden":"","multiple_file":"on","directory":"","placeholder":"<p>Drop file(s) here to upload.<\/p><svg height=\"48\" width=\"60.44\" viewBox=\"0 0 423.47 336.24\"><path fill=\"#skin_color_default_light\" d=\"M350.78 97.49q.2-3 .19-6a91.49 91.49 0 00-162.46-57.73 91.52 91.52 0 00-126 66.5 91.51 91.51 0 0029 178.28c2.88 0 5.81-.14 8.71-.41h87.65a7.5 7.5 0 000-15h-88a6 6 0 00-.73 0c-2.54.24-5.1.37-7.62.37a76.5 76.5 0 01-20.43-150.19 7.5 7.5 0 005.43-6.19 76.77 76.77 0 0175.75-65.83 75.56 75.56 0 0135.08 8.51 7.5 7.5 0 009.58-2.34 76.49 76.49 0 01139 44 78 78 0 01-.8 11.14 7.5 7.5 0 006.48 8.52A76.5 76.5 0 01332 263.54c-2.52 0-5.08-.13-7.62-.37a6 6 0 00-.73 0H249.2a7.5 7.5 0 100 15h74.07c2.9.27 5.83.41 8.71.41a91.5 91.5 0 0018.8-181z\"\/><path fill=\"#skin_color_default_light\" d=\"M267.22 213.55a7.5 7.5 0 1010.48-10.73l-53.93-52.71-.23-.2-.28-.26-.31-.23-.28-.2-.34-.2-.29-.17-.35-.17-.31-.14-.35-.13-.34-.12-.36-.09-.34-.08-.42-.07h-1.76l-.33.05-.39.06a2.22 2.22 0 00-.37.09l-.34.08-.36.13-.33.12-.33.15-.33.16a3.14 3.14 0 00-.31.18l-.31.19-.32.22-.27.21-.33.29-.19.17-53.93 52.71a7.5 7.5 0 0010.48 10.73l41.15-40.3v155.45a7.5 7.5 0 0015 0V173.29z\"\/><\/svg>","file_capture":"","help":"","file_handler":"wsform","file_preview":"","orientation":"grid","file_preview_width":"150px","file_image_max_width":"","file_image_max_height":"","file_image_crop":"","file_image_compression":"","file_image_mime":"","prepend":"","append":"","aria_label":"","exclude_email":"","wc_exclude_cart":"","hidden_bypass":"","label_position":"default","label_column_width":"default","class_single_vertical_align":"","class_field_wrapper":"","class_field":"","disabled":"","file_min":"","file_max":"","file_min_size":"","file_max_size":"","accept":"","field_user_status":"","field_user_roles":[],"field_user_capabilities":[],"invalid_feedback_render":"on","invalid_feedback":"","custom_attributes":[],"breakpoint_size_50":"6","orientation_breakpoint_sizes":"","breakpoint_sizes":"","orientation_breakpoint_size_50":"6","orientation_breakpoint_size_75":"4","orientation_breakpoint_size_100":"3","orientation_breakpoint_size_150":"","orientation_breakpoint_size_25":"6"}},{"label":"Image(s)","type":"file","date_updated":"2021-01-06 20:13:25","sort_index":"2","id":"5155","meta":{"label_render":"on","sub_type":"dropzonejs","required":"","hidden":"","multiple_file":"on","directory":"","placeholder":"<p>Drop image(s) here to upload.<\/p><svg height=\"48\" width=\"65.19\" viewBox=\"0 0 1303.99 960\"><path fill=\"#skin_color_default_light\" d=\"M0 959.43h921.1V280.55H0zm43.05-43v-52.14l295.36-295.36 240.72 240.72a21.53 21.53 0 0030.44-30.45l-51.26-51.26 87.25-87.25L878 873.18v43.2zM878 323.61v488.68L660.78 595a21.52 21.52 0 00-30.45 0L527.87 697.5 353.63 523.26a21.53 21.53 0 00-30.44 0L43.05 803.4V323.61z\"\/><path fill=\"#skin_color_default_light\" d=\"M757 506a68.55 68.55 0 10-68.55-68.55A68.63 68.63 0 00757 506zm0-102.65a34.11 34.11 0 11-34.11 34.1A34.14 34.14 0 01757 403.3z\"\/><path fill=\"#skin_color_default_light\" d=\"M424.54 254.04h41.16L596.83 48.41l658.75 347.81-290.72 494.8V960l339.13-575.86L584.75 0 424.54 254.04z\"\/><\/svg>","file_capture":"","help":"","file_handler":"wsform","file_preview":"","orientation":"grid","file_preview_width":"150px","file_image_max_width":"","file_image_max_height":"","file_image_crop":"","file_image_compression":"","file_image_mime":"","prepend":"","append":"","aria_label":"","exclude_email":"","wc_exclude_cart":"","hidden_bypass":"","label_position":"default","label_column_width":"default","class_single_vertical_align":"","class_field_wrapper":"","class_field":"","disabled":"","file_min":"","file_max":"","file_min_size":"","file_max_size":"","accept":"image\/bmp,image\/gif,image\/heic,image\/heif,image\/jpeg,image\/png,image\/svg+xml,image\/tiff","field_user_status":"","field_user_roles":[],"field_user_capabilities":[],"invalid_feedback_render":"on","invalid_feedback":"","custom_attributes":[],"breakpoint_size_50":"6","orientation_breakpoint_sizes":"","breakpoint_sizes":"","orientation_breakpoint_size_50":"","orientation_breakpoint_size_75":"4","orientation_breakpoint_size_100":"3","orientation_breakpoint_size_150":"","orientation_breakpoint_size_25":"6"}},{"label":"User Facing Camera","type":"file","date_updated":"2021-01-06 20:13:25","sort_index":"3","id":"5156","meta":{"label_render":"on","sub_type":"dropzonejs","required":"","hidden":"","multiple_file":"","directory":"","placeholder":"<p>Tap here to take a selfie.<\/p><svg height=\"48\" width=\"38.17\" viewBox=\"0 0 324.07 407.41\"><path fill=\"none\" stroke=\"#skin_color_default_light\" stroke-width=\"18.85px\" d=\"M213,324.07v46.3a27.85,27.85,0,0,1-27.77,27.78H37A27.86,27.86,0,0,1,9.26,370.37V37A27.86,27.86,0,0,1,37,9.26H185.19A27.85,27.85,0,0,1,213,37v64.81\"\/><line fill=\"none\" stroke=\"#skin_color_default_light\" stroke-width=\"18.85px\" x1=\"83.33\" y1=\"361.11\" x2=\"138.89\" y2=\"361.11\"\/><path fill=\"none\" stroke=\"#skin_color_default_light\" stroke-width=\"18.85px\" d=\"M250,157.41h64.81v122.8a16.08,16.08,0,0,1-16.08,16.09H127.19a16.08,16.08,0,0,1-16.08-16.09V157.41h64.82l9.26-27.78h55.55Z\"\/><circle fill=\"none\" stroke=\"#skin_color_default_light\" stroke-width=\"18.85px\" cx=\"212.96\" cy=\"222.22\" r=\"37.04\" transform=\"translate(-52.24 378.43) rotate(-76.72)\"\/><\/svg>","file_capture":"user","help":"","file_handler":"wsform","file_preview":"","orientation":"","file_preview_width":"150px","file_image_max_width":"","file_image_max_height":"","file_image_crop":"","file_image_compression":"","file_image_mime":"","prepend":"","append":"","aria_label":"","exclude_email":"","wc_exclude_cart":"","hidden_bypass":"","label_position":"default","label_column_width":"default","class_single_vertical_align":"","class_field_wrapper":"","class_field":"","disabled":"","file_min":"","file_max":"","file_min_size":"","file_max_size":"","accept":"","field_user_status":"","field_user_roles":[],"field_user_capabilities":[],"invalid_feedback_render":"on","invalid_feedback":"","custom_attributes":[],"breakpoint_size_50":"6","orientation_breakpoint_sizes":"","breakpoint_sizes":""}},{"label":"Environment Facing Camera","type":"file","date_updated":"2021-01-06 20:13:25","sort_index":"4","id":"5157","meta":{"label_render":"on","sub_type":"dropzonejs","required":"","hidden":"","multiple_file":"","directory":"","placeholder":"<p>Tap here to take a photo.<\/p><svg height=\"48\" width=\"38.17\" viewBox=\"0 0 324.07 407.41\"><path fill=\"none\" stroke=\"#skin_color_default_light\" stroke-width=\"18.85px\" d=\"M213 324.07v46.3a27.86 27.86 0 01-27.77 27.78H37a27.86 27.86 0 01-27.74-27.78V37A27.86 27.86 0 0137 9.26h148.19A27.86 27.86 0 01213 37v64.81\"\/><circle fill=\"none\" stroke=\"#skin_color_default_light\" stroke-width=\"18.85px\" cx=\"55.56\" cy=\"55.56\" r=\"9.26\"\/><path height=\"48\" fill=\"none\" stroke=\"#skin_color_default_light\" stroke-width=\"18.85px\" d=\"M250 157.41h64.81v122.8a16.08 16.08 0 01-16.08 16.09H127.19a16.08 16.08 0 01-16.08-16.09v-122.8h64.82l9.26-27.78h55.55z\"\/><circle fill=\"none\" stroke=\"#skin_color_default_light\" stroke-width=\"18.85px\" cx=\"212.96\" cy=\"222.22\" r=\"37.04\" transform=\"rotate(-76.72 212.953 222.218)\"\/><\/svg>","file_capture":"environment","help":"","file_handler":"wsform","file_preview":"","orientation":"","file_preview_width":"150px","file_image_max_width":"","file_image_max_height":"","file_image_crop":"","file_image_compression":"","file_image_mime":"","prepend":"","append":"","aria_label":"","exclude_email":"","wc_exclude_cart":"","hidden_bypass":"","label_position":"default","label_column_width":"default","class_single_vertical_align":"","class_field_wrapper":"","class_field":"","disabled":"","file_min":"","file_max":"","file_min_size":"","file_max_size":"","accept":"","field_user_status":"","field_user_roles":[],"field_user_capabilities":[],"invalid_feedback_render":"on","invalid_feedback":"","custom_attributes":[],"breakpoint_size_50":"6","orientation_breakpoint_sizes":"","breakpoint_sizes":""}},{"label":"Upload","type":"submit","date_updated":"2021-01-06 20:13:33","sort_index":"5","id":"5158","meta":{"hidden":"","help":"","aria_label":"","class_single_vertical_align":"bottom","class_field_button_type":"primary","class_field_full_button_remove":"","class_field_wrapper":"","class_field":"","disabled":"","field_user_status":"","field_user_roles":"","field_user_capabilities":"","custom_attributes":""}}]}],"meta":{"label_render":"","class_group_wrapper":""}}],"meta":{"label_render":"","submit_on_enter":"","invalid_field_focus":"on","submit_lock":"on","submit_unlock":"on","submit_reload":"on","submit_show_errors":"on","form_action":"","cookie_tab_index":"on","tab_validation":"","label_position_form":"top","label_column_width_form":"3","label_required":"on","label_mask_required":"","class_form_wrapper":"wsf-demo","class_group_wrapper":"","class_section_wrapper":"","class_field_wrapper":"","class_field":"","label_mask_form":"","label_mask_group":"","label_mask_section":"","action_humanpresence_intro":"","action_humanpresence_not_enabled":"","action_akismetv1_intro":"","action_akismetv1_not_enabled":"","honeypot":"","spam_threshold":"50","submit_limit":"","submit_limit_count":"","submit_limit_period":"","submit_limit_message":"","submit_limit_message_type":"information","schedule_start":"","schedule_start_datetime":"","schedule_start_message":"","schedule_start_message_type":"information","schedule_end":"","schedule_end_datetime":"","schedule_end_message":"","schedule_end_message_type":"information","user_limit_logged_in":"","form_user_roles":"","form_user_capabilities":"","user_limit_logged_in_message_type":"danger","user_limit_logged_in_message":"","analytics_google":"","analytics_google_event_tab":"on","analytics_google_event_field":"on","tracking_remote_ip":"","tracking_agent":"","tracking_referrer":"","tracking_os":"","tracking_host":"","tracking_pathname":"","tracking_query_string":"","tracking_geo_location":"","tracking_ip_lookup_latlon":"","tracking_ip_lookup_city":"","tracking_ip_lookup_region":"","tracking_ip_lookup_country":"","tracking_ip_lookup_time_zone":"","tracking_duration":"","tracking_utm_source":"","tracking_utm_medium":"","tracking_utm_campaign":"","tracking_utm_term":"","tracking_utm_content":"","form_populate_enabled":"","form_populate_action_id":"","form_populate_list_id":"","action_post_form_populate_post_id":"","action_post_form_populate_author_restrict":"","action_user_form_populate_field_mapping":[],"form_populate_field_mapping":[],"action_post_form_populate_field_mapping_acf":"","action_post_form_populate_meta_mapping":"","action_user_form_populate_field_mapping_acf":[],"action_user_form_populate_meta_mapping":[],"form_populate_tag_mapping":[],"wc_form_assign_intro":"","wc_form_assign":"","wc_form_assign_product_cat_include_mapping":"","wc_form_assign_product_tag_include_mapping":"","wc_form_assign_product_include_mapping":"","wc_form_assign_product_cat_exclude_mapping":"","wc_form_assign_product_tag_exclude_mapping":"","wc_form_assign_product_exclude_mapping":"","wc_catalog_add_to_cart_text":"Select options","wc_price_disable":"","wc_price_prefix":"","wc_price_suffix":"","wc_product_price_variation_hide":"","wc_product_add_to_cart_hide":"","wc_product_quantity_hide":"","wc_product_form_validate":"","wc_product_clear_hidden_meta_values":"on","wc_cart_edit":"","wc_cart_price_plugin_allow_negative":"","wc_actions_fire":"on","breakpoint":"25","tab_index":"0","action":{"rows_per_page":10,"group_index":0,"default":[],"columns":[{"id":0,"label":"Action"},{"id":1,"label":"Data"}],"groups":[{"label":"Actions","page":0,"disabled":"","mask_group":"","rows":[{"id":1,"default":"","disabled":"","required":"","hidden":"","data":["Save Submission","{\"id\":\"database\",\"meta\":{\"action_database_field_filter\":\"\",\"action_database_field_filter_mapping\":[],\"action_database_expire\":\"\",\"action_database_expire_duration\":\"90\"},\"events\":[\"save\",\"submit\"]}"]},{"id":2,"default":"","disabled":"","required":"","hidden":"","data":["Show Message","{\"id\":\"message\",\"meta\":{\"action_message_type\":\"success\",\"action_message_message\":\"Thank you for your submission.\",\"action_message_method\":\"before\",\"action_message_form_hide\":\"on\",\"action_message_clear\":\"on\",\"action_message_scroll_top\":\"\",\"action_message_scroll_top_offset\":\"0\",\"action_message_scroll_top_duration\":\"400\",\"action_message_duration\":\"\",\"action_message_message_hide\":\"\",\"action_message_form_show\":\"\"},\"events\":[\"submit\"]}"]},{"id":3,"default":"","disabled":"","required":"","hidden":"","data":["Send Email","{\"id\":\"email\",\"meta\":{\"action_email_from_email\":\"#blog_admin_email\",\"action_email_from_name\":\"#blog_name\",\"action_email_to\":[{\"action_email_email\":\"#blog_admin_email\",\"action_email_name\":\"#blog_name\"}],\"action_email_cc\":[],\"action_email_bcc\":[],\"action_email_reply_to_email\":\"\",\"action_email_subject\":\"#form_label\",\"action_email_message_textarea\":\"#email_submission\",\"action_email_message_text_editor\":\"<h3>#email_subject<\/h3>\\n\\n#email_submission\",\"action_email_message_html_editor\":\"<h1>#email_subject<\/h1>\\n\\n#email_submission\",\"action_email_message_editor\":\"text_editor\",\"action_email_attachments\":[],\"action_email_attachments_media\":[],\"action_email_message_wrapper\":\"on\",\"action_email_clear_hidden_meta_values\":\"on\",\"action_email_content_type\":\"text\/html\",\"action_email_headers\":[],\"action_email_charset\":\"#blog_charset\",\"wc_order_statuses_action_post\":[{\"wc_order_status\":\"processing\"},{\"wc_order_status\":\"completed\"}]},\"events\":[\"submit\"]}"]}]}]},"field_select":"","form_history":"","knowledgebase":"","contact_first_name":"","contact_last_name":"","contact_email":"","contact_inquiry":"","contact_push_form":"","contact_push_system":"","contact_gdpr":"","contact_submit":""},"identifier":"ws_form","version":"1.7.135","time":1609964108,"checksum":"13605e42ef344b84656d4a71ef60a6a5"}