{"label":"Cascade Select and Radio Fields","status":"draft","count_stat_view":"0","count_stat_save":"0","count_stat_submit":"0","count_submit":0,"count_submit_unread":"0","id":"1137","groups":[{"label":"Tab","sort_index":"1","id":"1847","sections":[{"label":"Cascade Select and Radio Fields","child_count":"0","sort_index":"1","id":"2929","meta":{"label_render":"","hidden_section":"","section_repeatable":"","section_repeat_label":"","section_repeat_default":"1","class_section_wrapper":"","disabled_section":"","section_repeat_min":"","section_repeat_max":"","section_repeatable_delimiter_section":",","section_repeatable_delimiter_row":";","breakpoint_size_25":"","breakpoint_size_50":"","breakpoint_size_75":"","breakpoint_size_100":"","breakpoint_size_125":"","breakpoint_sizes":""},"fields":[{"label":"Text Editor","type":"texteditor","date_updated":"2020-03-19 01:57:31","sort_index":"1","id":"14296","meta":{"hidden":"","text_editor":"<p>This is a demo of the WS Form cascade feature.<\/p>\n<p>Cascading allows you to filter select options and radios using the value of another field.<\/p>\n","exclude_email":"on","wc_exclude_cart":"on","class_single_vertical_align":"","class_field_wrapper":"","html_editor":"","breakpoint_sizes":""}}]},{"label":"Select a Filter Value","child_count":"0","sort_index":"2","id":"2930","meta":{"label_render":"on","hidden_section":"","section_repeatable":"","section_repeat_label":"","section_repeat_default":"1","class_section_wrapper":"","disabled_section":"","section_repeat_min":"","section_repeat_max":"","section_repeatable_delimiter_section":",","section_repeatable_delimiter_row":";","breakpoint_size_25":"","breakpoint_size_50":"","breakpoint_size_75":"","breakpoint_size_100":"","breakpoint_size_125":"","breakpoint_sizes":""},"fields":[{"label":"Select a Make","type":"radio","date_updated":"2020-03-19 01:57:31","sort_index":"1","id":"14297","meta":{"label_render":"on","label_position":"default","label_column_width":"default","required":"","hidden":"","class_inline":"on","help":"","aria_label":"","exclude_email":"","wc_exclude_cart":"","class_single_vertical_align":"","class_field_wrapper":"","class_field":"","invalid_feedback_render":"on","invalid_feedback":"","data_grid_radio":{"rows_per_page":10,"group_index":0,"default":[],"columns":[{"id":0,"label":"Label"}],"groups":[{"label":"Radios","page":0,"disabled":"","mask_group":"","rows":[{"id":1,"default":"","required":"","disabled":"","hidden":"","data":["Toyota"]},{"id":2,"default":"","required":"","disabled":"","hidden":"","data":["Ford"]},{"id":3,"default":"","required":"","disabled":"","hidden":"","data":["Honda"]}]}]},"radio_field_label":"0","radio_field_value":"0","data_grid_rows_randomize":"","radio_cascade":"","radio_cascade_field_filter":"0","radio_cascade_field_id":"","breakpoint_sizes":"","wsf-data-grid-auto-group":"0"}}]},{"label":"Cascading Select Fields","child_count":"0","sort_index":"3","id":"2931","meta":{"label_render":"on","hidden_section":"","section_repeatable":"","section_repeat_label":"","section_repeat_default":"1","class_section_wrapper":"","disabled_section":"","section_repeat_min":"","section_repeat_max":"","section_repeatable_delimiter_section":",","section_repeatable_delimiter_row":";","breakpoint_sizes":""},"fields":[{"label":"Select a Model","type":"select","date_updated":"2020-03-19 01:57:31","sort_index":"1","id":"14298","meta":{"label_render":"on","label_position":"default","label_column_width":"default","required":"","hidden":"","size":"5","multiple":"","placeholder_row":"Select...","help":"","aria_label":"","exclude_email":"","wc_exclude_cart":"","class_single_vertical_align":"","class_field_wrapper":"","class_field":"","disabled":"","invalid_feedback_render":"on","invalid_feedback":"","custom_attributes":[],"data_grid_select":{"rows_per_page":10,"group_index":0,"default":[],"columns":[{"id":1,"label":"Make"},{"id":2,"label":"Model"}],"groups":[{"label":"Car Model","page":0,"disabled":"","mask_group":"","rows":[{"id":1,"default":"","disabled":"","required":"","hidden":"","data":["Toyota","Camry"]},{"id":2,"default":"","disabled":"","required":"","hidden":"","data":["Toyota","Matrix"]},{"id":3,"default":"","disabled":"","required":"","hidden":"","data":["Toyota","Prius"]},{"id":4,"default":"","disabled":"","required":"","hidden":"","data":["Ford","Focus"]},{"id":5,"default":"","disabled":"","required":"","hidden":"","data":["Ford","Mustang"]},{"id":6,"default":"","disabled":"","required":"","hidden":"","data":["Ford","Taurus"]},{"id":7,"default":"","disabled":"","required":"","hidden":"","data":["Honda","HR-V"]},{"id":8,"default":"","disabled":"","required":"","hidden":"","data":["Honda","Odyssey"]},{"id":9,"default":"","disabled":"","required":"","hidden":"","data":["Honda","Ridgeline"]}]}]},"select_field_label":"2","select_field_value":"2","data_grid_rows_randomize":"","select_cascade":"on","select_cascade_field_filter":"1","select_cascade_field_id":"14297","breakpoint_sizes":"","wsf-data-grid-auto-group":"0","breakpoint_size_25":"6"}},{"label":"Select a Year","type":"select","date_updated":"2020-03-19 01:57:31","sort_index":"2","id":"14299","meta":{"label_render":"on","label_position":"default","label_column_width":"default","required":"","hidden":"","size":"5","multiple":"","placeholder_row":"Select...","help":"","aria_label":"","exclude_email":"","wc_exclude_cart":"","class_single_vertical_align":"","class_field_wrapper":"","class_field":"","disabled":"","invalid_feedback_render":"on","invalid_feedback":"","custom_attributes":[],"data_grid_select":{"rows_per_page":50,"group_index":0,"default":[],"columns":[{"id":0,"label":"Model"},{"id":1,"label":"Year"}],"groups":[{"label":"Options","page":0,"disabled":"","mask_group":"","rows":[{"id":1,"default":"","required":"","disabled":"","hidden":"","data":["Camry","2015"]},{"id":2,"default":"","required":"","disabled":"","hidden":"","data":["Camry","2016"]},{"id":3,"default":"","disabled":"","required":"","hidden":"","data":["Camry","2017"]},{"id":4,"default":"","disabled":"","required":"","hidden":"","data":["Matrix","2011"]},{"id":5,"default":"","disabled":"","required":"","hidden":"","data":["Matrix","2012"]},{"id":6,"default":"","disabled":"","required":"","hidden":"","data":["Matrix","2013"]},{"id":7,"default":"","disabled":"","required":"","hidden":"","data":["Prius","2015"]},{"id":8,"default":"","disabled":"","required":"","hidden":"","data":["Prius","2015"]},{"id":9,"default":"","disabled":"","required":"","hidden":"","data":["Prius","2015"]},{"id":10,"default":"","disabled":"","required":"","hidden":"","data":["Focus","2015"]},{"id":11,"default":"","disabled":"","required":"","hidden":"","data":["Focus","2016"]},{"id":12,"default":"","disabled":"","required":"","hidden":"","data":["Focus","2017"]},{"id":13,"default":"","disabled":"","required":"","hidden":"","data":["Mustang","2015"]},{"id":14,"default":"","disabled":"","required":"","hidden":"","data":["Mustang","2016"]},{"id":15,"default":"","disabled":"","required":"","hidden":"","data":["Mustang","2017"]},{"id":16,"default":"","disabled":"","required":"","hidden":"","data":["Taurus","2013"]},{"id":17,"default":"","disabled":"","required":"","hidden":"","data":["Taurus","2014"]},{"id":18,"default":"","disabled":"","required":"","hidden":"","data":["Taurus","2015"]},{"id":19,"default":"","disabled":"","required":"","hidden":"","data":["HR-V","2015"]},{"id":20,"default":"","disabled":"","required":"","hidden":"","data":["HR-V","2016"]},{"id":21,"default":"","disabled":"","required":"","hidden":"","data":["HR-V","2017"]},{"id":22,"default":"","disabled":"","required":"","hidden":"","data":["Odyssey","2014"]},{"id":23,"default":"","disabled":"","required":"","hidden":"","data":["Odyssey","2015"]},{"id":24,"default":"","disabled":"","required":"","hidden":"","data":["Odyssey","2016"]},{"id":25,"default":"","disabled":"","required":"","hidden":"","data":["Ridgeline","2013"]},{"id":26,"default":"","disabled":"","required":"","hidden":"","data":["Ridgeline","2014"]},{"id":27,"default":"","disabled":"","required":"","hidden":"","data":["Ridgeline","2015"]}]}]},"select_field_label":"1","select_field_value":"1","data_grid_rows_randomize":"","select_cascade":"on","select_cascade_field_filter":"0","select_cascade_field_id":"14298","breakpoint_sizes":"","wsf-data-grid-auto-group":"0","breakpoint_size_25":"6"}}]},{"label":"Cascading Radio Fields","child_count":"0","sort_index":"4","id":"2932","meta":{"label_render":"on","hidden_section":"","section_repeatable":"","section_repeat_label":"","section_repeat_default":"1","class_section_wrapper":"","disabled_section":"","section_repeat_min":"","section_repeat_max":"","section_repeatable_delimiter_section":",","section_repeatable_delimiter_row":";","breakpoint_size_25":"","breakpoint_size_50":"","breakpoint_size_75":"","breakpoint_size_100":"","breakpoint_size_125":"","breakpoint_sizes":""},"fields":[{"label":"Select a Model","type":"radio","date_updated":"2020-03-19 01:57:31","sort_index":"1","id":"14300","meta":{"label_render":"on","label_position":"default","label_column_width":"default","required":"","hidden":"","class_inline":"on","help":"","aria_label":"","exclude_email":"","wc_exclude_cart":"","class_single_vertical_align":"","class_field_wrapper":"","class_field":"","invalid_feedback_render":"on","invalid_feedback":"","data_grid_radio":{"rows_per_page":10,"group_index":0,"default":[],"columns":[{"id":0,"label":"Make"},{"id":1,"label":"Model"}],"groups":[{"label":"Car Model","page":0,"disabled":"","mask_group":"","rows":[{"id":1,"default":"","disabled":"","required":"","hidden":"","data":["Toyota","Camry"]},{"id":2,"default":"","disabled":"","required":"","hidden":"","data":["Toyota","Matrix"]},{"id":3,"default":"","disabled":"","required":"","hidden":"","data":["Toyota","Prius"]},{"id":4,"default":"","disabled":"","required":"","hidden":"","data":["Ford","Focus"]},{"id":5,"default":"","disabled":"","required":"","hidden":"","data":["Ford","Mustang"]},{"id":6,"default":"","disabled":"","required":"","hidden":"","data":["Ford","Taurus"]},{"id":7,"default":"","disabled":"","required":"","hidden":"","data":["Honda","HR-V"]},{"id":8,"default":"","disabled":"","required":"","hidden":"","data":["Honda","Odyssey"]},{"id":9,"default":"","disabled":"","required":"","hidden":"","data":["Honda","Ridgeline"]}]}]},"radio_field_label":"1","radio_field_value":"1","data_grid_rows_randomize":"","radio_cascade":"on","radio_cascade_field_filter":"0","radio_cascade_field_id":"14297","breakpoint_size_25":"6","breakpoint_sizes":"","wsf-data-grid-auto-group":"0"}},{"label":"Select a Year","type":"radio","date_updated":"2020-03-19 01:57:31","sort_index":"2","id":"14301","meta":{"label_render":"on","label_position":"default","label_column_width":"default","required":"","hidden":"","class_inline":"on","help":"","aria_label":"","exclude_email":"","wc_exclude_cart":"","class_single_vertical_align":"","class_field_wrapper":"","class_field":"","invalid_feedback_render":"on","invalid_feedback":"","data_grid_radio":{"rows_per_page":10,"group_index":0,"default":[],"columns":[{"id":0,"label":"Model"},{"id":1,"label":"Year"}],"groups":[{"label":"Options","page":0,"disabled":"","mask_group":"","rows":[{"id":1,"default":"","disabled":"","required":"","hidden":"","data":["Camry","2015"]},{"id":2,"default":"","disabled":"","required":"","hidden":"","data":["Camry","2016"]},{"id":3,"default":"","disabled":"","required":"","hidden":"","data":["Camry","2017"]},{"id":4,"default":"","disabled":"","required":"","hidden":"","data":["Matrix","2011"]},{"id":5,"default":"","disabled":"","required":"","hidden":"","data":["Matrix","2012"]},{"id":6,"default":"","disabled":"","required":"","hidden":"","data":["Matrix","2013"]},{"id":7,"default":"","disabled":"","required":"","hidden":"","data":["Prius","2015"]},{"id":8,"default":"","disabled":"","required":"","hidden":"","data":["Prius","2015"]},{"id":9,"default":"","disabled":"","required":"","hidden":"","data":["Prius","2015"]},{"id":10,"default":"","disabled":"","required":"","hidden":"","data":["Focus","2015"]},{"id":11,"default":"","disabled":"","required":"","hidden":"","data":["Focus","2016"]},{"id":12,"default":"","disabled":"","required":"","hidden":"","data":["Focus","2017"]},{"id":13,"default":"","disabled":"","required":"","hidden":"","data":["Mustang","2015"]},{"id":14,"default":"","disabled":"","required":"","hidden":"","data":["Mustang","2016"]},{"id":15,"default":"","disabled":"","required":"","hidden":"","data":["Mustang","2017"]},{"id":16,"default":"","disabled":"","required":"","hidden":"","data":["Taurus","2013"]},{"id":17,"default":"","disabled":"","required":"","hidden":"","data":["Taurus","2014"]},{"id":18,"default":"","disabled":"","required":"","hidden":"","data":["Taurus","2015"]},{"id":19,"default":"","disabled":"","required":"","hidden":"","data":["HR-V","2015"]},{"id":20,"default":"","disabled":"","required":"","hidden":"","data":["HR-V","2016"]},{"id":21,"default":"","disabled":"","required":"","hidden":"","data":["HR-V","2017"]},{"id":22,"default":"","disabled":"","required":"","hidden":"","data":["Odyssey","2014"]},{"id":23,"default":"","disabled":"","required":"","hidden":"","data":["Odyssey","2015"]},{"id":24,"default":"","disabled":"","required":"","hidden":"","data":["Odyssey","2016"]},{"id":25,"default":"","disabled":"","required":"","hidden":"","data":["Ridgeline","2013"]},{"id":26,"default":"","disabled":"","required":"","hidden":"","data":["Ridgeline","2014"]},{"id":27,"default":"","disabled":"","required":"","hidden":"","data":["Ridgeline","2015"]}]}]},"radio_field_label":"1","radio_field_value":"1","data_grid_rows_randomize":"","radio_cascade":"on","radio_cascade_field_filter":"0","radio_cascade_field_id":"14300","breakpoint_size_25":"6","breakpoint_sizes":"","wsf-data-grid-auto-group":"0"}}]},{"label":"Cascading E-Commerce Fields","child_count":"0","sort_index":"5","id":"2933","meta":{"label_render":"on","hidden_section":"","section_repeatable":"","section_repeat_label":"","section_repeat_default":"1","class_section_wrapper":"","disabled_section":"","section_repeat_min":"","section_repeat_max":"","section_repeatable_delimiter_section":",","section_repeatable_delimiter_row":";","breakpoint_size_25":"","breakpoint_size_50":"","breakpoint_size_75":"","breakpoint_size_100":"","breakpoint_size_125":"","breakpoint_sizes":""},"fields":[{"label":"Price Select","type":"price_select","date_updated":"2020-03-19 02:00:47","sort_index":"1","id":"14302","meta":{"label_render":"on","label_position":"default","label_column_width":"default","required":"","hidden":"","size":"5","multiple":"","placeholder_row":"Select...","help":"","aria_label":"","exclude_email":"","wc_exclude_cart":"","class_single_vertical_align":"","class_field_wrapper":"","class_field":"","disabled":"","invalid_feedback_render":"on","invalid_feedback":"","custom_attributes":[],"data_grid_select_price":{"rows_per_page":10,"group_index":0,"default":[],"columns":[{"id":0,"label":"Product"},{"id":1,"label":"Price"},{"id":2,"label":"Filter"}],"groups":[{"label":"Products","page":0,"disabled":"","mask_group":"","rows":[{"id":1,"default":"","required":"","disabled":"","hidden":"","data":["Product 1","1","Toyota"]},{"id":2,"default":"","required":"","disabled":"","hidden":"","data":["Product 2","2","Ford"]},{"id":3,"default":"","disabled":"","required":"","hidden":"","data":["Product 3","3","Ford"]},{"id":4,"default":"","disabled":"","required":"","hidden":"","data":["Product 4","4","Honda"]},{"id":5,"default":"","disabled":"","required":"","hidden":"","data":["Product 5","5","Honda"]}]}]},"select_price_field_label":"0","select_price_field_value":"1","data_grid_rows_randomize":"","price_select_cascade":"on","price_select_cascade_field_filter":"2","price_select_cascade_field_id":"14297","breakpoint_size_25":"4","breakpoint_sizes":"","wsf-data-grid-auto-group":"0"}},{"label":"Price Radio","type":"price_radio","date_updated":"2020-03-19 01:59:53","sort_index":"2","id":"14303","meta":{"label_render":"on","label_position":"default","label_column_width":"default","required":"","hidden":"","class_inline":"","help":"","aria_label":"","exclude_email":"","wc_exclude_cart":"","class_single_vertical_align":"","class_field_wrapper":"","class_field":"","invalid_feedback_render":"on","invalid_feedback":"","data_grid_radio_price":{"rows_per_page":10,"group_index":0,"default":[],"columns":[{"id":0,"label":"Product"},{"id":1,"label":"Price"},{"id":2,"label":"Filter"}],"groups":[{"label":"Products","page":0,"disabled":"","mask_group":"","rows":[{"id":1,"default":"","required":"","disabled":"","hidden":"","data":["Product 1","1","Toyota"]},{"id":2,"default":"","required":"","disabled":"","hidden":"","data":["Product 2","2","Ford"]},{"id":3,"default":"","disabled":"","required":"","hidden":"","data":["Product 3","3","Ford"]},{"id":4,"default":"","disabled":"","required":"","hidden":"","data":["Product 4","4","Honda"]},{"id":5,"default":"","disabled":"","required":"","hidden":"","data":["Product 5","5","Honda"]}]}]},"radio_price_field_label":"0","radio_price_field_value":"1","data_grid_rows_randomize":"","price_radio_cascade":"on","price_radio_cascade_field_filter":"2","price_radio_cascade_field_id":"14297","breakpoint_size_25":"4","breakpoint_sizes":"","wsf-data-grid-auto-group":"0"}},{"label":"Cart Total","type":"cart_total","date_updated":"2020-03-19 01:57:31","sort_index":"3","id":"14304","meta":{"label_render":"on","label_position":"default","label_column_width":"default","hidden":"","text_align":"right","aria_label":"","exclude_email":"","wc_exclude_cart":"","class_single_vertical_align":"","class_field_wrapper":"","class_field":"","custom_attributes":"","breakpoint_size_25":"4"}}]},{"label":"Section","child_count":"0","sort_index":"6","id":"2934","meta":{"label_render":"","hidden_section":"","section_repeatable":"","section_repeat_label":"","section_repeat_default":"1","class_section_wrapper":"","disabled_section":"","section_repeat_min":"","section_repeat_max":"","section_repeatable_delimiter_section":",","section_repeatable_delimiter_row":";","breakpoint_size_25":"","breakpoint_size_50":"","breakpoint_size_75":"","breakpoint_size_100":"","breakpoint_size_125":""},"fields":[{"label":"Submit","type":"submit","date_updated":"2020-03-19 01:57:31","sort_index":"1","id":"14305","meta":{"hidden":"","help":"","aria_label":"","class_single_vertical_align":"bottom","class_field_button_type":"primary","class_field_full_button_remove":"","class_field_wrapper":"","class_field":"","disabled":"","custom_attributes":""}}]}],"meta":{"label_render":"","class_group_wrapper":""}}],"meta":{"label_render":"on","analytics_google":"","analytics_google_event_tab":"on","analytics_google_event_field":"on","tracking_remote_ip":"","tracking_agent":"","tracking_referrer":"","tracking_os":"","tracking_host":"","tracking_geo_location":"","tracking_ip_lookup_latlon":"","tracking_ip_lookup_city":"","tracking_ip_lookup_region":"","tracking_ip_lookup_country":"","tracking_utm_source":"","tracking_utm_medium":"","tracking_utm_campaign":"","tracking_utm_term":"","tracking_utm_content":"","honeypot":"","spam_threshold":"50","label_mask_form":"","class_form_wrapper":"","submit_on_enter":"","submit_lock":"on","submit_unlock":"on","submit_reload":"on","submit_show_errors":"on","form_action":"","cookie_tab_index":"on","tab_validation":"","label_mask_group":"","class_group_wrapper":"","label_mask_section":"","class_section_wrapper":"","invalid_field_focus":"on","class_field_wrapper":"","class_field":"","label_position_form":"top","label_column_width_form":"3","label_required":"on","label_mask_required":"","submit_limit":"","submit_limit_count":"","submit_limit_period":"","submit_limit_message":"","submit_limit_message_type":"information","schedule_start":"","schedule_start_datetime":"","schedule_start_message":"","schedule_start_message_type":"information","schedule_end":"","schedule_end_datetime":"","schedule_end_message":"","schedule_end_message_type":"information","user_limit_logged_in":"","user_limit_logged_in_message":"","user_limit_logged_in_message_type":"danger","form_populate_enabled":"","form_populate_action_id":"","form_populate_list_id":"","action_post_form_populate_post_id":"#query_var(\"post_id\")","action_user_form_populate_field_mapping":[],"form_populate_field_mapping":[],"action_post_form_populate_field_mapping_acf":"","action_post_form_populate_meta_mapping":[],"action_user_form_populate_field_mapping_acf":"","action_user_form_populate_meta_mapping":[],"form_populate_tag_mapping":[],"wc_form_assign_intro":"","wc_form_assign":"","wc_form_assign_product_cat_include_mapping":"","wc_form_assign_product_tag_include_mapping":"","wc_form_assign_product_include_mapping":"","wc_form_assign_product_cat_exclude_mapping":"","wc_form_assign_product_tag_exclude_mapping":"","wc_form_assign_product_exclude_mapping":"","wc_catalog_add_to_cart_text":"Select options","wc_price_disable":"","wc_price_prefix":"","wc_price_suffix":"","wc_product_price_variation_hide":"","wc_product_add_to_cart_hide":"","wc_product_quantity_hide":"","wc_product_form_validate":"","wc_cart_edit":"","wc_cart_price_plugin_allow_negative":"","wc_actions_fire":"yes","breakpoint":"25","tab_index":"0","action":{"rows_per_page":10,"group_index":0,"default":[],"columns":[{"id":0,"label":"Action"},{"id":1,"label":"Data"}],"groups":[{"label":"Actions","page":0,"disabled":"","mask_group":"","rows":[{"id":1,"default":"","required":"","disabled":"","hidden":"","data":["Save Submission","{\"id\":\"database\",\"meta\":{\"action_database_field_filter\":\"\",\"action_database_field_filter_mapping\":\"\",\"action_database_expire\":\"\",\"action_database_expire_duration\":\"90\"},\"events\":[\"save\",\"submit\"]}"]},{"id":2,"default":"","required":"","disabled":"","hidden":"","data":["Show Message","{\"id\":\"message\",\"meta\":{\"action_message_message\":\"Thank you for your submission.\",\"action_message_type\":\"success\",\"action_message_method\":\"before\",\"action_message_form_hide\":\"on\",\"action_message_clear\":\"on\",\"action_message_scroll_top\":\"\",\"action_message_scroll_top_offset\":\"0\",\"action_message_scroll_top_duration\":\"400\",\"action_message_duration\":\"\",\"action_message_message_hide\":\"\",\"action_message_form_show\":\"\"},\"events\":[\"submit\"]}"]},{"id":3,"default":"","required":"","disabled":"","hidden":"","data":["Send Email","{\"id\":\"email\",\"meta\":{\"action_email_content_type\":\"text\\\/html\",\"action_email_from_email\":\"#blog_admin_email\",\"action_email_from_name\":\"#blog_name\",\"action_email_to\":[{\"action_email_email\":\"#blog_admin_email\",\"action_email_name\":\"#blog_name\"}],\"action_email_cc\":\"\",\"action_email_bcc\":\"\",\"action_email_reply_to_email\":\"\",\"action_email_subject\":\"#form_label\",\"action_email_message_editor\":\"text_editor\",\"action_email_message_wrapper\":\"on\",\"action_email_message_textarea\":\"#email_submission\",\"action_email_message_text_editor\":\"<h3>#email_subject<\\\/h3>\\n\\n#email_submission\",\"action_email_message_html_editor\":\"<h3>#email_subject<\\\/h3>\\n\\n#email_submission\",\"action_email_attachments\":\"\",\"action_email_headers\":\"\",\"action_email_charset\":\"#blog_charset\"},\"events\":[\"submit\"]}"]}]}]},"conditional":{"rows_per_page":10,"group_index":0,"default":[],"columns":[{"id":0,"label":"Condition"},{"id":1,"label":"Data"}],"groups":[{"label":"Conditions","page":0,"disabled":"","mask_group":"","rows":[]}]}},"identifier":"ws_form","version":"1.5.7","time":1584583309,"checksum":"7ffa8cc0085115256d88cea756fdee6e"}