{"label":"Move Up \/ Move Down","status":"draft","count_stat_view":"21","count_stat_save":"0","count_stat_submit":"0","count_submit":0,"count_submit_unread":"0","id":"13573","groups":[{"label":"Tab","sort_index":"1","id":"983","sections":[{"label":"Section","child_count":"0","sort_index":"1","id":"1558","meta":{"label_render":"","hidden_section":"","section_repeatable":"on","section_repeat_label":"","section_repeat_default":"3","class_section_wrapper":"","disabled_section":"","section_repeat_min":"","section_repeat_max":"","section_repeatable_delimiter_section":",","section_repeatable_delimiter_row":";","breakpoint_sizes":""},"fields":[{"label":"Text","type":"text","date_updated":"2020-03-01 05:24:45","sort_index":"1","id":"16842","meta":{"label_render":"","label_position":"default","label_column_width":"default","required":"","hidden":"","default_value":"Random text: #random_string(8, \"0123456789ABCDEF\")-#random_string(8, \"0123456789ABCDEF\")-#random_string(8, \"0123456789ABCDEF\")","placeholder":"","help":"","aria_label":"","exclude_email":"","class_single_vertical_align":"","class_field_wrapper":"","class_field":"","disabled":"","readonly":"","min_length":"","max_length":"","min_length_words":"","max_length_words":"","input_mask":"","pattern":"","dedupe":"","dedupe_message":"","invalid_feedback_render":"on","invalid_feedback":"","custom_attributes":[],"data_grid_datalist":{"rows_per_page":10,"group_index":0,"default":[],"columns":[{"id":0,"label":"Value"},{"id":1,"label":"Label"}],"groups":[{"label":"Values","page":0,"disabled":"","mask_group":"","rows":[]}]},"datalist_field_text":"1","datalist_field_value":"0","breakpoint_size_25":"6","breakpoint_sizes":"","wsf-data-grid-auto-group":"0"}},{"label":"Move Up","type":"section_up","date_updated":"2020-03-01 05:21:35","sort_index":"2","id":"16840","meta":{"hidden":"","help":"","aria_label":"","class_single_vertical_align":"bottom","class_field_button_type":"default","class_field_full_button_remove":"","class_field_wrapper":"","class_field":"","disabled":"","custom_attributes":"","breakpoint_size_25":"3"}},{"label":"Move Down","type":"section_down","date_updated":"2020-03-01 05:21:36","sort_index":"3","id":"16841","meta":{"hidden":"","help":"","aria_label":"","class_single_vertical_align":"bottom","class_field_button_type":"default","class_field_full_button_remove":"","class_field_wrapper":"","class_field":"","disabled":"","custom_attributes":"","breakpoint_size_25":"3"}}]}],"meta":{"label_render":"","class_group_wrapper":""}}],"meta":{"label_render":"","analytics_google":"","analytics_google_event_tab":"on","analytics_google_event_field":"on","tracking_remote_ip":"","tracking_agent":"","tracking_referrer":"","tracking_os":"","tracking_host":"","tracking_geo_location":"","tracking_ip_lookup_latlon":"","tracking_ip_lookup_city":"","tracking_ip_lookup_region":"","tracking_ip_lookup_country":"","tracking_utm_source":"","tracking_utm_medium":"","tracking_utm_campaign":"","tracking_utm_term":"","tracking_utm_content":"","honeypot":"","spam_threshold":"50","label_mask_form":"","class_form_wrapper":"","submit_on_enter":"","submit_lock":"on","submit_unlock":"on","submit_reload":"on","submit_show_errors":"on","form_action":"","cookie_tab_index":"on","tab_validation":"","label_mask_group":"","class_group_wrapper":"","label_mask_section":"","class_section_wrapper":"","invalid_field_focus":"on","class_field_wrapper":"","class_field":"","label_position_form":"top","label_column_width_form":"3","label_required":"on","label_mask_required":"","submit_limit":"","submit_limit_count":"","submit_limit_period":"","submit_limit_message":"","submit_limit_message_type":"information","schedule_start":"","schedule_start_datetime":"","schedule_start_message":"","schedule_start_message_type":"information","schedule_end":"","schedule_end_datetime":"","schedule_end_message":"","schedule_end_message_type":"information","user_limit_logged_in":"","user_limit_logged_in_message":"","user_limit_logged_in_message_type":"danger","form_populate_enabled":"","form_populate_action_id":"","form_populate_list_id":"","action_user_form_populate_field_mapping":[],"form_populate_field_mapping":[],"action_user_form_populate_meta_mapping":[],"form_populate_tag_mapping":[],"breakpoint":"25","tab_index":"0","action":{"rows_per_page":10,"group_index":0,"default":[],"columns":[{"id":0,"label":"Action"},{"id":1,"label":"Data"}],"groups":[{"label":"Actions","page":0,"disabled":"","mask_group":"","rows":[{"id":1,"default":"","required":"","disabled":"","hidden":"","data":["Save Submission","{\"id\":\"database\",\"meta\":{\"action_database_field_filter\":\"\",\"action_database_field_filter_mapping\":\"\",\"action_database_expire\":\"\",\"action_database_expire_duration\":\"90\"},\"events\":[\"save\",\"submit\"]}"]},{"id":2,"default":"","required":"","disabled":"","hidden":"","data":["Show Message","{\"id\":\"message\",\"meta\":{\"action_message_message\":\"Thank you for your submission.\",\"action_message_type\":\"success\",\"action_message_method\":\"before\",\"action_message_form_hide\":\"on\",\"action_message_clear\":\"on\",\"action_message_scroll_top\":\"\",\"action_message_scroll_top_offset\":\"0\",\"action_message_scroll_top_duration\":\"400\",\"action_message_duration\":\"\",\"action_message_message_hide\":\"\",\"action_message_form_show\":\"\"},\"events\":[\"submit\"]}"]},{"id":3,"default":"","required":"","disabled":"","hidden":"","data":["Send Email","{\"id\":\"email\",\"meta\":{\"action_email_content_type\":\"text\\\/html\",\"action_email_from_email\":\"#blog_admin_email\",\"action_email_from_name\":\"#blog_name\",\"action_email_to\":[{\"action_email_email\":\"#blog_admin_email\",\"action_email_name\":\"#blog_name\"}],\"action_email_cc\":\"\",\"action_email_bcc\":\"\",\"action_email_reply_to_email\":\"\",\"action_email_subject\":\"#form_label\",\"action_email_message_editor\":\"text_editor\",\"action_email_message_wrapper\":\"on\",\"action_email_message_textarea\":\"#email_submission\",\"action_email_message_text_editor\":\"<h3>#email_subject<\\\/h3>\\n\\n#email_submission\",\"action_email_message_html_editor\":\"<h1>#email_subject<\\\/h1>\\n\\n#email_submission\",\"action_email_attachments\":\"\",\"action_email_headers\":\"\",\"action_email_charset\":\"#blog_charset\"},\"events\":[\"submit\"]}"]}]}]},"field_select":"","form_history":"","knowledgebase":"","contact_inquiry":"","contact_push_form":"","contact_push_system":"","contact_gdpr":"","contact_submit":""},"identifier":"ws_form","version":"1.5.20","time":1587137915,"checksum":"62127cbd88e2dcbc5e56b537da6c41a9"}