{"label":"Section Icons","status":"draft","count_stat_view":"19","count_stat_save":"0","count_stat_submit":"0","count_submit":0,"count_submit_unread":"0","id":"13572","groups":[{"label":"Tab","sort_index":"1","id":"982","sections":[{"label":"Section","child_count":"0","sort_index":"1","id":"1555","meta":{"label_render":"","hidden_section":"","section_repeatable":"on","section_repeat_label":"","section_repeat_default":"1","class_section_wrapper":"","disabled_section":"","section_repeat_min":"","section_repeat_max":"5","section_repeatable_delimiter_section":",","section_repeatable_delimiter_row":";","breakpoint_size_25":"","breakpoint_size_50":"","breakpoint_size_75":"","breakpoint_size_100":"","breakpoint_size_125":"","breakpoint_sizes":""},"fields":[{"label":"Example Text Field","type":"text","date_updated":"2020-02-29 06:30:45","sort_index":"1","id":"16811","meta":{"label_render":"on","label_position":"default","label_column_width":"default","required":"","hidden":"","default_value":"","placeholder":"Click an icon","help":"","aria_label":"","exclude_email":"","class_single_vertical_align":"","class_field_wrapper":"","class_field":"","disabled":"","readonly":"","min_length":"","max_length":"","min_length_words":"","max_length_words":"","input_mask":"","pattern":"","dedupe":"","dedupe_message":"","invalid_feedback_render":"on","invalid_feedback":"","custom_attributes":[],"data_grid_datalist":{"rows_per_page":10,"group_index":0,"default":[],"columns":[{"id":0,"label":"Value"},{"id":1,"label":"Label"}],"groups":[{"label":"Values","page":0,"disabled":"","mask_group":"","rows":[]}]},"datalist_field_text":"1","datalist_field_value":"0","wc_exclude_cart":"","breakpoint_size_25":"8","breakpoint_sizes":"","wsf-data-grid-auto-group":"0","breakpoint_size_50":"9"}},{"label":"Icons","type":"section_icons","date_updated":"2020-02-29 06:10:52","sort_index":"2","id":"16834","meta":{"hidden":"","section_repeatable_section_id":"1555","section_icons":[{"section_icons_type":"add","section_icons_label":"Add row"},{"section_icons_type":"delete","section_icons_label":"Remove row"},{"section_icons_type":"move-up","section_icons_label":"Move row up"},{"section_icons_type":"move-down","section_icons_label":"Move row down"},{"section_icons_type":"drag","section_icons_label":"Drag row up or down"}],"aria_label":"","class_single_vertical_align":"bottom","horizontal_align":"space-evenly","section_icons_style":"circle","section_icons_size":"24","section_icons_color_on":"#000000","section_icons_color_off":"#888888","section_icons_html_add":"<span title=\"Add\">Add<\/span>","section_icons_html_delete":"<span>Remove<\/span>","section_icons_html_move_up":"<span>Move Up<\/span>","section_icons_html_move_down":"<span>Move Down<\/span>","section_icons_html_drag":"<span>Drag<\/span>","class_field_wrapper":"","class_field":"","disabled":"","custom_attributes":[],"breakpoint_size_75":"3","breakpoint_size_25":"4","breakpoint_size_50":"3","breakpoint_sizes":""}}]},{"label":"Section","child_count":"0","sort_index":"2","id":"1556","meta":{"label_render":"","hidden_section":"","section_repeatable":"","section_repeat_label":"","section_repeat_default":"1","class_section_wrapper":"","disabled_section":"","section_repeat_min":"","section_repeat_max":"","section_repeatable_delimiter_section":",","section_repeatable_delimiter_row":";","breakpoint_size_25":"","breakpoint_size_50":"","breakpoint_size_75":"","breakpoint_size_100":"","breakpoint_size_125":""},"fields":[{"label":"View Styles","type":"checkbox","date_updated":"2020-02-29 04:03:53","sort_index":"1","id":"16813","meta":{"label_render":"","label_position":"default","label_column_width":"default","hidden":"","select_all":"","select_all_label":"","class_inline":"","help":"","aria_label":"","exclude_email":"","class_single_vertical_align":"","class_field_wrapper":"","class_field":"","invalid_feedback_render":"on","invalid_feedback":"","data_grid_checkbox":{"rows_per_page":10,"group_index":0,"default":[],"columns":[{"id":0,"label":"Label"}],"groups":[{"label":"Checkboxes","page":0,"disabled":"","mask_group":"","rows":[{"id":1,"default":"","required":"","disabled":"","hidden":"","data":["View different icon styles"]}]}]},"checkbox_field_label":"0","checkbox_field_value":"0","data_grid_rows_randomize":"","wc_exclude_cart":"","breakpoint_sizes":"","wsf-data-grid-auto-group":"0"}}]},{"label":"Styles","child_count":"0","sort_index":"3","id":"1557","meta":{"label_render":"","hidden_section":"","section_repeatable":"on","section_repeat_label":"","section_repeat_default":"1","class_section_wrapper":"","disabled_section":"","section_repeat_min":"","section_repeat_max":"1","section_repeatable_delimiter_section":",","section_repeatable_delimiter_row":";","breakpoint_sizes":"","breakpoint_size_25":"","breakpoint_offset_25":"","breakpoint_size_50":"","breakpoint_offset_50":"","breakpoint_size_75":"","breakpoint_offset_75":"","breakpoint_size_100":"","breakpoint_offset_100":"","breakpoint_size_125":"","breakpoint_offset_125":""},"fields":[{"label":"Text Editor","type":"texteditor","date_updated":"2020-02-29 06:46:00","sort_index":"1","id":"16836","meta":{"hidden":"","text_editor":"<p>Default<\/p>\n","exclude_email":"on","class_single_vertical_align":"","class_field_wrapper":"","wc_exclude_cart":"on","html_editor":"","breakpoint_size_25":"","breakpoint_sizes":"","breakpoint_offset_25":"","breakpoint_size_50":"6","breakpoint_offset_50":"","breakpoint_size_75":"","breakpoint_offset_75":"","breakpoint_size_100":"","breakpoint_offset_100":"","breakpoint_size_125":"","breakpoint_offset_125":""}},{"label":"Default","type":"section_icons","date_updated":"2020-02-29 06:46:06","sort_index":"2","id":"16817","meta":{"hidden":"","section_repeatable_section_id":"1557","section_icons":[{"section_icons_type":"add"},{"section_icons_type":"delete"},{"section_icons_type":"move-up"},{"section_icons_type":"move-down"},{"section_icons_type":"drag"}],"aria_label":"","class_single_vertical_align":"bottom","horizontal_align":"flex-start","section_icons_style":"circle","section_icons_size":"24","section_icons_color_on":"#000000","section_icons_color_off":"#888888","section_icons_html_add":"<span>Add<\/span>","section_icons_html_delete":"<span>Remove<\/span>","class_field_wrapper":"","class_field":"","disabled":"","custom_attributes":[],"breakpoint_size_25":"","breakpoint_sizes":"","breakpoint_offset_25":"","breakpoint_size_50":"6","breakpoint_offset_50":"","breakpoint_size_75":"","breakpoint_offset_75":"","breakpoint_size_100":"","breakpoint_offset_100":"","breakpoint_size_125":"","breakpoint_offset_125":""}},{"label":"Text Editor","type":"texteditor","date_updated":"2020-02-29 04:03:53","sort_index":"3","id":"16818","meta":{"hidden":"","text_editor":"<p>Right Aligned<\/p>\n","exclude_email":"on","class_single_vertical_align":"","class_field_wrapper":"","wc_exclude_cart":"on","html_editor":"","breakpoint_size_25":"","breakpoint_sizes":"","breakpoint_offset_25":"","breakpoint_size_50":"6","breakpoint_offset_50":"","breakpoint_size_75":"","breakpoint_offset_75":"","breakpoint_size_100":"","breakpoint_offset_100":"","breakpoint_size_125":"","breakpoint_offset_125":""}},{"label":"Center Aligned","type":"section_icons","date_updated":"2020-02-29 04:03:53","sort_index":"4","id":"16819","meta":{"hidden":"","section_repeatable_section_id":"1557","section_icons":[{"section_icons_type":"add"},{"section_icons_type":"delete"},{"section_icons_type":"move-up"},{"section_icons_type":"move-down"},{"section_icons_type":"drag"}],"aria_label":"","class_single_vertical_align":"bottom","horizontal_align":"center","section_icons_style":"circle","section_icons_size":"24","section_icons_color_on":"#000000","section_icons_color_off":"#888888","section_icons_html_add":"<span>Add<\/span>","section_icons_html_delete":"<span>Remove<\/span>","class_field_wrapper":"","class_field":"","disabled":"","custom_attributes":[],"breakpoint_size_25":"","breakpoint_sizes":"","breakpoint_offset_25":"","breakpoint_size_50":"6","breakpoint_offset_50":"","breakpoint_size_75":"","breakpoint_offset_75":"","breakpoint_size_100":"","breakpoint_offset_100":"","breakpoint_size_125":"","breakpoint_offset_125":""}},{"label":"Text Editor","type":"texteditor","date_updated":"2020-02-29 04:03:53","sort_index":"5","id":"16820","meta":{"hidden":"","text_editor":"<p>Center Aligned<\/p>\n","exclude_email":"on","class_single_vertical_align":"","class_field_wrapper":"","wc_exclude_cart":"on","html_editor":"","breakpoint_size_25":"","breakpoint_sizes":"","breakpoint_offset_25":"","breakpoint_size_50":"6","breakpoint_offset_50":"","breakpoint_size_75":"","breakpoint_offset_75":"","breakpoint_size_100":"","breakpoint_offset_100":"","breakpoint_size_125":"","breakpoint_offset_125":""}},{"label":"Right Aligned","type":"section_icons","date_updated":"2020-02-29 04:03:53","sort_index":"6","id":"16821","meta":{"hidden":"","section_repeatable_section_id":"1557","section_icons":[{"section_icons_type":"add"},{"section_icons_type":"delete"},{"section_icons_type":"move-up"},{"section_icons_type":"move-down"},{"section_icons_type":"drag"}],"aria_label":"","class_single_vertical_align":"bottom","horizontal_align":"flex-end","section_icons_style":"circle","section_icons_size":"24","section_icons_color_on":"#000000","section_icons_color_off":"#888888","section_icons_html_add":"<span>Add<\/span>","section_icons_html_delete":"<span>Remove<\/span>","class_field_wrapper":"","class_field":"","disabled":"","custom_attributes":[],"breakpoint_size_25":"","breakpoint_sizes":"","breakpoint_offset_25":"","breakpoint_size_50":"6","breakpoint_offset_50":"","breakpoint_size_75":"","breakpoint_offset_75":"","breakpoint_size_100":"","breakpoint_offset_100":"","breakpoint_size_125":"","breakpoint_offset_125":""}},{"label":"Text Editor","type":"texteditor","date_updated":"2020-02-29 04:03:53","sort_index":"7","id":"16822","meta":{"hidden":"","text_editor":"<p>Evenly Spaced<\/p>\n","exclude_email":"on","class_single_vertical_align":"","class_field_wrapper":"","wc_exclude_cart":"on","html_editor":"","breakpoint_size_25":"","breakpoint_sizes":"","breakpoint_offset_25":"","breakpoint_size_50":"6","breakpoint_offset_50":"","breakpoint_size_75":"","breakpoint_offset_75":"","breakpoint_size_100":"","breakpoint_offset_100":"","breakpoint_size_125":"","breakpoint_offset_125":""}},{"label":"Spaced","type":"section_icons","date_updated":"2020-02-29 04:03:53","sort_index":"8","id":"16823","meta":{"hidden":"","section_repeatable_section_id":"1557","section_icons":[{"section_icons_type":"add"},{"section_icons_type":"delete"},{"section_icons_type":"move-up"},{"section_icons_type":"move-down"},{"section_icons_type":"drag"}],"aria_label":"","class_single_vertical_align":"bottom","horizontal_align":"space-evenly","section_icons_style":"circle","section_icons_size":"24","section_icons_color_on":"#000000","section_icons_color_off":"#888888","section_icons_html_add":"<span>Add<\/span>","section_icons_html_delete":"<span>Remove<\/span>","class_field_wrapper":"","class_field":"","disabled":"","custom_attributes":[],"breakpoint_size_25":"","breakpoint_sizes":"","breakpoint_offset_25":"","breakpoint_size_50":"6","breakpoint_offset_50":"","breakpoint_size_75":"","breakpoint_offset_75":"","breakpoint_size_100":"","breakpoint_offset_100":"","breakpoint_size_125":"","breakpoint_offset_125":""}},{"label":"Text Editor","type":"texteditor","date_updated":"2020-02-29 04:03:53","sort_index":"9","id":"16824","meta":{"hidden":"","text_editor":"<p>Any Order<\/p>\n","exclude_email":"on","class_single_vertical_align":"","class_field_wrapper":"","wc_exclude_cart":"on","html_editor":"","breakpoint_size_25":"","breakpoint_sizes":"","breakpoint_offset_25":"","breakpoint_size_50":"6","breakpoint_offset_50":"","breakpoint_size_75":"","breakpoint_offset_75":"","breakpoint_size_100":"","breakpoint_offset_100":"","breakpoint_size_125":"","breakpoint_offset_125":""}},{"label":"Order","type":"section_icons","date_updated":"2020-02-29 04:03:53","sort_index":"10","id":"16825","meta":{"hidden":"","section_repeatable_section_id":"1557","section_icons":[{"section_icons_type":"move-up"},{"section_icons_type":"move-down"},{"section_icons_type":"drag"},{"section_icons_type":"add"},{"section_icons_type":"delete"}],"aria_label":"","class_single_vertical_align":"bottom","horizontal_align":"space-evenly","section_icons_style":"circle","section_icons_size":"24","section_icons_color_on":"#000000","section_icons_color_off":"#888888","section_icons_html_add":"<span>Add<\/span>","section_icons_html_delete":"<span>Remove<\/span>","class_field_wrapper":"","class_field":"","disabled":"","custom_attributes":[],"breakpoint_size_25":"","breakpoint_sizes":"","breakpoint_offset_25":"","breakpoint_size_50":"6","breakpoint_offset_50":"","breakpoint_size_75":"","breakpoint_offset_75":"","breakpoint_size_100":"","breakpoint_offset_100":"","breakpoint_size_125":"","breakpoint_offset_125":""}},{"label":"Text Editor","type":"texteditor","date_updated":"2020-02-29 04:03:53","sort_index":"11","id":"16826","meta":{"hidden":"","text_editor":"<p>Solid Circles<\/p>\n","exclude_email":"on","class_single_vertical_align":"","class_field_wrapper":"","wc_exclude_cart":"on","html_editor":"","breakpoint_size_25":"","breakpoint_sizes":"","breakpoint_offset_25":"","breakpoint_size_50":"6","breakpoint_offset_50":"","breakpoint_size_75":"","breakpoint_offset_75":"","breakpoint_size_100":"","breakpoint_offset_100":"","breakpoint_size_125":"","breakpoint_offset_125":""}},{"label":"Solid Circles","type":"section_icons","date_updated":"2020-02-29 04:03:53","sort_index":"12","id":"16827","meta":{"hidden":"","section_repeatable_section_id":"1557","section_icons":[{"section_icons_type":"add"},{"section_icons_type":"delete"},{"section_icons_type":"move-up"},{"section_icons_type":"move-down"},{"section_icons_type":"drag"}],"aria_label":"","class_single_vertical_align":"bottom","horizontal_align":"space-evenly","section_icons_style":"circle-solid","section_icons_size":"24","section_icons_color_on":"#000000","section_icons_color_off":"#888888","section_icons_html_add":"<span>Add<\/span>","section_icons_html_delete":"<span>Remove<\/span>","class_field_wrapper":"","class_field":"","disabled":"","custom_attributes":[],"breakpoint_size_25":"","breakpoint_sizes":"","breakpoint_offset_25":"","breakpoint_size_50":"6","breakpoint_offset_50":"","breakpoint_size_75":"","breakpoint_offset_75":"","breakpoint_size_100":"","breakpoint_offset_100":"","breakpoint_size_125":"","breakpoint_offset_125":""}},{"label":"Text Editor","type":"texteditor","date_updated":"2020-02-29 04:03:53","sort_index":"13","id":"16828","meta":{"hidden":"","text_editor":"<p>Squares<\/p>\n","exclude_email":"on","class_single_vertical_align":"","class_field_wrapper":"","wc_exclude_cart":"on","html_editor":"","breakpoint_size_25":"","breakpoint_sizes":"","breakpoint_offset_25":"","breakpoint_size_50":"6","breakpoint_offset_50":"","breakpoint_size_75":"","breakpoint_offset_75":"","breakpoint_size_100":"","breakpoint_offset_100":"","breakpoint_size_125":"","breakpoint_offset_125":""}},{"label":"Squares","type":"section_icons","date_updated":"2020-02-29 04:03:53","sort_index":"14","id":"16829","meta":{"hidden":"","section_repeatable_section_id":"1557","section_icons":[{"section_icons_type":"add"},{"section_icons_type":"delete"},{"section_icons_type":"move-up"},{"section_icons_type":"move-down"},{"section_icons_type":"drag"}],"aria_label":"","class_single_vertical_align":"bottom","horizontal_align":"space-evenly","section_icons_style":"square","section_icons_size":"24","section_icons_color_on":"#000000","section_icons_color_off":"#888888","section_icons_html_add":"<span>Add<\/span>","section_icons_html_delete":"<span>Remove<\/span>","class_field_wrapper":"","class_field":"","disabled":"","custom_attributes":[],"breakpoint_size_25":"","breakpoint_sizes":"","breakpoint_offset_25":"","breakpoint_size_50":"6","breakpoint_offset_50":"","breakpoint_size_75":"","breakpoint_offset_75":"","breakpoint_size_100":"","breakpoint_offset_100":"","breakpoint_size_125":"","breakpoint_offset_125":""}},{"label":"Text Editor","type":"texteditor","date_updated":"2020-02-29 04:03:53","sort_index":"15","id":"16830","meta":{"hidden":"","text_editor":"<p>Solid Squares<\/p>\n","exclude_email":"on","class_single_vertical_align":"","class_field_wrapper":"","wc_exclude_cart":"on","html_editor":"","breakpoint_size_25":"","breakpoint_sizes":"","breakpoint_offset_25":"","breakpoint_size_50":"6","breakpoint_offset_50":"","breakpoint_size_75":"","breakpoint_offset_75":"","breakpoint_size_100":"","breakpoint_offset_100":"","breakpoint_size_125":"","breakpoint_offset_125":""}},{"label":"Solid Squares","type":"section_icons","date_updated":"2020-02-29 04:03:53","sort_index":"16","id":"16831","meta":{"hidden":"","section_repeatable_section_id":"1557","section_icons":[{"section_icons_type":"add"},{"section_icons_type":"delete"},{"section_icons_type":"move-up"},{"section_icons_type":"move-down"},{"section_icons_type":"drag"}],"aria_label":"","class_single_vertical_align":"bottom","horizontal_align":"space-evenly","section_icons_style":"square-solid","section_icons_size":"24","section_icons_color_on":"#000000","section_icons_color_off":"#888888","section_icons_html_add":"<span>Add<\/span>","section_icons_html_delete":"<span>Remove<\/span>","class_field_wrapper":"","class_field":"","disabled":"","custom_attributes":[],"breakpoint_size_25":"","breakpoint_sizes":"","breakpoint_offset_25":"","breakpoint_size_50":"6","breakpoint_offset_50":"","breakpoint_size_75":"","breakpoint_offset_75":"","breakpoint_size_100":"","breakpoint_offset_100":"","breakpoint_size_125":"","breakpoint_offset_125":""}},{"label":"Text Editor","type":"texteditor","date_updated":"2020-02-29 04:03:54","sort_index":"17","id":"16832","meta":{"hidden":"","text_editor":"<p>Text<\/p>\n","exclude_email":"on","class_single_vertical_align":"","class_field_wrapper":"","wc_exclude_cart":"on","html_editor":"","breakpoint_size_25":"","breakpoint_sizes":"","breakpoint_offset_25":"","breakpoint_size_50":"6","breakpoint_offset_50":"","breakpoint_size_75":"","breakpoint_offset_75":"","breakpoint_size_100":"","breakpoint_offset_100":"","breakpoint_size_125":"","breakpoint_offset_125":""}},{"label":"Text","type":"section_icons","date_updated":"2020-02-29 04:03:54","sort_index":"18","id":"16833","meta":{"hidden":"","section_repeatable_section_id":"1557","section_icons":[{"section_icons_type":"add"},{"section_icons_type":"delete"},{"section_icons_type":"move-up"},{"section_icons_type":"move-down"},{"section_icons_type":"drag"}],"aria_label":"","class_single_vertical_align":"bottom","horizontal_align":"space-evenly","section_icons_style":"text","section_icons_size":"24","section_icons_color_on":"#000000","section_icons_color_off":"#888888","section_icons_html_add":"<span>Add<\/span>","section_icons_html_delete":"<span>Remove<\/span>","class_field_wrapper":"","class_field":"","disabled":"","custom_attributes":[],"breakpoint_size_25":"","breakpoint_sizes":"","breakpoint_offset_25":"","breakpoint_size_50":"6","breakpoint_offset_50":"","breakpoint_size_75":"","breakpoint_offset_75":"","breakpoint_size_100":"","breakpoint_offset_100":"","breakpoint_size_125":"","breakpoint_offset_125":""}},{"label":"Text Editor","type":"texteditor","date_updated":"2020-02-29 06:43:47","sort_index":"19","id":"16816","meta":{"hidden":"","text_editor":"<p>Icon Size<\/p>\n","exclude_email":"on","class_single_vertical_align":"","class_field_wrapper":"","wc_exclude_cart":"on","html_editor":"","breakpoint_size_25":"","breakpoint_sizes":"","breakpoint_offset_25":"","breakpoint_size_50":"6","breakpoint_offset_50":"","breakpoint_size_75":"","breakpoint_offset_75":"","breakpoint_size_100":"","breakpoint_offset_100":"","breakpoint_size_125":"","breakpoint_offset_125":""}},{"label":"Icon Size","type":"section_icons","date_updated":"2020-02-29 06:48:50","sort_index":"20","id":"16835","meta":{"hidden":"","section_repeatable_section_id":"1557","section_icons":[{"section_icons_type":"add","section_icons_label":""},{"section_icons_type":"delete","section_icons_label":""},{"section_icons_type":"move-up","section_icons_label":""},{"section_icons_type":"move-down","section_icons_label":""},{"section_icons_type":"drag","section_icons_label":""}],"aria_label":"","class_single_vertical_align":"bottom","horizontal_align":"space-evenly","section_icons_style":"circle","section_icons_size":"48","section_icons_color_on":"#000000","section_icons_color_off":"#888888","section_icons_html_add":"<span>Add<\/span>","section_icons_html_delete":"<span>Remove<\/span>","class_field_wrapper":"","class_field":"","disabled":"","custom_attributes":[],"breakpoint_size_25":"","breakpoint_sizes":"","breakpoint_offset_25":"","breakpoint_size_50":"6","breakpoint_offset_50":"","breakpoint_size_75":"","breakpoint_offset_75":"","breakpoint_size_100":"","breakpoint_offset_100":"","breakpoint_size_125":"","breakpoint_offset_125":"","section_icons_html_move_up":"","section_icons_html_move_down":"","section_icons_html_drag":""}},{"label":"Text Editor","type":"texteditor","date_updated":"2020-02-29 06:47:05","sort_index":"21","id":"16837","meta":{"hidden":"","text_editor":"<p>Icon Color<\/p>\n","exclude_email":"on","class_single_vertical_align":"","class_field_wrapper":"","wc_exclude_cart":"on","html_editor":"","breakpoint_size_25":"","breakpoint_sizes":"","breakpoint_offset_25":"","breakpoint_size_50":"6","breakpoint_offset_50":"","breakpoint_size_75":"","breakpoint_offset_75":"","breakpoint_size_100":"","breakpoint_offset_100":"","breakpoint_size_125":"","breakpoint_offset_125":""}},{"label":"Icon Color","type":"section_icons","date_updated":"2020-02-29 06:48:55","sort_index":"22","id":"16838","meta":{"hidden":"","section_repeatable_section_id":"1557","section_icons":[{"section_icons_type":"add","section_icons_label":""},{"section_icons_type":"delete","section_icons_label":""},{"section_icons_type":"move-up","section_icons_label":""},{"section_icons_type":"move-down","section_icons_label":""},{"section_icons_type":"drag","section_icons_label":""}],"aria_label":"","class_single_vertical_align":"bottom","horizontal_align":"space-evenly","section_icons_style":"circle","section_icons_size":"24","section_icons_color_on":"#00bb00","section_icons_color_off":"#c20000","section_icons_html_add":"<span>Add<\/span>","section_icons_html_delete":"<span>Remove<\/span>","class_field_wrapper":"","class_field":"","disabled":"","custom_attributes":[],"breakpoint_size_25":"","breakpoint_sizes":"","breakpoint_offset_25":"","breakpoint_size_50":"6","breakpoint_offset_50":"","breakpoint_size_75":"","breakpoint_offset_75":"","breakpoint_size_100":"","breakpoint_offset_100":"","breakpoint_size_125":"","breakpoint_offset_125":"","section_icons_html_move_up":"","section_icons_html_move_down":"","section_icons_html_drag":""}}]}],"meta":{"label_render":"","class_group_wrapper":""}}],"meta":{"label_render":"","analytics_google":"","analytics_google_event_tab":"on","analytics_google_event_field":"on","tracking_remote_ip":"","tracking_agent":"","tracking_referrer":"","tracking_os":"","tracking_host":"","tracking_geo_location":"","tracking_ip_lookup_latlon":"","tracking_ip_lookup_city":"","tracking_ip_lookup_region":"","tracking_ip_lookup_country":"","tracking_utm_source":"","tracking_utm_medium":"","tracking_utm_campaign":"","tracking_utm_term":"","tracking_utm_content":"","honeypot":"","spam_threshold":"50","label_mask_form":"","class_form_wrapper":"","submit_on_enter":"","submit_lock":"on","submit_unlock":"on","submit_reload":"on","submit_show_errors":"on","form_action":"","cookie_tab_index":"on","tab_validation":"","label_mask_group":"","class_group_wrapper":"","label_mask_section":"","class_section_wrapper":"","invalid_field_focus":"on","class_field_wrapper":"","class_field":"","label_position_form":"top","label_column_width_form":"3","label_required":"on","label_mask_required":"","submit_limit":"","submit_limit_count":"","submit_limit_period":"","submit_limit_message":"","submit_limit_message_type":"information","schedule_start":"","schedule_start_datetime":"","schedule_start_message":"","schedule_start_message_type":"information","schedule_end":"","schedule_end_datetime":"","schedule_end_message":"","schedule_end_message_type":"information","user_limit_logged_in":"","user_limit_logged_in_message":"","user_limit_logged_in_message_type":"danger","form_populate_enabled":"","form_populate_action_id":"","form_populate_list_id":"","action_user_form_populate_field_mapping":[],"form_populate_field_mapping":[],"action_user_form_populate_meta_mapping":[],"form_populate_tag_mapping":[],"breakpoint":"25","tab_index":"0","action":{"rows_per_page":10,"group_index":0,"default":[],"columns":[{"id":0,"label":"Action"},{"id":1,"label":"Data"}],"groups":[{"label":"Actions","page":0,"disabled":"","mask_group":"","rows":[{"id":1,"default":"","required":"","disabled":"","hidden":"","data":["Save Submission","{\"id\":\"database\",\"meta\":{\"action_database_field_filter\":\"\",\"action_database_field_filter_mapping\":\"\",\"action_database_expire\":\"\",\"action_database_expire_duration\":\"90\"},\"events\":[\"save\",\"submit\"]}"]},{"id":2,"default":"","required":"","disabled":"","hidden":"","data":["Show Message","{\"id\":\"message\",\"meta\":{\"action_message_message\":\"Thank you for your submission.\",\"action_message_type\":\"success\",\"action_message_method\":\"before\",\"action_message_form_hide\":\"on\",\"action_message_clear\":\"on\",\"action_message_scroll_top\":\"\",\"action_message_scroll_top_offset\":\"0\",\"action_message_scroll_top_duration\":\"400\",\"action_message_duration\":\"\",\"action_message_message_hide\":\"\",\"action_message_form_show\":\"\"},\"events\":[\"submit\"]}"]},{"id":3,"default":"","required":"","disabled":"","hidden":"","data":["Send Email","{\"id\":\"email\",\"meta\":{\"action_email_content_type\":\"text\\\/html\",\"action_email_from_email\":\"#blog_admin_email\",\"action_email_from_name\":\"#blog_name\",\"action_email_to\":[{\"action_email_email\":\"#blog_admin_email\",\"action_email_name\":\"#blog_name\"}],\"action_email_cc\":\"\",\"action_email_bcc\":\"\",\"action_email_reply_to_email\":\"\",\"action_email_subject\":\"#form_label\",\"action_email_message_editor\":\"text_editor\",\"action_email_message_wrapper\":\"on\",\"action_email_message_textarea\":\"#email_submission\",\"action_email_message_text_editor\":\"<h3>#email_subject<\\\/h3>\\n\\n#email_submission\",\"action_email_message_html_editor\":\"<h1>#email_subject<\\\/h1>\\n\\n#email_submission\",\"action_email_attachments\":\"\",\"action_email_headers\":\"\",\"action_email_charset\":\"#blog_charset\"},\"events\":[\"submit\"]}"]}]}]},"action_post_form_populate_post_id":"#query_var(\"post_id\")","action_post_form_populate_field_mapping_acf":"","action_post_form_populate_meta_mapping":"","wc_form_assign_intro":"","wc_form_assign":"","wc_form_assign_product_cat_include_mapping":"","wc_form_assign_product_tag_include_mapping":"","wc_form_assign_product_include_mapping":"","wc_form_assign_product_cat_exclude_mapping":"","wc_form_assign_product_tag_exclude_mapping":"","wc_form_assign_product_exclude_mapping":"","wc_catalog_add_to_cart_text":"Select options","wc_price_disable":"","wc_price_prefix":"","wc_price_suffix":"","wc_product_price_variation_hide":"","wc_product_add_to_cart_hide":"","wc_product_quantity_hide":"","wc_product_form_validate":"","wc_cart_edit":"","wc_cart_price_plugin_allow_negative":"","wc_actions_fire":"yes","field_select":"","form_history":"","knowledgebase":"","contact_inquiry":"","contact_push_form":"","contact_push_system":"","contact_gdpr":"","contact_submit":"","conditional":{"rows_per_page":10,"group_index":0,"default":[],"columns":[{"id":0,"label":"Condition"},{"id":1,"label":"Data"}],"groups":[{"label":"Conditions","page":0,"disabled":"","mask_group":"","rows":[{"id":1,"default":"","disabled":"","required":"","hidden":"","data":["New condition","{\"if\":[{\"conditions\":[{\"id\":2,\"object\":\"field\",\"object_id\":16813,\"object_row_id\":\"1\",\"logic\":\"checked\",\"value\":\"\",\"case_sensitive\":true,\"logic_previous\":\"||\"}],\"logic_previous\":\"||\"}],\"then\":[{\"id\":1,\"object\":\"section\",\"object_id\":1557,\"object_row_id\":\"\",\"action\":\"visibility\",\"value\":\"\"}],\"else\":[{\"id\":1,\"object\":\"section\",\"object_id\":1557,\"object_row_id\":\"\",\"action\":\"visibility\",\"value\":\"off\"}]}"]},{"id":2,"default":"","disabled":"","required":"","hidden":"","data":["New condition","{\"if\":[{\"conditions\":[{\"id\":3,\"object\":\"field\",\"object_id\":\"\",\"object_row_id\":0,\"logic\":\"click\",\"value\":\"\",\"case_sensitive\":true,\"logic_previous\":\"||\"}],\"logic_previous\":\"||\"}],\"then\":[{\"id\":1,\"object\":\"field\",\"object_id\":16811,\"object_row_id\":\"\",\"action\":\"visibility\",\"value\":\"\"}],\"else\":[{\"id\":1,\"object\":\"field\",\"object_id\":16811,\"object_row_id\":\"\",\"action\":\"visibility\",\"value\":\"off\"}]}"]}]}]}},"identifier":"ws_form","version":"1.5.20","time":1587137914,"checksum":"9d49327f1a68f0daa7c2af0c6e11297c"}