{"label":"Repeatable Sections Demo","status":"draft","count_stat_view":"4","count_stat_save":"0","count_stat_submit":"0","count_submit":0,"count_submit_unread":"0","id":"13575","groups":[{"label":"Tab","sort_index":"1","id":"985","sections":[{"label":"Section","child_count":"0","sort_index":"1","id":"1563","meta":{"label_render":"","hidden_section":"","section_repeatable":"","section_repeat_label":"","section_repeat_default":"1","class_section_wrapper":"","disabled_section":"","section_repeat_min":"","section_repeat_max":"","section_repeatable_delimiter_section":",","section_repeatable_delimiter_row":";","breakpoint_size_25":"12","breakpoint_size_50":"","breakpoint_size_75":"12","breakpoint_size_100":"","breakpoint_size_125":""},"fields":[{"label":"Add Person","type":"section_add","date_updated":"2020-03-02 03:30:08","sort_index":"1","id":"16864","meta":{"hidden":"","section_repeatable_section_id":"1562","help":"","aria_label":"","class_single_vertical_align":"bottom","class_field_button_type":"default","class_field_full_button_remove":"","class_field_wrapper":"","class_field":"","disabled":"","custom_attributes":[],"breakpoint_size_25":"12","breakpoint_sizes":"","breakpoint_size_75":"3"}},{"label":"Set All Adult","type":"button","date_updated":"2020-03-02 03:22:15","sort_index":"2","id":"16862","meta":{"hidden":"","help":"","aria_label":"","class_single_vertical_align":"bottom","class_field_button_type":"default","class_field_full_button_remove":"","class_field_wrapper":"","class_field":"","disabled":"","custom_attributes":"","breakpoint_size_25":"6","breakpoint_size_75":"3"}},{"label":"Set All Child","type":"button","date_updated":"2020-03-02 03:22:17","sort_index":"3","id":"16863","meta":{"hidden":"","help":"","aria_label":"","class_single_vertical_align":"bottom","class_field_button_type":"default","class_field_full_button_remove":"","class_field_wrapper":"","class_field":"","disabled":"","custom_attributes":"","breakpoint_size_25":"6","breakpoint_size_75":"3"}},{"label":"Progress","type":"progress","date_updated":"2020-03-02 03:29:43","sort_index":"4","id":"16865","meta":{"label_render":"on","label_position":"default","label_column_width":"default","hidden":"","default_value":"","progress_source":"form_progress","help":"#progress_percent","aria_label":"","class_single_vertical_align":"","class_field_wrapper":"","class_field":"","min":"","max":"","custom_attributes":"","breakpoint_size_75":"3"}},{"label":"Divider","type":"divider","date_updated":"2020-03-02 03:29:00","sort_index":"5","id":"16870","meta":{"hidden":"","class_single_vertical_align":"","class_field_wrapper":"","class_field":""}}]},{"label":"Section","child_count":"0","sort_index":"2","id":"1562","meta":{"label_render":"","hidden_section":"","section_repeatable":"on","section_repeat_label":"","section_repeat_default":"1","class_section_wrapper":"","disabled_section":"","section_repeat_min":"1","section_repeat_max":"3","section_repeatable_delimiter_section":",","section_repeatable_delimiter_row":";","breakpoint_sizes":"","breakpoint_size_75":"12"},"fields":[{"label":"First Name","type":"text","date_updated":"2020-03-02 03:20:59","sort_index":"1","id":"16856","meta":{"label_render":"on","label_position":"default","label_column_width":"default","required":"on","hidden":"","default_value":"","placeholder":"","help":"","aria_label":"","exclude_email":"","class_single_vertical_align":"","class_field_wrapper":"","class_field":"","disabled":"","readonly":"","min_length":"","max_length":"","min_length_words":"","max_length_words":"","input_mask":"","pattern":"","dedupe":"","dedupe_message":"","invalid_feedback_render":"on","invalid_feedback":"","custom_attributes":[],"data_grid_datalist":{"rows_per_page":10,"group_index":0,"default":[],"columns":[{"id":0,"label":"Value"},{"id":1,"label":"Label"}],"groups":[{"label":"Values","page":0,"disabled":"","mask_group":"","rows":[]}]},"datalist_field_text":"1","datalist_field_value":"0","breakpoint_size_25":"6","breakpoint_sizes":"","wsf-data-grid-auto-group":"0"}},{"label":"Last Name","type":"text","date_updated":"2020-03-02 03:21:01","sort_index":"2","id":"16857","meta":{"label_render":"on","label_position":"default","label_column_width":"default","required":"on","hidden":"","default_value":"","placeholder":"","help":"","aria_label":"","exclude_email":"","class_single_vertical_align":"","class_field_wrapper":"","class_field":"","disabled":"","readonly":"","min_length":"","max_length":"","min_length_words":"","max_length_words":"","input_mask":"","pattern":"","dedupe":"","dedupe_message":"","invalid_feedback_render":"on","invalid_feedback":"","custom_attributes":[],"data_grid_datalist":{"rows_per_page":10,"group_index":0,"default":[],"columns":[{"id":0,"label":"Value"},{"id":1,"label":"Label"}],"groups":[{"label":"Values","page":0,"disabled":"","mask_group":"","rows":[]}]},"datalist_field_text":"1","datalist_field_value":"0","breakpoint_size_25":"6","breakpoint_sizes":"","wsf-data-grid-auto-group":"0"}},{"label":"Icons","type":"section_icons","date_updated":"2020-03-02 03:28:33","sort_index":"3","id":"16861","meta":{"hidden":"","section_repeatable_section_id":"1562","section_icons":[{"section_icons_type":"add","section_icons_label":"Add row"},{"section_icons_type":"delete","section_icons_label":"Remove row"},{"section_icons_type":"move-up","section_icons_label":"Move row up"},{"section_icons_type":"move-down","section_icons_label":"Move row down"},{"section_icons_type":"drag","section_icons_label":"Drag row up or down"}],"class_single_vertical_align":"","horizontal_align":"flex-start","section_icons_style":"circle","section_icons_size":"24","section_icons_color_on":"#000000","section_icons_color_off":"#888888","section_icons_html_add":"<span title=\"Add\">Add<\/span>","section_icons_html_delete":"<span>Remove<\/span>","section_icons_html_move_up":"<span>Move Up<\/span>","section_icons_html_move_down":"<span>Move Down<\/span>","section_icons_html_drag":"<span>Drag<\/span>","class_field_wrapper":"","class_field":"","disabled":"","custom_attributes":[],"breakpoint_size_25":"6","breakpoint_offset_25":"0","breakpoint_sizes":"","breakpoint_size_75":"3"}},{"label":"Age","type":"price_radio","date_updated":"2020-03-02 03:26:25","sort_index":"4","id":"16859","meta":{"label_render":"on","label_position":"default","label_column_width":"default","required":"on","hidden":"","class_inline":"on","help":"","aria_label":"","exclude_email":"","class_single_vertical_align":"","class_field_wrapper":"","class_field":"","invalid_feedback_render":"on","invalid_feedback":"","data_grid_radio_price":{"rows_per_page":10,"group_index":0,"default":[],"columns":[{"id":0,"label":"Product"},{"id":1,"label":"Price"}],"groups":[{"label":"Products","page":0,"disabled":"","mask_group":"","rows":[{"id":1,"default":"on","required":"","disabled":"","hidden":"","data":["Adult","10"]},{"id":2,"default":"","required":"","disabled":"","hidden":"","data":["Child","5"]}]}]},"radio_price_field_label":"0","radio_price_field_value":"1","data_grid_rows_randomize":"","price_radio_cascade":"","price_radio_cascade_field_filter":"0","price_radio_cascade_field_id":"","breakpoint_size_25":"6","breakpoint_sizes":"","wsf-data-grid-auto-group":"0","breakpoint_offset_25":"0","breakpoint_size_75":"3"}},{"label":"Allergies?","type":"radio","date_updated":"2020-03-02 03:30:15","sort_index":"5","id":"16868","meta":{"label_render":"on","label_position":"default","label_column_width":"default","required":"on","hidden":"","class_inline":"on","help":"","aria_label":"","exclude_email":"","class_single_vertical_align":"","class_field_wrapper":"","class_field":"","invalid_feedback_render":"on","invalid_feedback":"","data_grid_radio":{"rows_per_page":10,"group_index":0,"default":[],"columns":[{"id":0,"label":"Label"}],"groups":[{"label":"Radios","page":0,"disabled":"","mask_group":"","rows":[{"id":1,"default":"","required":"","disabled":"","hidden":"","data":["Yes"]},{"id":2,"default":"","required":"","disabled":"","hidden":"","data":["No"]}]}]},"radio_field_label":"0","radio_field_value":"0","data_grid_rows_randomize":"","radio_cascade":"","radio_cascade_field_filter":"0","radio_cascade_field_id":"","breakpoint_size_75":"3","breakpoint_sizes":"","wsf-data-grid-auto-group":"0","breakpoint_size_25":"6"}},{"label":"Please Specify","type":"text","date_updated":"2020-03-02 03:32:23","sort_index":"6","id":"16869","meta":{"label_render":"on","label_position":"default","label_column_width":"default","required":"on","hidden":"","default_value":"","placeholder":"","help":"","aria_label":"","exclude_email":"","class_single_vertical_align":"","class_field_wrapper":"","class_field":"","disabled":"","readonly":"","min_length":"","max_length":"","min_length_words":"","max_length_words":"","input_mask":"","pattern":"","dedupe":"","dedupe_message":"","invalid_feedback_render":"on","invalid_feedback":"","custom_attributes":[],"data_grid_datalist":{"rows_per_page":10,"group_index":0,"default":[],"columns":[{"id":0,"label":"Value"},{"id":1,"label":"Label"}],"groups":[{"label":"Values","page":0,"disabled":"","mask_group":"","rows":[]}]},"datalist_field_text":"1","datalist_field_value":"0","breakpoint_size_75":"3","breakpoint_size_25":"6","breakpoint_sizes":"","wsf-data-grid-auto-group":"0"}},{"label":"Divider","type":"divider","date_updated":"2020-03-02 03:29:33","sort_index":"7","id":"16871","meta":{"hidden":"","class_single_vertical_align":"","class_field_wrapper":"","class_field":""}}]},{"label":"Section","child_count":"0","sort_index":"3","id":"1565","meta":{"label_render":"","hidden_section":"","section_repeatable":"","section_repeat_label":"","section_repeat_default":"1","class_section_wrapper":"","disabled_section":"","section_repeat_min":"","section_repeat_max":"","section_repeatable_delimiter_section":",","section_repeatable_delimiter_row":";","breakpoint_size_25":"","breakpoint_size_50":"","breakpoint_size_75":"12","breakpoint_size_100":"","breakpoint_size_125":""},"fields":[{"label":"Text Editor","type":"texteditor","date_updated":"2020-03-02 04:04:38","sort_index":"1","id":"16872","meta":{"hidden":"","text_editor":"<p><em>This demo is configured with a maximum row count of 3.<\/em><\/p>\n","exclude_email":"on","class_single_vertical_align":"","class_field_wrapper":"","html_editor":"","breakpoint_size_75":"9","breakpoint_sizes":""}},{"label":"Cart Total","type":"cart_total","date_updated":"2020-03-02 03:47:50","sort_index":"2","id":"16860","meta":{"label_render":"on","label_position":"default","label_column_width":"default","hidden":"","text_align":"right","aria_label":"","exclude_email":"","class_single_vertical_align":"","class_field_wrapper":"","class_field":"","custom_attributes":"","breakpoint_size_25":"6","breakpoint_offset_25":"6","breakpoint_size_75":"3","breakpoint_offset_75":"0"}}]}],"meta":{"label_render":"","class_group_wrapper":""}}],"meta":{"label_render":"","analytics_google":"","analytics_google_event_tab":"on","analytics_google_event_field":"on","tracking_remote_ip":"","tracking_agent":"","tracking_referrer":"","tracking_os":"","tracking_host":"","tracking_geo_location":"","tracking_ip_lookup_latlon":"","tracking_ip_lookup_city":"","tracking_ip_lookup_region":"","tracking_ip_lookup_country":"","tracking_utm_source":"","tracking_utm_medium":"","tracking_utm_campaign":"","tracking_utm_term":"","tracking_utm_content":"","honeypot":"","spam_threshold":"50","label_mask_form":"","class_form_wrapper":"","submit_on_enter":"","submit_lock":"on","submit_unlock":"on","submit_reload":"on","submit_show_errors":"on","form_action":"","cookie_tab_index":"on","tab_validation":"","label_mask_group":"","class_group_wrapper":"","label_mask_section":"","class_section_wrapper":"","invalid_field_focus":"on","class_field_wrapper":"","class_field":"","label_position_form":"top","label_column_width_form":"3","label_required":"on","label_mask_required":"","submit_limit":"","submit_limit_count":"","submit_limit_period":"","submit_limit_message":"","submit_limit_message_type":"information","schedule_start":"","schedule_start_datetime":"","schedule_start_message":"","schedule_start_message_type":"information","schedule_end":"","schedule_end_datetime":"","schedule_end_message":"","schedule_end_message_type":"information","user_limit_logged_in":"","user_limit_logged_in_message":"","user_limit_logged_in_message_type":"danger","form_populate_enabled":"","form_populate_action_id":"","form_populate_list_id":"","action_user_form_populate_field_mapping":[],"form_populate_field_mapping":[],"action_user_form_populate_meta_mapping":[],"form_populate_tag_mapping":[],"breakpoint":"25","tab_index":"0","action":{"rows_per_page":10,"group_index":0,"default":[],"columns":[{"id":0,"label":"Action"},{"id":1,"label":"Data"}],"groups":[{"label":"Actions","page":0,"disabled":"","mask_group":"","rows":[{"id":1,"default":"","required":"","disabled":"","hidden":"","data":["Save Submission","{\"id\":\"database\",\"meta\":{\"action_database_field_filter\":\"\",\"action_database_field_filter_mapping\":\"\",\"action_database_expire\":\"\",\"action_database_expire_duration\":\"90\"},\"events\":[\"save\",\"submit\"]}"]},{"id":2,"default":"","required":"","disabled":"","hidden":"","data":["Show Message","{\"id\":\"message\",\"meta\":{\"action_message_message\":\"Thank you for your submission.\",\"action_message_type\":\"success\",\"action_message_method\":\"before\",\"action_message_form_hide\":\"on\",\"action_message_clear\":\"on\",\"action_message_scroll_top\":\"\",\"action_message_scroll_top_offset\":\"0\",\"action_message_scroll_top_duration\":\"400\",\"action_message_duration\":\"\",\"action_message_message_hide\":\"\",\"action_message_form_show\":\"\"},\"events\":[\"submit\"]}"]},{"id":3,"default":"","required":"","disabled":"","hidden":"","data":["Send Email","{\"id\":\"email\",\"meta\":{\"action_email_content_type\":\"text\\\/html\",\"action_email_from_email\":\"#blog_admin_email\",\"action_email_from_name\":\"#blog_name\",\"action_email_to\":[{\"action_email_email\":\"#blog_admin_email\",\"action_email_name\":\"#blog_name\"}],\"action_email_cc\":\"\",\"action_email_bcc\":\"\",\"action_email_reply_to_email\":\"\",\"action_email_subject\":\"#form_label\",\"action_email_message_editor\":\"text_editor\",\"action_email_message_wrapper\":\"on\",\"action_email_message_textarea\":\"#email_submission\",\"action_email_message_text_editor\":\"<h3>#email_subject<\\\/h3>\\n\\n#email_submission\",\"action_email_message_html_editor\":\"<h1>#email_subject<\\\/h1>\\n\\n#email_submission\",\"action_email_attachments\":\"\",\"action_email_headers\":\"\",\"action_email_charset\":\"#blog_charset\"},\"events\":[\"submit\"]}"]}]}]},"field_select":"","form_history":"","knowledgebase":"","contact_inquiry":"","contact_push_form":"","contact_push_system":"","contact_gdpr":"","contact_submit":"","conditional":{"rows_per_page":10,"group_index":0,"default":[],"columns":[{"id":0,"label":"Condition"},{"id":1,"label":"Data"}],"groups":[{"label":"Conditions","page":0,"disabled":"","mask_group":"","rows":[{"id":1,"default":"","disabled":"","required":"","hidden":"","data":["Set All Child","{\"if\":[{\"conditions\":[{\"id\":1,\"object\":\"field\",\"object_id\":\"16863\",\"object_row_id\":0,\"logic\":\"click\",\"value\":\"\",\"case_sensitive\":true,\"logic_previous\":\"||\"}],\"logic_previous\":\"||\"}],\"then\":[{\"id\":1,\"object\":\"field\",\"object_id\":\"16859\",\"object_row_id\":\"2\",\"action\":\"value_row_check\",\"value\":\"\"}],\"else\":[]}"]},{"id":2,"default":"","disabled":"","required":"","hidden":"","data":["Set All Adult","{\"if\":[{\"conditions\":[{\"id\":2,\"object\":\"field\",\"object_id\":\"16862\",\"object_row_id\":0,\"logic\":\"click\",\"value\":\"\",\"case_sensitive\":true,\"logic_previous\":\"||\"}],\"logic_previous\":\"||\"}],\"then\":[{\"id\":1,\"object\":\"field\",\"object_id\":\"16859\",\"object_row_id\":\"1\",\"action\":\"value_row_check\",\"value\":\"\"}],\"else\":[]}"]},{"id":3,"default":"","disabled":"","required":"","hidden":"","data":["Allergies?","{\"if\":[{\"conditions\":[{\"id\":1,\"object\":\"field\",\"object_id\":\"16868\",\"object_row_id\":\"1\",\"logic\":\"checked\",\"value\":\"\",\"case_sensitive\":true,\"logic_previous\":\"||\"}],\"logic_previous\":\"||\"}],\"then\":[{\"id\":1,\"object\":\"field\",\"object_id\":\"16869\",\"object_row_id\":\"\",\"action\":\"visibility\",\"value\":\"\"}],\"else\":[{\"id\":1,\"object\":\"field\",\"object_id\":\"16869\",\"object_row_id\":\"\",\"action\":\"visibility\",\"value\":\"off\"}]}"]}]}]}},"identifier":"ws_form","version":"1.5.0","time":1583173647,"checksum":"22de41f4de46dac7bc7b51ecadec6579"}