{"label":"Select2","status":"draft","count_stat_view":"0","count_stat_save":"0","count_stat_submit":"0","count_submit":0,"count_submit_unread":"0","id":"13612","groups":[{"label":"Tab","sort_index":"1","id":"1065","sections":[{"label":"Section","child_count":"0","sort_index":"1","id":"1683","meta":{"label_render":"","hidden_section":"","section_repeatable":"","section_repeat_label":"","section_repeat_default":"","class_single_vertical_align":"","class_section_wrapper":"","disabled_section":"","section_repeat_min":"","section_repeat_max":"","section_repeatable_delimiter_section":",","section_repeatable_delimiter_row":";"},"fields":[{"label":"Select + Select2","type":"select","date_updated":"2020-10-17 03:41:53","sort_index":"1","id":"17298","meta":{"label_render":"on","required":"","hidden":"","multiple":"","size":"","placeholder_row":"Select...","help":"","select2_intro":"","select2":"on","select2_ajax":"","prepend":"","append":"","aria_label":"","exclude_email":"","hidden_bypass":"","label_position":"default","label_column_width":"default","class_single_vertical_align":"","class_field_wrapper":"","class_field":"","disabled":"","select_min":"","select_max":"","dedupe_value_scope":"","invalid_feedback_render":"on","invalid_feedback":"","custom_attributes":[],"data_grid_select":{"rows_per_page":10,"group_index":0,"default":[],"columns":[{"id":0,"label":"State"},{"id":1,"label":"Abbreviation"}],"groups":[{"label":"States (US)","page":0,"disabled":"","mask_group":"","rows":[{"id":1,"default":"","disabled":"","required":"","hidden":"","data":["Alabama","AL"]},{"id":2,"default":"","disabled":"","required":"","hidden":"","data":["Alaska","AK"]},{"id":3,"default":"","disabled":"","required":"","hidden":"","data":["Arizona","AZ"]},{"id":4,"default":"","disabled":"","required":"","hidden":"","data":["Arkansas","AR"]},{"id":5,"default":"","disabled":"","required":"","hidden":"","data":["California","CA"]},{"id":6,"default":"","disabled":"","required":"","hidden":"","data":["Colorado","CO"]},{"id":7,"default":"","disabled":"","required":"","hidden":"","data":["Connecticut","CT"]},{"id":8,"default":"","disabled":"","required":"","hidden":"","data":["Delaware","DE"]},{"id":9,"default":"","disabled":"","required":"","hidden":"","data":["District of Columbia","DC"]},{"id":10,"default":"","disabled":"","required":"","hidden":"","data":["Florida","FL"]},{"id":11,"default":"","disabled":"","required":"","hidden":"","data":["Georgia","GA"]},{"id":12,"default":"","disabled":"","required":"","hidden":"","data":["Hawaii","HI"]},{"id":13,"default":"","disabled":"","required":"","hidden":"","data":["Idaho","ID"]},{"id":14,"default":"","disabled":"","required":"","hidden":"","data":["Illinois","IL"]},{"id":15,"default":"","disabled":"","required":"","hidden":"","data":["Indiana","IN"]},{"id":16,"default":"","disabled":"","required":"","hidden":"","data":["Iowa","IA"]},{"id":17,"default":"","disabled":"","required":"","hidden":"","data":["Kansas","KS"]},{"id":18,"default":"","disabled":"","required":"","hidden":"","data":["Kentucky","KY"]},{"id":19,"default":"","disabled":"","required":"","hidden":"","data":["Louisiana","LA"]},{"id":20,"default":"","disabled":"","required":"","hidden":"","data":["Maine","ME"]},{"id":21,"default":"","disabled":"","required":"","hidden":"","data":["Maryland","MD"]},{"id":22,"default":"","disabled":"","required":"","hidden":"","data":["Massachusetts","MA"]},{"id":23,"default":"","disabled":"","required":"","hidden":"","data":["Michigan","MI"]},{"id":24,"default":"","disabled":"","required":"","hidden":"","data":["Minnesota","MN"]},{"id":25,"default":"","disabled":"","required":"","hidden":"","data":["Mississippi","MS"]},{"id":26,"default":"","disabled":"","required":"","hidden":"","data":["Missouri","MO"]},{"id":27,"default":"","disabled":"","required":"","hidden":"","data":["Montana","MT"]},{"id":28,"default":"","disabled":"","required":"","hidden":"","data":["Nebraska","NE"]},{"id":29,"default":"","disabled":"","required":"","hidden":"","data":["Nevada","NV"]},{"id":30,"default":"","disabled":"","required":"","hidden":"","data":["New Hampshire","NH"]},{"id":31,"default":"","disabled":"","required":"","hidden":"","data":["New Jersey","NJ"]},{"id":32,"default":"","disabled":"","required":"","hidden":"","data":["New Mexico","NM"]},{"id":33,"default":"","disabled":"","required":"","hidden":"","data":["New York","NY"]},{"id":34,"default":"","disabled":"","required":"","hidden":"","data":["North Carolina","NC"]},{"id":35,"default":"","disabled":"","required":"","hidden":"","data":["North Dakota","ND"]},{"id":36,"default":"","disabled":"","required":"","hidden":"","data":["Ohio","OH"]},{"id":37,"default":"","disabled":"","required":"","hidden":"","data":["Oklahoma","OK"]},{"id":38,"default":"","disabled":"","required":"","hidden":"","data":["Oregon","OR"]},{"id":39,"default":"","disabled":"","required":"","hidden":"","data":["Pennsylvania","PA"]},{"id":40,"default":"","disabled":"","required":"","hidden":"","data":["Rhode Island","RI"]},{"id":41,"default":"","disabled":"","required":"","hidden":"","data":["South Carolina","SC"]},{"id":42,"default":"","disabled":"","required":"","hidden":"","data":["South Dakota","SD"]},{"id":43,"default":"","disabled":"","required":"","hidden":"","data":["Tennessee","TN"]},{"id":44,"default":"","disabled":"","required":"","hidden":"","data":["Texas","TX"]},{"id":45,"default":"","disabled":"","required":"","hidden":"","data":["Utah","UT"]},{"id":46,"default":"","disabled":"","required":"","hidden":"","data":["Vermont","VT"]},{"id":47,"default":"","disabled":"","required":"","hidden":"","data":["Virginia","VA"]},{"id":48,"default":"","disabled":"","required":"","hidden":"","data":["Washington","WA"]},{"id":49,"default":"","disabled":"","required":"","hidden":"","data":["West Virginia","WV"]},{"id":50,"default":"","disabled":"","required":"","hidden":"","data":["Wisconsin","WI"]},{"id":51,"default":"","disabled":"","required":"","hidden":"","data":["Wyoming","WY"]}]}]},"data_grid_rows_randomize":"","select_field_label":"0","select_field_value":"0","select_field_parse_variable":"0","select_cascade":"","select_cascade_field_filter":"0","select_cascade_field_id":"","select_cascade_no_match":"","select_cascade_option_text_no_rows":"","select_cascade_ajax":"","select_cascade_ajax_option_text_loading":"","breakpoint_sizes":"","data_source_id":"","wsf-data-grid-auto-group":"0","data_source_preset_preset_id":"10615","data_source_preset_get":"","data_source_get":""}},{"label":"Select + Select2 + Pill Boxes","type":"select","date_updated":"2020-10-17 03:53:39","sort_index":"2","id":"17299","meta":{"label_render":"on","required":"","hidden":"","multiple":"on","size":"","placeholder_row":"Select...","help":"Enable the 'Multiple' setting on a select field to use pill boxes.","select2_intro":"","select2":"on","select2_ajax":"","prepend":"","append":"","aria_label":"","exclude_email":"","hidden_bypass":"","label_position":"default","label_column_width":"default","class_single_vertical_align":"","class_field_wrapper":"","class_field":"","disabled":"","select_min":"","select_max":"","dedupe_value_scope":"","invalid_feedback_render":"on","invalid_feedback":"","custom_attributes":[],"data_grid_select":{"rows_per_page":10,"group_index":0,"default":[],"columns":[{"id":0,"label":"State"},{"id":1,"label":"Abbreviation"}],"groups":[{"label":"States (US)","page":0,"disabled":"","mask_group":"","rows":[{"id":1,"default":"","disabled":"","required":"","hidden":"","data":["Alabama","AL"]},{"id":2,"default":"","disabled":"","required":"","hidden":"","data":["Alaska","AK"]},{"id":3,"default":"","disabled":"","required":"","hidden":"","data":["Arizona","AZ"]},{"id":4,"default":"","disabled":"","required":"","hidden":"","data":["Arkansas","AR"]},{"id":5,"default":"","disabled":"","required":"","hidden":"","data":["California","CA"]},{"id":6,"default":"","disabled":"","required":"","hidden":"","data":["Colorado","CO"]},{"id":7,"default":"","disabled":"","required":"","hidden":"","data":["Connecticut","CT"]},{"id":8,"default":"","disabled":"","required":"","hidden":"","data":["Delaware","DE"]},{"id":9,"default":"","disabled":"","required":"","hidden":"","data":["District of Columbia","DC"]},{"id":10,"default":"","disabled":"","required":"","hidden":"","data":["Florida","FL"]},{"id":11,"default":"","disabled":"","required":"","hidden":"","data":["Georgia","GA"]},{"id":12,"default":"","disabled":"","required":"","hidden":"","data":["Hawaii","HI"]},{"id":13,"default":"","disabled":"","required":"","hidden":"","data":["Idaho","ID"]},{"id":14,"default":"","disabled":"","required":"","hidden":"","data":["Illinois","IL"]},{"id":15,"default":"","disabled":"","required":"","hidden":"","data":["Indiana","IN"]},{"id":16,"default":"","disabled":"","required":"","hidden":"","data":["Iowa","IA"]},{"id":17,"default":"","disabled":"","required":"","hidden":"","data":["Kansas","KS"]},{"id":18,"default":"","disabled":"","required":"","hidden":"","data":["Kentucky","KY"]},{"id":19,"default":"","disabled":"","required":"","hidden":"","data":["Louisiana","LA"]},{"id":20,"default":"","disabled":"","required":"","hidden":"","data":["Maine","ME"]},{"id":21,"default":"","disabled":"","required":"","hidden":"","data":["Maryland","MD"]},{"id":22,"default":"","disabled":"","required":"","hidden":"","data":["Massachusetts","MA"]},{"id":23,"default":"","disabled":"","required":"","hidden":"","data":["Michigan","MI"]},{"id":24,"default":"","disabled":"","required":"","hidden":"","data":["Minnesota","MN"]},{"id":25,"default":"","disabled":"","required":"","hidden":"","data":["Mississippi","MS"]},{"id":26,"default":"","disabled":"","required":"","hidden":"","data":["Missouri","MO"]},{"id":27,"default":"","disabled":"","required":"","hidden":"","data":["Montana","MT"]},{"id":28,"default":"","disabled":"","required":"","hidden":"","data":["Nebraska","NE"]},{"id":29,"default":"","disabled":"","required":"","hidden":"","data":["Nevada","NV"]},{"id":30,"default":"","disabled":"","required":"","hidden":"","data":["New Hampshire","NH"]},{"id":31,"default":"","disabled":"","required":"","hidden":"","data":["New Jersey","NJ"]},{"id":32,"default":"","disabled":"","required":"","hidden":"","data":["New Mexico","NM"]},{"id":33,"default":"","disabled":"","required":"","hidden":"","data":["New York","NY"]},{"id":34,"default":"","disabled":"","required":"","hidden":"","data":["North Carolina","NC"]},{"id":35,"default":"","disabled":"","required":"","hidden":"","data":["North Dakota","ND"]},{"id":36,"default":"","disabled":"","required":"","hidden":"","data":["Ohio","OH"]},{"id":37,"default":"","disabled":"","required":"","hidden":"","data":["Oklahoma","OK"]},{"id":38,"default":"","disabled":"","required":"","hidden":"","data":["Oregon","OR"]},{"id":39,"default":"","disabled":"","required":"","hidden":"","data":["Pennsylvania","PA"]},{"id":40,"default":"","disabled":"","required":"","hidden":"","data":["Rhode Island","RI"]},{"id":41,"default":"","disabled":"","required":"","hidden":"","data":["South Carolina","SC"]},{"id":42,"default":"","disabled":"","required":"","hidden":"","data":["South Dakota","SD"]},{"id":43,"default":"","disabled":"","required":"","hidden":"","data":["Tennessee","TN"]},{"id":44,"default":"","disabled":"","required":"","hidden":"","data":["Texas","TX"]},{"id":45,"default":"","disabled":"","required":"","hidden":"","data":["Utah","UT"]},{"id":46,"default":"","disabled":"","required":"","hidden":"","data":["Vermont","VT"]},{"id":47,"default":"","disabled":"","required":"","hidden":"","data":["Virginia","VA"]},{"id":48,"default":"","disabled":"","required":"","hidden":"","data":["Washington","WA"]},{"id":49,"default":"","disabled":"","required":"","hidden":"","data":["West Virginia","WV"]},{"id":50,"default":"","disabled":"","required":"","hidden":"","data":["Wisconsin","WI"]},{"id":51,"default":"","disabled":"","required":"","hidden":"","data":["Wyoming","WY"]}]}]},"data_grid_rows_randomize":"","select_field_label":"0","select_field_value":"0","select_field_parse_variable":"0","select_cascade":"","select_cascade_field_filter":"0","select_cascade_field_id":"","select_cascade_no_match":"","select_cascade_option_text_no_rows":"","select_cascade_ajax":"","select_cascade_ajax_option_text_loading":"","breakpoint_sizes":"","data_source_id":"","wsf-data-grid-auto-group":"0","data_source_preset_preset_id":"10615","data_source_preset_get":"","data_source_get":""}},{"label":"Select + Select2 + AJAX","type":"select","date_updated":"2020-10-17 03:44:14","sort_index":"3","id":"17300","meta":{"label_render":"on","required":"","hidden":"","multiple":"","size":"","placeholder_row":"Find a state by keyword...","help":"","select2_intro":"","select2":"on","select2_ajax":"on","prepend":"","append":"","aria_label":"","exclude_email":"","hidden_bypass":"","label_position":"default","label_column_width":"default","class_single_vertical_align":"","class_field_wrapper":"","class_field":"","disabled":"","select_min":"","select_max":"","dedupe_value_scope":"","invalid_feedback_render":"on","invalid_feedback":"","custom_attributes":[],"data_grid_select":{"rows_per_page":10,"group_index":0,"default":[],"columns":[{"id":0,"label":"State"},{"id":1,"label":"Abbreviation"}],"groups":[{"label":"States (US)","page":0,"disabled":"","mask_group":"","rows":[{"id":1,"default":"","disabled":"","required":"","hidden":"","data":["Alabama","AL"]},{"id":2,"default":"","disabled":"","required":"","hidden":"","data":["Alaska","AK"]},{"id":3,"default":"","disabled":"","required":"","hidden":"","data":["Arizona","AZ"]},{"id":4,"default":"","disabled":"","required":"","hidden":"","data":["Arkansas","AR"]},{"id":5,"default":"","disabled":"","required":"","hidden":"","data":["California","CA"]},{"id":6,"default":"","disabled":"","required":"","hidden":"","data":["Colorado","CO"]},{"id":7,"default":"","disabled":"","required":"","hidden":"","data":["Connecticut","CT"]},{"id":8,"default":"","disabled":"","required":"","hidden":"","data":["Delaware","DE"]},{"id":9,"default":"","disabled":"","required":"","hidden":"","data":["District of Columbia","DC"]},{"id":10,"default":"","disabled":"","required":"","hidden":"","data":["Florida","FL"]},{"id":11,"default":"","disabled":"","required":"","hidden":"","data":["Georgia","GA"]},{"id":12,"default":"","disabled":"","required":"","hidden":"","data":["Hawaii","HI"]},{"id":13,"default":"","disabled":"","required":"","hidden":"","data":["Idaho","ID"]},{"id":14,"default":"","disabled":"","required":"","hidden":"","data":["Illinois","IL"]},{"id":15,"default":"","disabled":"","required":"","hidden":"","data":["Indiana","IN"]},{"id":16,"default":"","disabled":"","required":"","hidden":"","data":["Iowa","IA"]},{"id":17,"default":"","disabled":"","required":"","hidden":"","data":["Kansas","KS"]},{"id":18,"default":"","disabled":"","required":"","hidden":"","data":["Kentucky","KY"]},{"id":19,"default":"","disabled":"","required":"","hidden":"","data":["Louisiana","LA"]},{"id":20,"default":"","disabled":"","required":"","hidden":"","data":["Maine","ME"]},{"id":21,"default":"","disabled":"","required":"","hidden":"","data":["Maryland","MD"]},{"id":22,"default":"","disabled":"","required":"","hidden":"","data":["Massachusetts","MA"]},{"id":23,"default":"","disabled":"","required":"","hidden":"","data":["Michigan","MI"]},{"id":24,"default":"","disabled":"","required":"","hidden":"","data":["Minnesota","MN"]},{"id":25,"default":"","disabled":"","required":"","hidden":"","data":["Mississippi","MS"]},{"id":26,"default":"","disabled":"","required":"","hidden":"","data":["Missouri","MO"]},{"id":27,"default":"","disabled":"","required":"","hidden":"","data":["Montana","MT"]},{"id":28,"default":"","disabled":"","required":"","hidden":"","data":["Nebraska","NE"]},{"id":29,"default":"","disabled":"","required":"","hidden":"","data":["Nevada","NV"]},{"id":30,"default":"","disabled":"","required":"","hidden":"","data":["New Hampshire","NH"]},{"id":31,"default":"","disabled":"","required":"","hidden":"","data":["New Jersey","NJ"]},{"id":32,"default":"","disabled":"","required":"","hidden":"","data":["New Mexico","NM"]},{"id":33,"default":"","disabled":"","required":"","hidden":"","data":["New York","NY"]},{"id":34,"default":"","disabled":"","required":"","hidden":"","data":["North Carolina","NC"]},{"id":35,"default":"","disabled":"","required":"","hidden":"","data":["North Dakota","ND"]},{"id":36,"default":"","disabled":"","required":"","hidden":"","data":["Ohio","OH"]},{"id":37,"default":"","disabled":"","required":"","hidden":"","data":["Oklahoma","OK"]},{"id":38,"default":"","disabled":"","required":"","hidden":"","data":["Oregon","OR"]},{"id":39,"default":"","disabled":"","required":"","hidden":"","data":["Pennsylvania","PA"]},{"id":40,"default":"","disabled":"","required":"","hidden":"","data":["Rhode Island","RI"]},{"id":41,"default":"","disabled":"","required":"","hidden":"","data":["South Carolina","SC"]},{"id":42,"default":"","disabled":"","required":"","hidden":"","data":["South Dakota","SD"]},{"id":43,"default":"","disabled":"","required":"","hidden":"","data":["Tennessee","TN"]},{"id":44,"default":"","disabled":"","required":"","hidden":"","data":["Texas","TX"]},{"id":45,"default":"","disabled":"","required":"","hidden":"","data":["Utah","UT"]},{"id":46,"default":"","disabled":"","required":"","hidden":"","data":["Vermont","VT"]},{"id":47,"default":"","disabled":"","required":"","hidden":"","data":["Virginia","VA"]},{"id":48,"default":"","disabled":"","required":"","hidden":"","data":["Washington","WA"]},{"id":49,"default":"","disabled":"","required":"","hidden":"","data":["West Virginia","WV"]},{"id":50,"default":"","disabled":"","required":"","hidden":"","data":["Wisconsin","WI"]},{"id":51,"default":"","disabled":"","required":"","hidden":"","data":["Wyoming","WY"]}]}]},"data_grid_rows_randomize":"","select_field_label":"0","select_field_value":"0","select_field_parse_variable":"0","select_cascade":"","select_cascade_field_filter":"0","select_cascade_field_id":"","select_cascade_no_match":"","select_cascade_option_text_no_rows":"","select_cascade_ajax":"","select_cascade_ajax_option_text_loading":"","breakpoint_sizes":"","data_source_id":"","wsf-data-grid-auto-group":"0","data_source_preset_preset_id":"10615","data_source_preset_get":"","data_source_get":""}}]}],"meta":{"label_render":"","class_group_wrapper":""}}],"meta":{"label_render":"","submit_on_enter":"","invalid_field_focus":"on","submit_lock":"on","submit_unlock":"on","submit_reload":"on","submit_show_errors":"on","form_action":"","cookie_tab_index":"on","tab_validation":"","label_position_form":"top","label_column_width_form":"3","label_required":"on","label_mask_required":"","class_form_wrapper":"","class_group_wrapper":"","class_section_wrapper":"","class_field_wrapper":"","class_field":"","label_mask_form":"","label_mask_group":"","label_mask_section":"","action_humanpresence_intro":"","action_humanpresence_not_enabled":"","action_akismetv1_intro":"","action_akismetv1_not_enabled":"","honeypot":"","spam_threshold":"50","submit_limit":"","submit_limit_count":"","submit_limit_period":"","submit_limit_message":"","submit_limit_message_type":"information","schedule_start":"","schedule_start_datetime":"","schedule_start_message":"","schedule_start_message_type":"information","schedule_end":"","schedule_end_datetime":"","schedule_end_message":"","schedule_end_message_type":"information","user_limit_logged_in":"","user_limit_logged_in_message_type":"danger","user_limit_logged_in_message":"","analytics_google":"","analytics_google_event_tab":"on","analytics_google_event_field":"on","tracking_remote_ip":"","tracking_agent":"","tracking_referrer":"","tracking_os":"","tracking_host":"","tracking_pathname":"","tracking_query_string":"","tracking_geo_location":"","tracking_ip_lookup_latlon":"","tracking_ip_lookup_city":"","tracking_ip_lookup_region":"","tracking_ip_lookup_country":"","tracking_utm_source":"","tracking_utm_medium":"","tracking_utm_campaign":"","tracking_utm_term":"","tracking_utm_content":"","form_populate_enabled":"","form_populate_action_id":"","form_populate_list_id":"","action_user_form_populate_field_mapping":[],"form_populate_field_mapping":[],"action_user_form_populate_field_mapping_acf":[],"action_user_form_populate_meta_mapping":[],"form_populate_tag_mapping":[],"breakpoint":"25","tab_index":"0","action":{"rows_per_page":10,"group_index":0,"default":[],"columns":[{"id":0,"label":"Action"},{"id":1,"label":"Data"}],"groups":[{"label":"Actions","page":0,"disabled":"","mask_group":"","rows":[{"id":1,"default":"","required":"","disabled":"","hidden":"","data":["Save Submission","{\"id\":\"database\",\"meta\":{\"action_database_field_filter\":\"\",\"action_database_field_filter_mapping\":\"\",\"action_database_expire\":\"\",\"action_database_expire_duration\":\"90\"},\"events\":[\"save\",\"submit\"]}"]},{"id":2,"default":"","required":"","disabled":"","hidden":"","data":["Show Message","{\"id\":\"message\",\"meta\":{\"action_message_type\":\"success\",\"action_message_message\":\"Thank you for your submission.\",\"action_message_method\":\"before\",\"action_message_form_hide\":\"on\",\"action_message_clear\":\"on\",\"action_message_scroll_top\":\"\",\"action_message_scroll_top_offset\":\"0\",\"action_message_scroll_top_duration\":\"400\",\"action_message_duration\":\"\",\"action_message_message_hide\":\"\",\"action_message_form_show\":\"\"},\"events\":[\"submit\"]}"]},{"id":3,"default":"","required":"","disabled":"","hidden":"","data":["Send Email","{\"id\":\"email\",\"meta\":{\"action_email_from_email\":\"#blog_admin_email\",\"action_email_from_name\":\"#blog_name\",\"action_email_to\":[{\"action_email_email\":\"#blog_admin_email\",\"action_email_name\":\"#blog_name\"}],\"action_email_cc\":\"\",\"action_email_bcc\":\"\",\"action_email_reply_to_email\":\"\",\"action_email_subject\":\"#form_label\",\"action_email_attachments\":\"\",\"action_email_message_editor\":\"text_editor\",\"action_email_message_wrapper\":\"on\",\"action_email_message_textarea\":\"#email_submission\",\"action_email_message_text_editor\":\"<h3>#email_subject<\\\/h3>\\n\\n#email_submission\",\"action_email_message_html_editor\":\"<h1>#email_subject<\\\/h1>\\n\\n#email_submission\",\"action_email_clear_hidden_meta_values\":\"on\",\"action_email_content_type\":\"text\\\/html\",\"action_email_headers\":\"\",\"action_email_charset\":\"#blog_charset\"},\"events\":[\"submit\"]}"]}]}]},"field_select":"","form_history":"","knowledgebase":"","contact_first_name":"","contact_last_name":"","contact_email":"","contact_inquiry":"","contact_push_form":"","contact_push_system":"","contact_gdpr":"","contact_submit":""},"identifier":"ws_form","version":"1.7.80","time":1603226361,"checksum":"1c59214bad963862b342fb10935c32bb"}