{"label":"Responsive Radio Grid","status":"draft","count_stat_view":"0","count_stat_save":"0","count_stat_submit":"0","count_submit":0,"count_submit_unread":"0","id":"1243","groups":[{"label":"Tab","sort_index":"1","id":"2024","sections":[{"label":"Section","child_count":"0","sort_index":"1","id":"3195","meta":{"label_render":"","hidden_section":"","section_repeatable":"","section_repeat_label":"","section_repeat_default":"1","class_section_wrapper":"","disabled_section":"","section_repeat_min":"","section_repeat_max":"","section_repeatable_delimiter_section":",","section_repeatable_delimiter_row":";","breakpoint_size_25":"","breakpoint_offset_25":"","breakpoint_size_50":"","breakpoint_offset_50":"","breakpoint_size_75":"","breakpoint_offset_75":"","breakpoint_size_100":"","breakpoint_offset_100":"","breakpoint_size_125":"","breakpoint_offset_125":""},"fields":[{"label":"Text Editor","type":"texteditor","date_updated":"2020-04-17 03:43:44","sort_index":"1","id":"15319","meta":{"hidden":"","text_editor":"<p>Preview this form on different device screen sizes, or drag your browser window to make it narrow and wide to see fully responsive radio fields.<\/p>\n<p>This is achieved by changing 'Orientation' to 'Grid' in the basic settings tab. Then select widths for each breakpoint.<\/p>\n","exclude_email":"on","class_single_vertical_align":"","class_field_wrapper":"","wc_exclude_cart":"on","html_editor":"","breakpoint_sizes":""}},{"label":"Divider","type":"divider","date_updated":"2020-04-17 03:43:21","sort_index":"2","id":"15320","meta":{"hidden":"","class_single_vertical_align":"","class_field_wrapper":"","class_field":""}}]},{"label":"Simple Radios","child_count":"0","sort_index":"2","id":"3196","meta":{"label_render":"on","hidden_section":"","section_repeatable":"","section_repeat_label":"","section_repeat_default":"1","class_section_wrapper":"","disabled_section":"","section_repeat_min":"","section_repeat_max":"","section_repeatable_delimiter_section":",","section_repeatable_delimiter_row":";","breakpoint_size_25":"","breakpoint_size_50":"","breakpoint_size_75":"","breakpoint_size_100":"","breakpoint_size_125":"","breakpoint_sizes":""},"fields":[{"label":"Simple Radios","type":"radio","date_updated":"2020-04-17 15:05:23","sort_index":"1","id":"15322","meta":{"label_render":"","label_position":"default","label_column_width":"default","required":"","hidden":"","help":"","orientation":"grid","aria_label":"","exclude_email":"","wc_exclude_cart":"","class_single_vertical_align":"","class_field_wrapper":"wrapper-class","class_field":"field-class","invalid_feedback_render":"on","invalid_feedback":"","data_grid_radio":{"rows_per_page":10,"group_index":0,"default":[],"columns":[{"id":0,"label":"Label"}],"groups":[{"label":"Radios","page":0,"disabled":"","mask_group":"","rows":[{"id":1,"default":"","required":"","disabled":"","hidden":"","data":["Radio 1"]},{"id":2,"default":"","required":"","disabled":"","hidden":"","data":["Radio 2"]},{"id":3,"default":"","required":"","disabled":"","hidden":"","data":["Radio 3"]},{"id":4,"default":"","disabled":"","required":"","hidden":"","data":["Radio 4"]},{"id":5,"default":"","disabled":"","required":"","hidden":"","data":["Radio 5"]},{"id":6,"default":"","disabled":"","required":"","hidden":"","data":["Radio 6"]}]}]},"radio_field_label":"0","radio_field_value":"0","data_grid_rows_randomize":"","radio_cascade":"","radio_cascade_field_filter":"0","radio_cascade_field_id":"","orientation_breakpoint_sizes":"","breakpoint_sizes":"","wsf-data-grid-auto-group":"0","orientation_breakpoint_size_50":"6","orientation_breakpoint_size_75":"4","orientation_breakpoint_size_125":"","orientation_breakpoint_size_100":"3"}},{"label":"Divider","type":"divider","date_updated":"2020-04-17 04:39:06","sort_index":"2","id":"15324","meta":{"hidden":"","class_single_vertical_align":"","class_field_wrapper":"","class_field":""}}]},{"label":"Radios With Fieldsets","child_count":"0","sort_index":"3","id":"3197","meta":{"label_render":"on","hidden_section":"","section_repeatable":"","section_repeat_label":"","section_repeat_default":"1","class_section_wrapper":"","disabled_section":"","section_repeat_min":"","section_repeat_max":"","section_repeatable_delimiter_section":",","section_repeatable_delimiter_row":";","breakpoint_size_25":"","breakpoint_size_50":"","breakpoint_size_75":"","breakpoint_size_100":"","breakpoint_size_125":"","breakpoint_sizes":""},"fields":[{"label":"Radio with Fieldsets","type":"radio","date_updated":"2020-04-17 15:05:35","sort_index":"1","id":"15323","meta":{"label_render":"","label_position":"default","label_column_width":"default","required":"","hidden":"","help":"","orientation":"grid","aria_label":"","exclude_email":"","wc_exclude_cart":"","class_single_vertical_align":"","class_field_wrapper":"wrapper-class","class_field":"field-class","invalid_feedback_render":"on","invalid_feedback":"","data_grid_radio":{"rows_per_page":10,"group_index":0,"default":[],"columns":[{"id":0,"label":"Label"}],"groups":[{"label":"Fieldset 1","page":0,"disabled":"","mask_group":"on","rows":[{"id":1,"default":"","required":"","disabled":"","hidden":"","data":["Radio 1"]},{"id":2,"default":"","required":"","disabled":"","hidden":"","data":["Radio 2"]},{"id":3,"default":"","required":"","disabled":"","hidden":"","data":["Radio 3"]},{"id":4,"default":"","disabled":"","required":"","hidden":"","data":["Radio 4"]},{"id":5,"default":"","disabled":"","required":"","hidden":"","data":["Radio 5"]},{"id":6,"default":"","disabled":"","required":"","hidden":"","data":["Radio 6"]}],"label_render":"on"},{"label":"Fieldset 2","page":0,"disabled":"","mask_group":"on","rows":[{"id":7,"default":"","disabled":"","required":"","hidden":"","data":["Radio 7"]},{"id":8,"default":"","disabled":"","required":"","hidden":"","data":["Radio 8"]},{"id":9,"default":"","disabled":"","required":"","hidden":"","data":["Radio 9"]},{"id":10,"default":"","disabled":"","required":"","hidden":"","data":["Radio 10"]},{"id":11,"default":"","disabled":"","required":"","hidden":"","data":["Radio 11"]},{"id":12,"default":"","disabled":"","required":"","hidden":"","data":["Radio 12"]}],"label_render":"on"}]},"radio_field_label":"0","radio_field_value":"0","data_grid_rows_randomize":"","radio_cascade":"","radio_cascade_field_filter":"0","radio_cascade_field_id":"","orientation_breakpoint_sizes":"","breakpoint_sizes":"","wsf-data-grid-auto-group":"0","orientation_breakpoint_size_50":"6","orientation_breakpoint_size_75":"4","orientation_breakpoint_size_125":"","orientation_breakpoint_size_100":"3"}}]}],"meta":{"label_render":"","class_group_wrapper":""}}],"meta":{"label_render":"on","analytics_google":"","analytics_google_event_tab":"on","analytics_google_event_field":"on","tracking_remote_ip":"","tracking_agent":"","tracking_referrer":"","tracking_os":"","tracking_host":"","tracking_geo_location":"","tracking_ip_lookup_latlon":"","tracking_ip_lookup_city":"","tracking_ip_lookup_region":"","tracking_ip_lookup_country":"","tracking_utm_source":"","tracking_utm_medium":"","tracking_utm_campaign":"","tracking_utm_term":"","tracking_utm_content":"","honeypot":"","spam_threshold":"50","label_mask_form":"","class_form_wrapper":"","submit_on_enter":"","submit_lock":"on","submit_unlock":"on","submit_reload":"on","submit_show_errors":"on","form_action":"","cookie_tab_index":"on","tab_validation":"","label_mask_group":"","class_group_wrapper":"","label_mask_section":"","class_section_wrapper":"","invalid_field_focus":"on","class_field_wrapper":"","class_field":"","label_position_form":"top","label_column_width_form":"3","label_required":"on","label_mask_required":"","submit_limit":"","submit_limit_count":"","submit_limit_period":"","submit_limit_message":"","submit_limit_message_type":"information","schedule_start":"","schedule_start_datetime":"","schedule_start_message":"","schedule_start_message_type":"information","schedule_end":"","schedule_end_datetime":"","schedule_end_message":"","schedule_end_message_type":"information","user_limit_logged_in":"","user_limit_logged_in_message":"","user_limit_logged_in_message_type":"danger","form_populate_enabled":"","form_populate_action_id":"","form_populate_list_id":"","action_user_form_populate_field_mapping":[],"form_populate_field_mapping":[],"action_user_form_populate_meta_mapping":[],"form_populate_tag_mapping":[],"breakpoint":"25","tab_index":"0","action":{"rows_per_page":10,"group_index":0,"default":[],"columns":[{"id":0,"label":"Action"},{"id":1,"label":"Data"}],"groups":[{"label":"Actions","page":0,"disabled":"","mask_group":"","rows":[{"id":1,"default":"","required":"","disabled":"","hidden":"","data":["Save to Submissions","{\"id\":\"database\",\"meta\":{\"action_database_field_filter\":\"\",\"action_database_field_filter_mapping\":\"\",\"action_database_expire\":\"\",\"action_database_expire_duration\":\"90\"},\"events\":[\"save\",\"submit\"]}"]},{"id":2,"default":"","required":"","disabled":"","hidden":"","data":["Show Message","{\"id\":\"message\",\"meta\":{\"action_message_message\":\"Thank you for your submission.\",\"action_message_type\":\"success\",\"action_message_method\":\"before\",\"action_message_form_hide\":\"on\",\"action_message_clear\":\"on\",\"action_message_scroll_top\":\"\",\"action_message_duration\":\"\",\"action_message_message_hide\":\"\",\"action_message_form_show\":\"\"},\"events\":[\"submit\"]}"]}]}]},"field_select":"","form_history":"","knowledgebase":"","contact_inquiry":"","contact_push_form":"","contact_push_system":"","contact_gdpr":"","contact_submit":"","wc_form_assign_intro":"","wc_form_assign":"","wc_form_assign_product_cat_include_mapping":[],"wc_form_assign_product_tag_include_mapping":[],"wc_form_assign_product_include_mapping":[],"wc_form_assign_product_cat_exclude_mapping":[],"wc_form_assign_product_tag_exclude_mapping":[],"wc_form_assign_product_exclude_mapping":[],"wc_catalog_add_to_cart_text":"","wc_price_disable":"","wc_price_prefix":"","wc_price_suffix":"","wc_product_price_variation_hide":"","wc_product_add_to_cart_hide":"","wc_product_quantity_hide":"","wc_product_form_validate":"","wc_cart_edit":"","wc_cart_price_plugin_allow_negative":"","wc_actions_fire":""},"identifier":"ws_form","version":"1.5.21","time":1587136864,"checksum":"7b38e832444574d08855f0b39e2a4f9a"}