{"label":"Prefix \/ Suffix","status":"draft","count_stat_view":"0","count_stat_save":"0","count_stat_submit":"0","count_submit":0,"count_submit_unread":"0","id":"2738","groups":[{"label":"Tab","sort_index":"1","id":"4806","sections":[{"label":"Section","child_count":"0","sort_index":"1","id":"8464","meta":{"label_render":"","hidden_section":"","section_repeatable":"","section_repeat_label":"","section_repeat_default":"","class_single_vertical_align":"","class_section_wrapper":"","disabled_section":"","section_repeat_min":"","section_repeat_max":"","section_repeatable_delimiter_section":",","section_repeatable_delimiter_row":";"},"fields":[{"label":"Weight","type":"text","date_updated":"2020-10-22 21:05:47","sort_index":"1","id":"39645","meta":{"label_render":"on","required":"","hidden":"","autocomplete_off":"","default_value":"","placeholder":"","help":"","prepend":"","append":"lb","aria_label":"","exclude_email":"","wc_exclude_cart":"","hidden_bypass":"","label_position":"default","label_column_width":"default","class_single_vertical_align":"","class_field_wrapper":"","class_field":"","disabled":"","readonly":"","min_length":"","max_length":"","min_length_words":"","max_length_words":"","input_mask":"","pattern":"","dedupe":"","dedupe_message":"","invalid_feedback_render":"on","invalid_feedback":"","custom_attributes":[],"data_grid_datalist":{"rows_per_page":10,"group_index":0,"default":[],"columns":[{"id":0,"label":"Value"},{"id":1,"label":"Label"}],"groups":[{"label":"Values","page":0,"disabled":"","mask_group":"","rows":[]}]},"datalist_field_text":"1","datalist_field_value":"0","breakpoint_size_25":"6","breakpoint_sizes":"","data_source_id":"","wsf-data-grid-auto-group":"0"}},{"label":"Amount","type":"text","date_updated":"2020-10-22 21:05:47","sort_index":"2","id":"39646","meta":{"label_render":"on","required":"","hidden":"","autocomplete_off":"","default_value":"","placeholder":"","help":"","prepend":"$","append":".00","aria_label":"","exclude_email":"","wc_exclude_cart":"","hidden_bypass":"","label_position":"default","label_column_width":"default","class_single_vertical_align":"","class_field_wrapper":"","class_field":"","disabled":"","readonly":"","min_length":"","max_length":"","min_length_words":"","max_length_words":"","input_mask":"","pattern":"","dedupe":"","dedupe_message":"","invalid_feedback_render":"on","invalid_feedback":"","custom_attributes":[],"data_grid_datalist":{"rows_per_page":10,"group_index":0,"default":[],"columns":[{"id":0,"label":"Value"},{"id":1,"label":"Label"}],"groups":[{"label":"Values","page":0,"disabled":"","mask_group":"","rows":[]}]},"datalist_field_text":"1","datalist_field_value":"0","breakpoint_size_25":"6","breakpoint_sizes":"","data_source_id":"","wsf-data-grid-auto-group":"0"}},{"label":"Email","type":"text","date_updated":"2020-10-22 21:05:47","sort_index":"3","id":"39647","meta":{"label_render":"on","required":"","hidden":"","autocomplete_off":"","default_value":"info","placeholder":"","help":"","prepend":"","append":"@wsform.com","aria_label":"","exclude_email":"","wc_exclude_cart":"","hidden_bypass":"","label_position":"default","label_column_width":"default","class_single_vertical_align":"","class_field_wrapper":"","class_field":"","disabled":"","readonly":"","min_length":"","max_length":"","min_length_words":"","max_length_words":"","input_mask":"","pattern":"","dedupe":"","dedupe_message":"","invalid_feedback_render":"on","invalid_feedback":"","custom_attributes":[],"data_grid_datalist":{"rows_per_page":10,"group_index":0,"default":[],"columns":[{"id":0,"label":"Value"},{"id":1,"label":"Label"}],"groups":[{"label":"Values","page":0,"disabled":"","mask_group":"","rows":[]}]},"datalist_field_text":"1","datalist_field_value":"0","breakpoint_size_25":"6","breakpoint_sizes":"","data_source_id":"","wsf-data-grid-auto-group":"0"}},{"label":"Twitter Handle","type":"text","date_updated":"2020-10-22 21:05:48","sort_index":"4","id":"39648","meta":{"label_render":"on","required":"","hidden":"","autocomplete_off":"","default_value":"ws_form","placeholder":"","help":"","prepend":"@","append":"","aria_label":"","exclude_email":"","wc_exclude_cart":"","hidden_bypass":"","label_position":"default","label_column_width":"default","class_single_vertical_align":"","class_field_wrapper":"","class_field":"","disabled":"","readonly":"","min_length":"","max_length":"","min_length_words":"","max_length_words":"","input_mask":"","pattern":"","dedupe":"","dedupe_message":"","invalid_feedback_render":"on","invalid_feedback":"","custom_attributes":[],"data_grid_datalist":{"rows_per_page":10,"group_index":0,"default":[],"columns":[{"id":0,"label":"Value"},{"id":1,"label":"Label"}],"groups":[{"label":"Values","page":0,"disabled":"","mask_group":"","rows":[]}]},"datalist_field_text":"1","datalist_field_value":"0","breakpoint_size_25":"6","breakpoint_sizes":"","data_source_id":"","wsf-data-grid-auto-group":"0"}},{"label":"Width","type":"text","date_updated":"2020-10-22 21:05:48","sort_index":"5","id":"39649","meta":{"label_render":"on","required":"","hidden":"","autocomplete_off":"","default_value":"","placeholder":"","help":"","prepend":"","append":"px","aria_label":"","exclude_email":"","wc_exclude_cart":"","hidden_bypass":"","label_position":"default","label_column_width":"default","class_single_vertical_align":"","class_field_wrapper":"","class_field":"","disabled":"","readonly":"","min_length":"","max_length":"","min_length_words":"","max_length_words":"","input_mask":"","pattern":"","dedupe":"","dedupe_message":"","invalid_feedback_render":"on","invalid_feedback":"","custom_attributes":[],"data_grid_datalist":{"rows_per_page":10,"group_index":0,"default":[],"columns":[{"id":0,"label":"Value"},{"id":1,"label":"Label"}],"groups":[{"label":"Values","page":0,"disabled":"","mask_group":"","rows":[]}]},"datalist_field_text":"1","datalist_field_value":"0","breakpoint_size_25":"6","breakpoint_sizes":"","data_source_id":"","wsf-data-grid-auto-group":"0"}},{"label":"Hashtag","type":"text","date_updated":"2020-10-22 21:05:48","sort_index":"6","id":"39650","meta":{"label_render":"on","required":"","hidden":"","autocomplete_off":"","default_value":"wordpress","placeholder":"","help":"","prepend":"#","append":"","aria_label":"","exclude_email":"","wc_exclude_cart":"","hidden_bypass":"","label_position":"default","label_column_width":"default","class_single_vertical_align":"","class_field_wrapper":"","class_field":"","disabled":"","readonly":"","min_length":"","max_length":"","min_length_words":"","max_length_words":"","input_mask":"","pattern":"","dedupe":"","dedupe_message":"","invalid_feedback_render":"on","invalid_feedback":"","custom_attributes":[],"data_grid_datalist":{"rows_per_page":10,"group_index":0,"default":[],"columns":[{"id":0,"label":"Value"},{"id":1,"label":"Label"}],"groups":[{"label":"Values","page":0,"disabled":"","mask_group":"","rows":[]}]},"datalist_field_text":"1","datalist_field_value":"0","breakpoint_size_25":"6","breakpoint_sizes":"","data_source_id":"","wsf-data-grid-auto-group":"0"}},{"label":"Icon","type":"text","date_updated":"2020-10-22 21:39:45","sort_index":"7","id":"39651","meta":{"label_render":"on","required":"","hidden":"","autocomplete_off":"","default_value":"","placeholder":"","help":"","prepend":"","append":"<svg height=\"16\" width=\"16\" viewBox=\"0 0 16 16\"><path fill=\"#skin_color_default\" d=\"M15 3v10h-14v-10h14zM16 2h-16v12h16v-12z\"><\/path><path fill=\"#skin_color_default\" d=\"M8 5h6v1h-6v-1z\"><\/path><path fill=\"#skin_color_default\" d=\"M8 7h6v1h-6v-1z\"><\/path><path fill=\"#skin_color_default\" d=\"M8 9h3v1h-3v-1z\"><\/path><path fill=\"#skin_color_default\" d=\"M5.4 7h-0.4v-0.1c0.6-0.2 1-0.8 1-1.4 0-0.8-0.7-1.5-1.5-1.5s-1.5 0.7-1.5 1.5c0 0.7 0.4 1.2 1 1.4v0.1h-0.4c-0.9 0-1.6 0.7-1.6 1.6v2.4h5v-2.4c0-0.9-0.7-1.6-1.6-1.6z\"><\/path><\/svg>","aria_label":"","exclude_email":"","wc_exclude_cart":"","hidden_bypass":"","label_position":"default","label_column_width":"default","class_single_vertical_align":"","class_field_wrapper":"","class_field":"","disabled":"","readonly":"","min_length":"","max_length":"","min_length_words":"","max_length_words":"","input_mask":"","pattern":"","dedupe":"","dedupe_message":"","invalid_feedback_render":"on","invalid_feedback":"","custom_attributes":[],"data_grid_datalist":{"rows_per_page":10,"group_index":0,"default":[],"columns":[{"id":0,"label":"Value"},{"id":1,"label":"Label"}],"groups":[{"label":"Values","page":0,"disabled":"","mask_group":"","rows":[]}]},"datalist_field_text":"1","datalist_field_value":"0","breakpoint_size_25":"6","breakpoint_sizes":"","data_source_id":"","wsf-data-grid-auto-group":"0"}},{"label":"Icon","type":"text","date_updated":"2020-10-22 21:40:01","sort_index":"8","id":"39652","meta":{"label_render":"on","required":"","hidden":"","autocomplete_off":"","default_value":"","placeholder":"","help":"","prepend":"<svg height=\"16\" width=\"16\" viewBox=\"0 0 16 16\"><path fill=\"#skin_color_default\" d=\"M0 3h16v2.4l-8 4-8-4z\"><\/path><path fill=\"#skin_color_default\" d=\"M0 14l5.5-4.8 2.5 1.4 2.5-1.4 5.5 4.8z\"><\/path><path fill=\"#skin_color_default\" d=\"M4.6 8.8l-4.6-2.3v6.5z\"><\/path><path fill=\"#skin_color_default\" d=\"M11.4 8.8l4.6-2.3v6.5z\"><\/path><\/svg>","append":"","aria_label":"","exclude_email":"","wc_exclude_cart":"","hidden_bypass":"","label_position":"default","label_column_width":"default","class_single_vertical_align":"","class_field_wrapper":"","class_field":"","disabled":"","readonly":"","min_length":"","max_length":"","min_length_words":"","max_length_words":"","input_mask":"","pattern":"","dedupe":"","dedupe_message":"","invalid_feedback_render":"on","invalid_feedback":"","custom_attributes":[],"data_grid_datalist":{"rows_per_page":10,"group_index":0,"default":[],"columns":[{"id":0,"label":"Value"},{"id":1,"label":"Label"}],"groups":[{"label":"Values","page":0,"disabled":"","mask_group":"","rows":[]}]},"datalist_field_text":"1","datalist_field_value":"0","breakpoint_size_25":"6","breakpoint_sizes":"","data_source_id":"","wsf-data-grid-auto-group":"0"}},{"label":"Icon","type":"text","date_updated":"2020-10-22 21:23:44","sort_index":"9","id":"39653","meta":{"label_render":"on","required":"","hidden":"","autocomplete_off":"","default_value":"","placeholder":"","help":"","prepend":"<svg height=\"16\" width=\"16\" viewBox=\"0 0 16 16\"><path fill=\"#skin_color_default\" d=\"M8 0c-5.6 0-2.9 7.3-2.9 7.3 0.6 1 1.4 0.8 1.4 1.5 0 0.6-0.7 0.8-1.4 0.9-1.1 0-2.1-0.2-3.1 1.6-0.6 1.1-0.9 4.7-0.9 4.7h13.7c0 0-0.3-3.6-0.8-4.7-1-1.9-2-1.6-3.1-1.7-0.7-0.1-1.4-0.3-1.4-0.9s0.8-0.4 1.4-1.5c0 0.1 2.7-7.2-2.9-7.2z\"><\/path><\/svg>","append":"","aria_label":"","exclude_email":"","wc_exclude_cart":"","hidden_bypass":"","label_position":"default","label_column_width":"default","class_single_vertical_align":"","class_field_wrapper":"","class_field":"","disabled":"","readonly":"","min_length":"","max_length":"","min_length_words":"","max_length_words":"","input_mask":"","pattern":"","dedupe":"","dedupe_message":"","invalid_feedback_render":"on","invalid_feedback":"","custom_attributes":[],"data_grid_datalist":{"rows_per_page":10,"group_index":0,"default":[],"columns":[{"id":0,"label":"Value"},{"id":1,"label":"Label"}],"groups":[{"label":"Values","page":0,"disabled":"","mask_group":"","rows":[]}]},"datalist_field_text":"1","datalist_field_value":"0","breakpoint_size_25":"6","breakpoint_sizes":"","data_source_id":"","wsf-data-grid-auto-group":"0"}},{"label":"Website Address","type":"text","date_updated":"2020-10-22 21:05:48","sort_index":"10","id":"39654","meta":{"label_render":"on","required":"","hidden":"","autocomplete_off":"","default_value":"","placeholder":"","help":"","prepend":"https:\/\/","append":"","aria_label":"","exclude_email":"","wc_exclude_cart":"","hidden_bypass":"","label_position":"default","label_column_width":"default","class_single_vertical_align":"","class_field_wrapper":"","class_field":"","disabled":"","readonly":"","min_length":"","max_length":"","min_length_words":"","max_length_words":"","input_mask":"","pattern":"","dedupe":"","dedupe_message":"","invalid_feedback_render":"on","invalid_feedback":"","custom_attributes":[],"data_grid_datalist":{"rows_per_page":10,"group_index":0,"default":[],"columns":[{"id":0,"label":"Value"},{"id":1,"label":"Label"}],"groups":[{"label":"Values","page":0,"disabled":"","mask_group":"","rows":[]}]},"datalist_field_text":"1","datalist_field_value":"0","breakpoint_size_25":"6","breakpoint_sizes":"","data_source_id":"","wsf-data-grid-auto-group":"0"}},{"label":"Select (with Select2 enabled)","type":"select","date_updated":"2020-10-22 21:05:48","sort_index":"11","id":"39655","meta":{"label_render":"on","required":"","hidden":"","multiple":"","size":"","placeholder_row":"Select...","help":"","select2_intro":"","select2":"on","select2_ajax":"","prepend":"Prefix","append":"Suffix","aria_label":"","exclude_email":"","wc_exclude_cart":"","hidden_bypass":"","label_position":"default","label_column_width":"default","class_single_vertical_align":"","class_field_wrapper":"","class_field":"","disabled":"","select_min":"","select_max":"","dedupe_value_scope":"","invalid_feedback_render":"on","invalid_feedback":"","custom_attributes":[],"data_grid_select":{"rows_per_page":10,"group_index":0,"default":[],"columns":[{"id":0,"label":"State"},{"id":1,"label":"Abbreviation"}],"groups":[{"label":"States (US)","page":0,"disabled":"","mask_group":"","rows":[{"id":1,"default":"","disabled":"","required":"","hidden":"","data":["Alabama","AL"]},{"id":2,"default":"","disabled":"","required":"","hidden":"","data":["Alaska","AK"]},{"id":3,"default":"","disabled":"","required":"","hidden":"","data":["Arizona","AZ"]},{"id":4,"default":"","disabled":"","required":"","hidden":"","data":["Arkansas","AR"]},{"id":5,"default":"","disabled":"","required":"","hidden":"","data":["California","CA"]},{"id":6,"default":"","disabled":"","required":"","hidden":"","data":["Colorado","CO"]},{"id":7,"default":"","disabled":"","required":"","hidden":"","data":["Connecticut","CT"]},{"id":8,"default":"","disabled":"","required":"","hidden":"","data":["Delaware","DE"]},{"id":9,"default":"","disabled":"","required":"","hidden":"","data":["District of Columbia","DC"]},{"id":10,"default":"","disabled":"","required":"","hidden":"","data":["Florida","FL"]},{"id":11,"default":"","disabled":"","required":"","hidden":"","data":["Georgia","GA"]},{"id":12,"default":"","disabled":"","required":"","hidden":"","data":["Hawaii","HI"]},{"id":13,"default":"","disabled":"","required":"","hidden":"","data":["Idaho","ID"]},{"id":14,"default":"","disabled":"","required":"","hidden":"","data":["Illinois","IL"]},{"id":15,"default":"","disabled":"","required":"","hidden":"","data":["Indiana","IN"]},{"id":16,"default":"","disabled":"","required":"","hidden":"","data":["Iowa","IA"]},{"id":17,"default":"","disabled":"","required":"","hidden":"","data":["Kansas","KS"]},{"id":18,"default":"","disabled":"","required":"","hidden":"","data":["Kentucky","KY"]},{"id":19,"default":"","disabled":"","required":"","hidden":"","data":["Louisiana","LA"]},{"id":20,"default":"","disabled":"","required":"","hidden":"","data":["Maine","ME"]},{"id":21,"default":"","disabled":"","required":"","hidden":"","data":["Maryland","MD"]},{"id":22,"default":"","disabled":"","required":"","hidden":"","data":["Massachusetts","MA"]},{"id":23,"default":"","disabled":"","required":"","hidden":"","data":["Michigan","MI"]},{"id":24,"default":"","disabled":"","required":"","hidden":"","data":["Minnesota","MN"]},{"id":25,"default":"","disabled":"","required":"","hidden":"","data":["Mississippi","MS"]},{"id":26,"default":"","disabled":"","required":"","hidden":"","data":["Missouri","MO"]},{"id":27,"default":"","disabled":"","required":"","hidden":"","data":["Montana","MT"]},{"id":28,"default":"","disabled":"","required":"","hidden":"","data":["Nebraska","NE"]},{"id":29,"default":"","disabled":"","required":"","hidden":"","data":["Nevada","NV"]},{"id":30,"default":"","disabled":"","required":"","hidden":"","data":["New Hampshire","NH"]},{"id":31,"default":"","disabled":"","required":"","hidden":"","data":["New Jersey","NJ"]},{"id":32,"default":"","disabled":"","required":"","hidden":"","data":["New Mexico","NM"]},{"id":33,"default":"","disabled":"","required":"","hidden":"","data":["New York","NY"]},{"id":34,"default":"","disabled":"","required":"","hidden":"","data":["North Carolina","NC"]},{"id":35,"default":"","disabled":"","required":"","hidden":"","data":["North Dakota","ND"]},{"id":36,"default":"","disabled":"","required":"","hidden":"","data":["Ohio","OH"]},{"id":37,"default":"","disabled":"","required":"","hidden":"","data":["Oklahoma","OK"]},{"id":38,"default":"","disabled":"","required":"","hidden":"","data":["Oregon","OR"]},{"id":39,"default":"","disabled":"","required":"","hidden":"","data":["Pennsylvania","PA"]},{"id":40,"default":"","disabled":"","required":"","hidden":"","data":["Rhode Island","RI"]},{"id":41,"default":"","disabled":"","required":"","hidden":"","data":["South Carolina","SC"]},{"id":42,"default":"","disabled":"","required":"","hidden":"","data":["South Dakota","SD"]},{"id":43,"default":"","disabled":"","required":"","hidden":"","data":["Tennessee","TN"]},{"id":44,"default":"","disabled":"","required":"","hidden":"","data":["Texas","TX"]},{"id":45,"default":"","disabled":"","required":"","hidden":"","data":["Utah","UT"]},{"id":46,"default":"","disabled":"","required":"","hidden":"","data":["Vermont","VT"]},{"id":47,"default":"","disabled":"","required":"","hidden":"","data":["Virginia","VA"]},{"id":48,"default":"","disabled":"","required":"","hidden":"","data":["Washington","WA"]},{"id":49,"default":"","disabled":"","required":"","hidden":"","data":["West Virginia","WV"]},{"id":50,"default":"","disabled":"","required":"","hidden":"","data":["Wisconsin","WI"]},{"id":51,"default":"","disabled":"","required":"","hidden":"","data":["Wyoming","WY"]}]}]},"data_grid_rows_randomize":"","select_field_label":"0","select_field_value":"0","select_field_parse_variable":"0","select_field_wc":"0","select_cascade":"","select_cascade_field_filter":"0","select_cascade_field_id":"","select_cascade_no_match":"","select_cascade_option_text_no_rows":"","select_cascade_ajax":"","select_cascade_ajax_option_text_loading":"","breakpoint_sizes":"","data_source_id":"","wsf-data-grid-auto-group":"0","data_source_preset_preset_id":"10615","data_source_preset_get":"","data_source_get":""}}]}],"meta":{"label_render":"","class_group_wrapper":""}}],"meta":{"label_render":"","submit_on_enter":"","invalid_field_focus":"on","submit_lock":"on","submit_unlock":"on","submit_reload":"on","submit_show_errors":"on","form_action":"","cookie_tab_index":"on","tab_validation":"","label_position_form":"top","label_column_width_form":"3","label_required":"on","label_mask_required":"","class_form_wrapper":"","class_group_wrapper":"","class_section_wrapper":"","class_field_wrapper":"","class_field":"","label_mask_form":"","label_mask_group":"","label_mask_section":"","action_humanpresence_intro":"","action_humanpresence_not_enabled":"","action_akismetv1_intro":"","action_akismetv1_not_enabled":"","honeypot":"","spam_threshold":"50","submit_limit":"","submit_limit_count":"","submit_limit_period":"","submit_limit_message":"","submit_limit_message_type":"information","schedule_start":"","schedule_start_datetime":"","schedule_start_message":"","schedule_start_message_type":"information","schedule_end":"","schedule_end_datetime":"","schedule_end_message":"","schedule_end_message_type":"information","user_limit_logged_in":"","user_limit_logged_in_message_type":"danger","user_limit_logged_in_message":"","analytics_google":"","analytics_google_event_tab":"on","analytics_google_event_field":"on","tracking_remote_ip":"","tracking_agent":"","tracking_referrer":"","tracking_os":"","tracking_host":"","tracking_pathname":"","tracking_query_string":"","tracking_geo_location":"","tracking_ip_lookup_latlon":"","tracking_ip_lookup_city":"","tracking_ip_lookup_region":"","tracking_ip_lookup_country":"","tracking_utm_source":"","tracking_utm_medium":"","tracking_utm_campaign":"","tracking_utm_term":"","tracking_utm_content":"","form_populate_enabled":"","form_populate_action_id":"","form_populate_list_id":"","action_post_form_populate_post_id":"","action_user_form_populate_field_mapping":[],"form_populate_field_mapping":[],"action_post_form_populate_field_mapping_acf":"","action_post_form_populate_meta_mapping":"","action_user_form_populate_field_mapping_acf":[],"action_user_form_populate_meta_mapping":[],"form_populate_tag_mapping":[],"wc_form_assign_intro":"","wc_form_assign":"","wc_form_assign_product_cat_include_mapping":"","wc_form_assign_product_tag_include_mapping":"","wc_form_assign_product_include_mapping":"","wc_form_assign_product_cat_exclude_mapping":"","wc_form_assign_product_tag_exclude_mapping":"","wc_form_assign_product_exclude_mapping":"","wc_catalog_add_to_cart_text":"Select options","wc_price_disable":"","wc_price_prefix":"","wc_price_suffix":"","wc_product_price_variation_hide":"","wc_product_add_to_cart_hide":"","wc_product_quantity_hide":"","wc_product_form_validate":"","wc_product_clear_hidden_meta_values":"on","wc_cart_edit":"","wc_cart_price_plugin_allow_negative":"","wc_actions_fire":"on","breakpoint":"25","tab_index":"0","action":{"rows_per_page":10,"group_index":0,"default":[],"columns":[{"id":0,"label":"Action"},{"id":1,"label":"Data"}],"groups":[{"label":"Actions","page":0,"disabled":"","mask_group":"","rows":[{"id":1,"default":"","required":"","disabled":"","hidden":"","data":["Save Submission","{\"id\":\"database\",\"meta\":{\"action_database_field_filter\":\"\",\"action_database_field_filter_mapping\":\"\",\"action_database_expire\":\"\",\"action_database_expire_duration\":\"90\"},\"events\":[\"save\",\"submit\"]}"]},{"id":2,"default":"","required":"","disabled":"","hidden":"","data":["Show Message","{\"id\":\"message\",\"meta\":{\"action_message_type\":\"success\",\"action_message_message\":\"Thank you for your submission.\",\"action_message_method\":\"before\",\"action_message_form_hide\":\"on\",\"action_message_clear\":\"on\",\"action_message_scroll_top\":\"\",\"action_message_scroll_top_offset\":\"0\",\"action_message_scroll_top_duration\":\"400\",\"action_message_duration\":\"\",\"action_message_message_hide\":\"\",\"action_message_form_show\":\"\"},\"events\":[\"submit\"]}"]},{"id":3,"default":"","required":"","disabled":"","hidden":"","data":["Send Email","{\"id\":\"email\",\"meta\":{\"action_email_from_email\":\"#blog_admin_email\",\"action_email_from_name\":\"#blog_name\",\"action_email_to\":[{\"action_email_email\":\"#blog_admin_email\",\"action_email_name\":\"#blog_name\"}],\"action_email_cc\":\"\",\"action_email_bcc\":\"\",\"action_email_reply_to_email\":\"\",\"action_email_subject\":\"#form_label\",\"action_email_attachments\":\"\",\"action_email_message_editor\":\"text_editor\",\"action_email_message_wrapper\":\"on\",\"action_email_message_textarea\":\"#email_submission\",\"action_email_message_text_editor\":\"<h3>#email_subject<\\\/h3>\\n\\n#email_submission\",\"action_email_message_html_editor\":\"<h1>#email_subject<\\\/h1>\\n\\n#email_submission\",\"action_email_clear_hidden_meta_values\":\"on\",\"action_email_content_type\":\"text\\\/html\",\"action_email_headers\":\"\",\"action_email_charset\":\"#blog_charset\"},\"events\":[\"submit\"]}"]}]}]},"field_select":"","form_history":"","knowledgebase":"","contact_first_name":"","contact_last_name":"","contact_email":"","contact_inquiry":"","contact_push_form":"","contact_push_system":"","contact_gdpr":"","contact_submit":""},"identifier":"ws_form","version":"1.7.83","time":1603402808,"checksum":"77da680d09f6a2c5661c78d976aed775"}