{"label":"Quiz","status":"draft","count_stat_view":"0","count_stat_save":"0","count_stat_submit":"0","count_submit":0,"count_submit_unread":"2","id":"1780","groups":[{"label":"Tab","sort_index":"1","id":"3044","sections":[{"label":"Section","child_count":"0","sort_index":"1","id":"5081","meta":{"label_render":"","hidden_section":"","section_repeatable":"","section_repeat_label":"","section_repeat_default":"","class_single_vertical_align":"","class_section_wrapper":"","disabled_section":"","section_repeat_min":"","section_repeat_max":"","section_repeatable_delimiter_section":",","section_repeatable_delimiter_row":";"},"fields":[{"label":"Question 1","type":"radio","date_updated":"2020-05-14 21:25:19","sort_index":"1","id":"23653","meta":{"label_render":"on","label_position":"default","label_column_width":"default","required":"on","hidden":"","help":"","orientation":"","aria_label":"","exclude_email":"","wc_exclude_cart":"","class_single_vertical_align":"","class_field_wrapper":"","class_field":"","invalid_feedback_render":"on","invalid_feedback":"Please provide an answer.","data_grid_radio":{"rows_per_page":10,"group_index":0,"default":[],"columns":[{"id":0,"label":"Label"},{"id":1,"label":"Value"}],"groups":[{"label":"Radios","page":0,"disabled":"","mask_group":"","rows":[{"id":1,"default":"","required":"","disabled":"","hidden":"","data":["Answer 1","1"]},{"id":2,"default":"","required":"","disabled":"","hidden":"","data":["Answer 2","2"]},{"id":3,"default":"","required":"","disabled":"","hidden":"","data":["Answer 3","3"]}]}]},"radio_field_label":"0","radio_field_value":"1","radio_field_parse_variable":"0","data_grid_rows_randomize":"on","radio_cascade":"","radio_cascade_field_filter":"0","radio_cascade_field_id":"","class_inline":"","breakpoint_sizes":"","wsf-data-grid-auto-group":"0","orientation_breakpoint_sizes":""}},{"label":"Question 2","type":"radio","date_updated":"2020-05-14 21:25:20","sort_index":"2","id":"23654","meta":{"label_render":"on","label_position":"default","label_column_width":"default","required":"on","hidden":"","help":"","orientation":"","aria_label":"","exclude_email":"","wc_exclude_cart":"","class_single_vertical_align":"","class_field_wrapper":"","class_field":"","invalid_feedback_render":"on","invalid_feedback":"Please provide an answer.","data_grid_radio":{"rows_per_page":10,"group_index":0,"default":[],"columns":[{"id":0,"label":"Label"},{"id":1,"label":"Value"}],"groups":[{"label":"Radios","page":0,"disabled":"","mask_group":"","rows":[{"id":1,"default":"","required":"","disabled":"","hidden":"","data":["Answer 4","1"]},{"id":2,"default":"","required":"","disabled":"","hidden":"","data":["Answer 5","2"]},{"id":3,"default":"","required":"","disabled":"","hidden":"","data":["Answer 6","3"]}]}]},"radio_field_label":"0","radio_field_value":"1","radio_field_parse_variable":"0","data_grid_rows_randomize":"on","radio_cascade":"","radio_cascade_field_filter":"0","radio_cascade_field_id":"","class_inline":"","breakpoint_sizes":"","wsf-data-grid-auto-group":"0","orientation_breakpoint_sizes":""}},{"label":"Question 3","type":"radio","date_updated":"2020-05-14 21:25:20","sort_index":"3","id":"23655","meta":{"label_render":"on","label_position":"default","label_column_width":"default","required":"on","hidden":"","help":"","orientation":"","aria_label":"","exclude_email":"","wc_exclude_cart":"","class_single_vertical_align":"","class_field_wrapper":"","class_field":"","invalid_feedback_render":"on","invalid_feedback":"Please provide an answer.","data_grid_radio":{"rows_per_page":10,"group_index":0,"default":[],"columns":[{"id":0,"label":"Label"},{"id":1,"label":"Value"}],"groups":[{"label":"Radios","page":0,"disabled":"","mask_group":"","rows":[{"id":1,"default":"","required":"","disabled":"","hidden":"","data":["Answer 7","1"]},{"id":2,"default":"","required":"","disabled":"","hidden":"","data":["Answer 8","2"]},{"id":3,"default":"","required":"","disabled":"","hidden":"","data":["Answer 9","3"]}]}]},"radio_field_label":"0","radio_field_value":"1","radio_field_parse_variable":"0","data_grid_rows_randomize":"on","radio_cascade":"","radio_cascade_field_filter":"0","radio_cascade_field_id":"","class_inline":"","breakpoint_sizes":"","wsf-data-grid-auto-group":"0","orientation_breakpoint_sizes":""}},{"label":"Question 4","type":"radio","date_updated":"2020-05-14 21:25:20","sort_index":"4","id":"23656","meta":{"label_render":"on","label_position":"default","label_column_width":"default","required":"on","hidden":"","help":"","orientation":"","aria_label":"","exclude_email":"","wc_exclude_cart":"","class_single_vertical_align":"","class_field_wrapper":"","class_field":"","invalid_feedback_render":"on","invalid_feedback":"Please provide an answer.","data_grid_radio":{"rows_per_page":10,"group_index":0,"default":[],"columns":[{"id":0,"label":"Label"},{"id":1,"label":"Value"}],"groups":[{"label":"Radios","page":0,"disabled":"","mask_group":"","rows":[{"id":1,"default":"","required":"","disabled":"","hidden":"","data":["Answer 10","1"]},{"id":2,"default":"","required":"","disabled":"","hidden":"","data":["Answer 11","2"]},{"id":3,"default":"","required":"","disabled":"","hidden":"","data":["Answer 12","3"]}]}]},"radio_field_label":"0","radio_field_value":"1","radio_field_parse_variable":"0","data_grid_rows_randomize":"on","radio_cascade":"","radio_cascade_field_filter":"0","radio_cascade_field_id":"","class_inline":"","breakpoint_sizes":"","wsf-data-grid-auto-group":"0","orientation_breakpoint_sizes":""}},{"label":"Score","type":"hidden","date_updated":"2020-05-14 21:25:20","sort_index":"5","id":"23657","meta":{"default_value":"#calc(#field(23653)+#field(23654)+#field(23655)+#field(23656))","exclude_email":"on","wc_exclude_cart":"on"}},{"label":"Submit","type":"submit","date_updated":"2020-05-14 21:25:20","sort_index":"6","id":"23658","meta":{"hidden":"","help":"","aria_label":"","class_single_vertical_align":"bottom","class_field_button_type":"primary","class_field_full_button_remove":"","class_field_wrapper":"","class_field":"","disabled":"","custom_attributes":[],"breakpoint_sizes":""}}]}],"meta":{"label_render":"","class_group_wrapper":""}}],"meta":{"label_render":"","analytics_google":"","analytics_google_event_tab":"on","analytics_google_event_field":"on","tracking_remote_ip":"","tracking_agent":"","tracking_referrer":"","tracking_os":"","tracking_host":"","tracking_pathname":"","tracking_query_string":"","tracking_geo_location":"","tracking_ip_lookup_latlon":"","tracking_ip_lookup_city":"","tracking_ip_lookup_region":"","tracking_ip_lookup_country":"","tracking_utm_source":"","tracking_utm_medium":"","tracking_utm_campaign":"","tracking_utm_term":"","tracking_utm_content":"","honeypot":"","spam_threshold":"50","label_mask_form":"","class_form_wrapper":"","submit_on_enter":"","submit_lock":"on","submit_unlock":"on","submit_reload":"on","submit_show_errors":"on","form_action":"","cookie_tab_index":"on","tab_validation":"","label_mask_group":"","class_group_wrapper":"","label_mask_section":"","class_section_wrapper":"","invalid_field_focus":"on","class_field_wrapper":"","class_field":"","label_position_form":"top","label_column_width_form":"3","label_required":"on","label_mask_required":"","submit_limit":"","submit_limit_count":"","submit_limit_period":"","submit_limit_message":"","submit_limit_message_type":"information","schedule_start":"","schedule_start_datetime":"","schedule_start_message":"","schedule_start_message_type":"information","schedule_end":"","schedule_end_datetime":"","schedule_end_message":"","schedule_end_message_type":"information","user_limit_logged_in":"","user_limit_logged_in_message":"","user_limit_logged_in_message_type":"danger","form_populate_enabled":"","form_populate_action_id":"","form_populate_list_id":"","action_post_form_populate_post_id":"#query_var(\"post_id\")","action_user_form_populate_field_mapping":"","form_populate_field_mapping":"","action_post_form_populate_field_mapping_acf":"","action_post_form_populate_meta_mapping":"","action_user_form_populate_field_mapping_acf":"","action_user_form_populate_meta_mapping":"","form_populate_tag_mapping":"","wc_form_assign_intro":"","wc_form_assign":"","wc_form_assign_product_cat_include_mapping":"","wc_form_assign_product_tag_include_mapping":"","wc_form_assign_product_include_mapping":"","wc_form_assign_product_cat_exclude_mapping":"","wc_form_assign_product_tag_exclude_mapping":"","wc_form_assign_product_exclude_mapping":"","wc_catalog_add_to_cart_text":"Select options","wc_price_disable":"","wc_price_prefix":"","wc_price_suffix":"","wc_product_price_variation_hide":"","wc_product_add_to_cart_hide":"","wc_product_quantity_hide":"","wc_product_form_validate":"","wc_cart_edit":"","wc_cart_price_plugin_allow_negative":"","wc_actions_fire":"on","breakpoint":"25","tab_index":"0","action":{"rows_per_page":10,"group_index":0,"default":[],"columns":[{"id":0,"label":"Action"},{"id":1,"label":"Data"}],"groups":[{"label":"Actions","page":0,"disabled":"","mask_group":"","rows":[{"id":1,"default":"","required":"","disabled":"","hidden":"","data":["Save Submission","{\"id\":\"database\",\"meta\":{\"action_database_field_filter\":\"\",\"action_database_field_filter_mapping\":\"\",\"action_database_expire\":\"\",\"action_database_expire_duration\":\"90\"},\"events\":[\"save\",\"submit\"]}"]},{"id":2,"default":"","required":"","disabled":"","hidden":"","data":["Show Message","{\"id\":\"message\",\"meta\":{\"action_message_message\":\"Thank you for taking our quiz. You scored #field(23657)!\",\"action_message_type\":\"success\",\"action_message_method\":\"before\",\"action_message_form_hide\":\"on\",\"action_message_clear\":\"on\",\"action_message_scroll_top\":\"\",\"action_message_scroll_top_offset\":\"\",\"action_message_scroll_top_duration\":\"\",\"action_message_duration\":\"\",\"action_message_message_hide\":\"\",\"action_message_form_show\":\"\"},\"events\":[\"submit\"]}"]},{"id":3,"default":"","required":"","disabled":"","hidden":"","data":["Send Email","{\"id\":\"email\",\"meta\":{\"action_email_content_type\":\"text\\\/html\",\"action_email_from_email\":\"#blog_admin_email\",\"action_email_from_name\":\"#blog_name\",\"action_email_to\":[{\"action_email_email\":\"#blog_admin_email\",\"action_email_name\":\"#blog_name\"}],\"action_email_cc\":\"\",\"action_email_bcc\":\"\",\"action_email_reply_to_email\":\"\",\"action_email_subject\":\"#form_label\",\"action_email_message_editor\":\"text_editor\",\"action_email_message_wrapper\":\"on\",\"action_email_message_textarea\":\"#email_submission\",\"action_email_message_text_editor\":\"<h3>#email_subject<\\\/h3>\\n\\n#email_submission\",\"action_email_message_html_editor\":\"<h3>#email_subject<\\\/h3>\\n\\n#email_submission\",\"action_email_attachments\":\"\",\"action_email_headers\":\"\",\"action_email_charset\":\"#blog_charset\",\"action_email_pdf_attach\":\"\"},\"events\":[\"submit\"]}"]}]}]},"invalid_field_scroll":"","field_select":"","form_history":"","knowledgebase":"","contact_inquiry":"","contact_push_form":"","contact_push_system":"","contact_gdpr":"","contact_submit":"","contact_first_name":"","contact_last_name":"","contact_email":""},"identifier":"ws_form","version":"1.6.9","time":1589491614,"checksum":"ec9242df78e657339fd15dc25d1422cd"}